32,32,0A,0.0639051,-0.828808,-0.15049,-0.535114,101.688,11.1838,-227.588,101.688,11.1838,-227.588,0.0943622
40,40,0A,0.061764,-0.829277,-0.148154,-0.53529,101.654,11.1845,-227.533,101.654,11.1845,-227.533,0.085553
48,48,0A,0.0607962,-0.829416,-0.144622,-0.53615,101.633,11.4167,-227.625,101.633,11.4167,-227.625,0.0739031
56,56,0A,0.0579651,-0.829943,-0.141139,-0.536577,101.595,11.4828,-227.671,101.595,11.4828,-227.671,0.0794356
64,64,0A,0.0552505,-0.830592,-0.138117,-0.536645,101.641,11.7353,-227.558,101.641,11.7353,-227.558,0.0886601
72,72,0A,0.0530659,-0.831421,-0.134236,-0.536567,101.582,11.755,-227.537,101.582,11.755,-227.537,0.0886524
80,80,0A,0.0521463,-0.8311,-0.130236,-0.538138,101.635,11.9364,-227.582,101.635,11.9364,-227.582,0.0626251
88,88,0A,0.0495932,-0.831254,-0.128125,-0.538648,101.509,12.0693,-227.746,101.509,12.0693,-227.746,0.0787127
96,96,0A,0.0471956,-0.83137,-0.125633,-0.539271,101.528,12.1446,-227.718,101.528,12.1446,-227.718,0.085649
104,104,0A,0.0447151,-0.831293,-0.123727,-0.540041,101.527,12.1917,-227.684,101.527,12.1917,-227.684,0.0760163
112,112,0A,0.0432784,-0.831752,-0.120573,-0.540165,101.492,12.3142,-227.723,101.492,12.3142,-227.723,0.0824199
120,120,0A,0.0407356,-0.832559,-0.11811,-0.539664,101.441,12.3698,-227.709,101.441,12.3698,-227.709,0.0839015
128,128,0A,0.0390757,-0.833832,-0.11417,-0.538668,101.415,12.4363,-227.641,101.415,12.4363,-227.641,0.0853889
136,136,0A,0.0374764,-0.834716,-0.111281,-0.538016,101.409,12.6366,-227.51,101.409,12.6366,-227.51,0.0800374
144,144,0A,0.0352241,-0.835671,-0.108368,-0.53728,101.409,12.6208,-227.587,101.409,12.6208,-227.587,0.0821388
152,152,0A,0.0346417,-0.836423,-0.103893,-0.537032,101.378,12.864,-227.541,101.378,12.864,-227.541,0.078101
160,160,0A,0.0326587,-0.837024,-0.0997707,-0.537002,101.487,13.0214,-227.528,101.487,13.0214,-227.528,0.0923853
168,168,0A,0.0317701,-0.837378,-0.0975358,-0.536912,101.422,13.3302,-227.394,101.422,13.3302,-227.394,0.089768
176,176,0A,0.0315739,-0.838195,-0.0950738,-0.536091,101.371,13.6821,-227.407,101.371,13.6821,-227.407,0.0947398
184,184,0A,0.0322819,-0.839234,-0.0905356,-0.535208,101.477,14.2475,-227.28,101.477,14.2475,-227.28,0.0812001
192,192,0A,0.0310453,-0.840737,-0.0872459,-0.533466,101.435,14.4318,-227.189,101.435,14.4318,-227.189,0.0829371
200,200,0A,0.0302549,-0.841012,-0.0878595,-0.532977,101.329,14.8952,-227.071,101.329,14.8952,-227.071,0.0833419
208,208,0A,0.0289484,-0.841048,-0.0871259,-0.533114,101.336,15.1931,-227.211,101.336,15.1931,-227.211,0.0899
216,216,0A,0.0277121,-0.841041,-0.0844238,-0.533624,101.364,15.6438,-227.158,101.364,15.6438,-227.158,0.0912504
224,224,0A,0.026546,-0.841193,-0.0810525,-0.533967,101.38,15.8751,-227.06,101.38,15.8751,-227.06,0.0852341
232,232,0A,0.0246005,-0.840837,-0.0781337,-0.535055,101.37,15.9897,-227.11,101.37,15.9897,-227.11,0.077976
240,240,0A,0.0211145,-0.840268,-0.0754271,-0.536485,101.356,16.059,-227.308,101.356,16.059,-227.308,0.0809598
248,248,0A,0.0182435,-0.839652,-0.0717232,-0.538059,101.346,16.279,-227.27,101.346,16.279,-227.27,0.0773804
256,256,0A,0.0170822,-0.839714,-0.0650412,-0.53885,101.27,16.4075,-227.319,101.27,16.4075,-227.319,0.0763184
264,264,0A,0.0146015,-0.839091,-0.0600161,-0.540472,101.309,16.616,-227.423,101.309,16.616,-227.423,0.0693887
272,272,0A,0.0107957,-0.838761,-0.0561947,-0.541484,101.243,16.7722,-227.424,101.243,16.7722,-227.424,0.0763345
280,280,0A,0.00888182,-0.838597,-0.0528363,-0.542112,101.251,17.1456,-227.363,101.251,17.1456,-227.363,0.0824523
288,288,0A,0.00734494,-0.838318,-0.048331,-0.542985,101.218,17.5313,-227.276,101.218,17.5313,-227.276,0.0790353
296,296,0A,0.00615027,-0.838065,-0.0414382,-0.543961,101.187,17.8335,-227.435,101.187,17.8335,-227.435,0.0794963
304,304,0A,0.00337372,-0.837836,-0.0352082,-0.544775,101.146,17.9174,-227.519,101.146,17.9174,-227.519,0.0753833
312,312,0A,0.00183948,0.837344,0.0348905,0.545559,101.207,18.1651,-227.539,101.207,18.1651,-227.539,0.0798763
320,320,0A,0.00389641,0.837295,0.0328419,0.54575,101.104,18.5446,-227.568,101.104,18.5446,-227.568,0.0756616
328,328,0A,0.00555014,0.837061,0.0294346,0.546289,101.131,18.9647,-227.571,101.131,18.9647,-227.571,0.0760071
336,336,0A,0.00929159,0.836672,0.0249796,0.547055,101.208,19.0731,-227.658,101.208,19.0731,-227.658,0.0652472
344,344,0A,0.0118252,0.836283,0.0198278,0.547811,101.174,19.2557,-227.655,101.174,19.2557,-227.655,0.075554
352,352,0A,0.013016,0.835123,0.0151068,0.549702,101.11,19.5453,-227.882,101.11,19.5453,-227.882,0.0739867
360,360,0A,0.0140663,0.833756,0.0108971,0.551846,101.121,19.7177,-227.934,101.121,19.7177,-227.934,0.0702417
368,368,0A,0.0171726,0.83272,0.00837214,0.553365,101.041,19.7592,-227.968,101.041,19.7592,-227.968,0.0740531
376,376,0A,0.0221265,0.831879,0.00716296,0.55447,101.029,19.7489,-228.096,101.029,19.7489,-228.096,0.0839824
384,384,0A,0.0235712,0.830821,0.00330149,0.556031,101.067,19.9891,-228.296,101.067,19.9891,-228.296,0.068499
392,392,0A,0.0235639,0.830334,0.00124849,0.556766,101.094,20.5059,-228.246,101.094,20.5059,-228.246,0.0668161
400,400,0A,0.0243296,0.830601,0.000653095,0.556336,101.017,21.0547,-228.317,101.017,21.0547,-228.317,0.0677588
408,408,0A,0.0264345,0.830714,0.000363888,0.556071,101.055,21.5446,-228.399,101.055,21.5446,-228.399,0.072246
416,416,0A,0.0292528,0.830733,-0.000263713,0.555902,101.065,21.896,-228.535,101.065,21.896,-228.535,0.0701728
424,424,0A,0.0301847,0.830713,-0.00236758,0.555878,101.01,22.3187,-228.344,101.01,22.3187,-228.344,0.0709887
432,432,0A,0.0328646,0.830017,-0.00333162,0.55676,101.104,22.516,-228.591,101.104,22.516,-228.591,0.0663512
440,440,0A,0.0361793,0.829339,-0.00528623,0.557548,101.06,22.5721,-228.607,101.06,22.5721,-228.607,0.0712848
448,448,0A,0.0378445,0.828844,-0.00845416,0.558135,101.04,22.6631,-228.645,101.04,22.6631,-228.645,0.0695697
456,456,0A,0.0413935,0.828267,-0.00968344,0.558719,101.078,22.6215,-228.651,101.078,22.6215,-228.651,0.059665
464,464,0A,0.0445499,0.827676,-0.0102103,0.559342,101.109,22.8876,-228.707,101.109,22.8876,-228.707,0.0717166
472,472,0A,0.0458407,0.82722,-0.0126017,0.559862,101.057,23.017,-228.771,101.057,23.017,-228.771,0.075064
480,480,0A,0.0470429,0.826922,-0.0131995,0.56019,101.106,23.4662,-228.944,101.106,23.4662,-228.944,0.0710749
488,488,0A,0.0469533,0.826917,-0.0147967,0.560165,101.107,24.0515,-228.862,101.107,24.0515,-228.862,0.063958
496,496,0A,0.0482232,0.82687,-0.0171506,0.56006,101.124,24.4642,-229.247,101.124,24.4642,-229.247,0.0727087
504,504,0A,0.0497277,0.826652,-0.0179346,0.560224,101.124,25.0531,-229.446,101.124,25.0531,-229.446,0.076181
512,512,0A,0.0488403,0.825937,-0.0208758,0.561255,101.159,25.5454,-229.494,101.159,25.5454,-229.494,0.0641547
520,520,0A,0.0509431,0.824822,-0.0228226,0.56263,101.096,25.7142,-229.817,101.096,25.7142,-229.817,0.0571546
528,528,0A,0.0536471,0.823815,-0.0231537,0.563839,101.086,26.0073,-230.009,101.086,26.0073,-230.009,0.0697718
536,536,0A,0.0549083,0.823395,-0.0236916,0.564309,101.08,26.3757,-230.126,101.08,26.3757,-230.126,0.0675513
544,544,0A,0.0549918,0.82341,-0.0246755,0.564236,101.125,26.6072,-230.142,101.125,26.6072,-230.142,0.0663472
552,552,0A,0.0570021,0.823508,-0.0247695,0.56389,101.051,26.7658,-230.389,101.051,26.7658,-230.389,0.0663028
560,560,0A,0.058835,0.823403,-0.0231508,0.563925,101.135,27.0855,-230.516,101.135,27.0855,-230.516,0.0747369
568,568,0A,0.0570948,0.823295,-0.0244723,0.564204,101.131,27.4004,-230.66,101.131,27.4004,-230.66,0.065071
576,576,0A,0.0557796,0.82294,-0.0255755,0.564805,101.177,27.7396,-230.667,101.177,27.7396,-230.667,0.0545071
584,584,0A,0.0572445,0.822959,-0.02567,0.564626,101.169,27.9719,-230.772,101.169,27.9719,-230.772,0.0597334
592,592,0A,0.0586243,0.823509,-0.0256501,0.563683,101.112,28.1664,-230.801,101.112,28.1664,-230.801,0.0616792
600,600,0A,0.0595555,0.823723,-0.0260568,0.563253,101.151,28.3496,-230.993,101.151,28.3496,-230.993,0.0608138
608,608,0A,0.0605814,0.824019,-0.0255457,0.562734,101.147,28.6211,-230.971,101.147,28.6211,-230.971,0.0588957
616,616,0A,0.0600664,0.82424,-0.0256406,0.562461,101.135,28.8708,-231.37,101.135,28.8708,-231.37,0.0591746
624,624,0A,0.0601693,0.824025,-0.0258717,0.562755,101.171,28.9272,-231.281,101.171,28.9272,-231.281,0.0502851
632,632,0A,0.0605504,0.824009,-0.0258254,0.562741,101.198,29.1015,-231.287,101.198,29.1015,-231.287,0.0516215
640,640,0A,0.0584324,0.824004,-0.0279463,0.56287,100.962,28.6041,-230.93,100.962,28.6041,-230.93,0.0744363
648,648,0A,0.0594279,0.824124,-0.0271648,0.562629,100.982,28.7231,-230.961,100.982,28.7231,-230.961,0.0676074
656,656,0A,0.0597926,0.824329,-0.0277828,0.562259,100.961,28.8471,-231.092,100.961,28.8471,-231.092,0.0644135
664,664,0A,0.0609296,0.824259,-0.0257994,0.562333,101.119,28.9736,-231.294,101.119,28.9736,-231.294,0.0515881
672,672,0A,0.0613115,0.824369,-0.0255412,0.562143,101.127,29.1071,-231.372,101.127,29.1071,-231.372,0.0519453
680,680,0A,0.0613494,0.824455,-0.0255018,0.562014,101.131,29.2524,-231.431,101.131,29.2524,-231.431,0.0517447
688,688,0A,0.0615908,0.824479,-0.0254656,0.561953,101.139,29.3505,-231.487,101.139,29.3505,-231.487,0.0506237
696,696,0A,0.0619546,0.824572,-0.0252213,0.561789,101.142,29.4257,-231.582,101.142,29.4257,-231.582,0.0504919
704,704,0A,0.0628131,0.824935,-0.0230568,0.561253,101.158,29.5849,-231.338,101.158,29.5849,-231.338,0.0732973
712,712,0A,0.0635185,0.825056,-0.0212819,0.561066,101.187,29.7556,-231.709,101.187,29.7556,-231.709,0.0959145
720,720,0A,0.0628821,0.824704,-0.0229066,0.561591,101.204,29.8498,-231.749,101.204,29.8498,-231.749,0.0914994
728,728,0A,0.0624152,0.824211,-0.0239917,0.562321,101.346,29.9981,-231.773,101.346,29.9981,-231.773,0.0970401
736,736,0A,0.0617894,0.823909,-0.0258233,0.562751,101.498,30.0531,-231.843,101.498,30.0531,-231.843,0.0991499
744,744,0A,0.0620182,0.823988,-0.0250961,0.562644,101.62,30.1015,-231.836,101.62,30.1015,-231.836,0.0965643
752,752,0A,0.0629454,0.824327,-0.021905,0.562178,101.575,30.1073,-231.925,101.575,30.1073,-231.925,0.0828854
760,760,0A,0.0640329,0.824457,-0.017936,0.562004,101.534,30.0188,-231.977,101.534,30.0188,-231.977,0.0653053
768,768,0A,0.0642654,0.82449,-0.0153288,0.562007,101.601,30.0665,-231.998,101.601,30.0665,-231.998,0.0612038
776,776,0A,0.0638044,0.82462,-0.014829,0.561882,101.744,30.0693,-231.976,101.744,30.0693,-231.976,0.0607708
784,784,0A,0.0631627,0.824864,-0.0148532,0.561596,101.873,30.1422,-232.043,101.873,30.1422,-232.043,0.0703904
792,792,0A,0.0621575,0.825162,-0.0153811,0.561257,101.942,30.1572,-231.985,101.942,30.1572,-231.985,0.0653618
800,800,0A,0.0615994,0.825538,-0.014563,0.560786,101.949,30.1282,-232.038,101.949,30.1282,-232.038,0.0580221
808,808,0A,0.0609979,0.825951,-0.0135198,0.560269,101.963,30.0696,-231.999,101.963,30.0696,-231.999,0.0501572
816,816,0A,0.0595722,0.826316,-0.0145733,0.559857,102.012,30.0718,-232.032,102.012,30.0718,-232.032,0.0556284
824,824,0A,0.0585634,0.826764,-0.0151526,0.559288,101.986,30.1008,-231.95,101.986,30.1008,-231.95,0.059332
832,832,0A,0.058457,0.827384,-0.0136209,0.558421,101.903,30.1068,-231.981,101.903,30.1068,-231.981,0.0576744
840,840,0A,0.0581938,0.828757,-0.01261,0.556431,101.611,30.0374,-232.201,101.611,30.0374,-232.201,0.0475422
848,848,0A,0.0598803,0.829827,-0.00586138,0.554769,101.546,30.1526,-231.921,101.546,30.1526,-231.921,0.0487535
856,856,0A,0.0592582,0.830303,-0.0048342,0.554132,101.396,30.2873,-232.231,101.396,30.2873,-232.231,0.0713813
864,864,0A,0.0587419,0.830473,-0.00354006,0.553943,101.333,30.371,-232.306,101.333,30.371,-232.306,0.0761318
872,872,0A,0.0576249,0.830653,-0.00440956,0.553784,101.31,30.4788,-232.342,101.31,30.4788,-232.342,0.0806966
880,880,0A,0.0556378,0.830915,-0.00760558,0.553559,101.263,30.6126,-232.535,101.263,30.6126,-232.535,0.0875911
888,888,0A,0.0545601,0.831153,-0.00804733,0.553302,101.223,30.7788,-232.605,101.223,30.7788,-232.605,0.0927318
896,896,0A,0.0534249,0.831263,-0.00874449,0.553237,101.152,30.8371,-232.532,101.152,30.8371,-232.532,0.0781508
904,904,0A,0.051994,0.831329,-0.0100998,0.553251,101.087,30.9527,-232.772,101.087,30.9527,-232.772,0.0853074
912,912,0A,0.0508081,0.831275,-0.0110567,0.553424,101.068,31.1019,-232.715,101.068,31.1019,-232.715,0.0782197
920,920,0A,0.050398,0.831216,-0.0107078,0.553556,101.036,31.2244,-232.805,101.036,31.2244,-232.805,0.0866631
928,928,0A,0.049782,0.830862,-0.011851,0.55412,101.039,31.257,-232.874,101.039,31.257,-232.874,0.0723993
936,936,0A,0.0488949,0.8307,-0.0140439,0.554391,101.012,31.3823,-233.027,101.012,31.3823,-233.027,0.0784977
944,944,0A,0.0486074,0.830498,-0.0148988,0.554697,101.003,31.4439,-232.995,101.003,31.4439,-232.995,0.0715937
952,952,0A,0.0485199,0.830059,-0.0151688,0.555353,100.943,31.5344,-233.167,100.943,31.5344,-233.167,0.082293
960,960,0A,0.0512879,0.828445,-0.0120777,0.557587,100.993,32.0257,-234.093,100.993,32.0257,-234.093,0.0580304
968,968,0A,0.0511079,0.827917,-0.012459,0.558378,101.008,32.3275,-234.315,101.008,32.3275,-234.315,0.0698345
976,976,0A,0.0519694,0.827361,-0.013844,0.55909,101.021,32.5705,-234.389,101.021,32.5705,-234.389,0.0669361
984,984,0A,0.0557505,0.82647,-0.0131369,0.560059,100.982,32.6201,-234.605,100.982,32.6201,-234.605,0.0669423
992,992,0A,0.0603026,0.825097,-0.011247,0.561651,101.008,32.4941,-234.645,101.008,32.4941,-234.645,0.0710242
1000,1000,0A,0.063374,0.823428,-0.010784,0.563768,101.024,32.6705,-234.883,101.024,32.6705,-234.883,0.0953258
1008,1008,0A,0.0658599,0.821319,-0.0123977,0.566519,101.044,32.7066,-235.018,101.044,32.7066,-235.018,0.0764727
1016,1016,0A,0.0681713,0.819401,-0.0136729,0.568988,101,32.7863,-235.196,101,32.7863,-235.196,0.0633249
1024,1024,0A,0.0714679,0.817976,-0.0137626,0.570629,100.967,32.8227,-235.294,100.967,32.8227,-235.294,0.0672524
1032,1032,0A,0.073403,0.817013,-0.0150596,0.57173,100.987,33.1238,-235.385,100.987,33.1238,-235.385,0.0830497
1040,1040,0A,0.0766323,0.816257,-0.0151497,0.572384,100.959,33.1098,-235.586,100.959,33.1098,-235.586,0.0804287
1048,1048,0A,0.0796898,0.815084,-0.0146269,0.57365,101.069,33.262,-235.503,101.069,33.262,-235.503,0.0813259
1056,1056,0A,0.0805088,0.814019,-0.0163436,0.574999,101.04,33.6525,-236.05,101.04,33.6525,-236.05,0.066908
1064,1064,0A,0.082168,0.812833,-0.0162805,0.576442,100.941,33.9185,-236.604,100.941,33.9185,-236.604,0.0585883
1072,1072,0A,0.0847625,0.811718,-0.0137694,0.577702,100.935,34.2588,-237.162,100.935,34.2588,-237.162,0.0684878
1080,1080,0A,0.0869309,0.810526,-0.0117512,0.579096,100.882,34.5295,-237.726,100.882,34.5295,-237.726,0.0724604
1088,1088,0A,0.0899978,0.808898,-0.00931846,0.580945,100.93,34.6682,-238.196,100.93,34.6682,-238.196,0.0672044
1096,1096,0A,0.0934387,0.807356,-0.00764213,0.582569,100.875,34.8592,-238.652,100.875,34.8592,-238.652,0.0745776
1104,1104,0A,0.0962763,0.805828,-0.00781009,0.584219,100.856,35.1976,-239.353,100.856,35.1976,-239.353,0.078871
1112,1112,0A,0.0977755,0.804232,-0.0076569,0.586168,100.869,35.6848,-239.39,100.869,35.6848,-239.39,0.0909961
1120,1120,0A,0.102575,0.802067,-0.00541498,0.588335,100.772,35.5721,-240.07,100.772,35.5721,-240.07,0.0627264
1128,1128,0A,0.108316,0.799639,-0.00310379,0.590623,100.686,35.5191,-240.144,100.686,35.5191,-240.144,0.0759376
1136,1136,0A,0.113355,0.797342,-0.00145104,0.592785,100.722,35.7165,-240.443,100.722,35.7165,-240.443,0.0972872
1144,1144,0A,0.118483,0.795201,0.000840744,0.594657,100.746,35.8021,-240.409,100.746,35.8021,-240.409,0.0905561
1152,1152,0A,0.122449,0.792903,0.00318042,0.59691,100.786,35.9602,-240.948,100.786,35.9602,-240.948,0.0784368
1160,1160,0A,0.128234,0.7907,0.0054123,0.598599,100.755,35.8396,-240.92,100.755,35.8396,-240.92,0.100143
1168,1168,0A,0.133728,0.788541,0.00835097,0.600208,100.738,36.1992,-241.295,100.738,36.1992,-241.295,0.0932732
1176,1176,0A,0.138117,0.786287,0.0107923,0.60213,100.686,36.1822,-241.577,100.686,36.1822,-241.577,0.0500123
1184,1184,0A,0.145929,0.784039,0.016188,0.603097,100.613,36.2089,-241.756,100.613,36.2089,-241.756,0.0885111
1192,1192,0A,0.153066,0.781402,0.0187843,0.604673,100.726,36.2533,-241.738,100.726,36.2533,-241.738,0.0947968
1200,1200,0A,0.15603,0.779116,0.017726,0.606893,100.764,36.5583,-242.081,100.764,36.5583,-242.081,0.0862927
1208,1208,0A,0.160854,0.776232,0.0200874,0.609251,100.721,36.4064,-242.165,100.721,36.4064,-242.165,0.0792204
1216,1216,0A,0.16554,0.773435,0.0245669,0.611385,100.728,36.7902,-242.705,100.728,36.7902,-242.705,0.0840994
1224,1224,0A,0.171118,0.771333,0.0277206,0.612369,100.536,36.589,-243.115,100.536,36.589,-243.115,0.0813398
1232,1232,0A,0.176545,0.76928,0.0304146,0.613282,100.61,36.9632,-243.756,100.61,36.9632,-243.756,0.116281
1240,1240,0A,0.179068,0.767612,0.0318292,0.614568,100.699,36.9868,-243.785,100.699,36.9868,-243.785,0.0875491
1248,1248,0A,0.183356,0.765542,0.0369193,0.6156,100.679,37.1268,-244.386,100.679,37.1268,-244.386,0.123347
1256,1256,0A,0.185739,0.763792,0.0397146,0.616884,100.532,37.1389,-244.971,100.532,37.1389,-244.971,0.0902466
1264,1264,0A,0.18729,0.762722,0.0430491,0.617515,100.612,37.8967,-245.713,100.612,37.8967,-245.713,0.117465
1272,1272,0A,0.190246,0.761178,0.0453707,0.61835,100.625,37.6167,-246.139,100.625,37.6167,-246.139,0.101479
1288,1288,0A,0.199201,0.754963,0.0503434,0.622749,100.497,37.601,-246.795,100.497,37.601,-246.795,0.0936715
1296,1296,0A,0.205411,0.752515,0.0513373,0.623612,100.517,37.8919,-247.161,100.517,37.8919,-247.161,0.103625
1304,1304,0A,0.211886,0.750933,0.0509345,0.623386,100.496,38.0299,-247.427,100.496,38.0299,-247.427,0.0974799
1312,1312,0A,0.218615,0.748919,0.0513232,0.623454,100.624,38.3082,-247.561,100.624,38.3082,-247.561,0.0863841
1320,1320,0A,0.224886,0.746222,0.0536236,0.624262,100.557,38.2788,-247.74,100.557,38.2788,-247.74,0.0778515
1328,1328,0A,0.230879,0.743481,0.0584038,0.624915,100.621,38.3158,-248.263,100.621,38.3158,-248.263,0.103658
1336,1336,0A,0.235365,0.740863,0.0620601,0.625998,100.586,38.2589,-248.347,100.586,38.2589,-248.347,0.0914737
1344,1344,0A,0.24149,0.737598,0.0666431,0.62705,100.592,38.4079,-248.874,100.592,38.4079,-248.874,0.117854
1352,1352,0A,0.246355,0.735014,0.0689564,0.62794,100.456,38.3116,-249.397,100.456,38.3116,-249.397,0.0957593
1360,1360,0A,0.250999,0.732742,0.0701745,0.628621,100.459,38.3752,-249.611,100.459,38.3752,-249.611,0.0960115
1368,1368,0A,0.25502,0.731035,0.070603,0.628942,100.479,38.7033,-250.28,100.479,38.7033,-250.28,0.0947522
1376,1376,0A,0.258183,0.728894,0.0710374,0.630087,100.593,38.5793,-249.979,100.593,38.5793,-249.979,0.0919546
1384,1384,0A,0.263146,0.726183,0.0759195,0.630595,100.73,38.7992,-250.781,100.73,38.7992,-250.781,0.116983
1392,1392,0A,0.267721,0.723921,0.0804231,0.63071,100.738,38.4913,-250.847,100.738,38.4913,-250.847,0.109817
1400,1400,0A,0.271786,0.722908,0.0842095,0.629639,100.565,38.9171,-251.753,100.565,38.9171,-251.753,0.106913
1408,1408,0A,0.274231,0.722615,0.0852937,0.628769,100.673,38.9198,-251.915,100.673,38.9198,-251.915,0.0906045
1416,1416,0A,0.278098,0.72159,0.0875164,0.627941,100.752,38.9488,-252.406,100.752,38.9488,-252.406,0.103187
1424,1424,0A,0.281306,0.720064,0.0889491,0.628063,100.569,39.0187,-253.37,100.569,39.0187,-253.37,0.104343
1432,1432,0A,0.284037,0.7181,0.0903427,0.628884,100.457,39.0897,-253.547,100.457,39.0897,-253.547,0.098056
1440,1440,0A,0.286358,0.716009,0.0911617,0.630096,100.807,38.9575,-253.377,100.807,38.9575,-253.377,0.085018
1448,1448,0A,0.290585,0.713672,0.0941843,0.630367,100.675,39.1086,-254.069,100.675,39.1086,-254.069,0.114894
1456,1456,0A,0.293088,0.712207,0.0958271,0.630617,100.768,38.8923,-253.903,100.768,38.8923,-253.903,0.108283
1464,1464,0A,0.294808,0.712031,0.0991164,0.629505,100.562,39.2316,-254.723,100.562,39.2316,-254.723,0.0977297
1472,1472,0A,0.297913,0.710717,0.102076,0.629055,100.625,39.1734,-254.668,100.625,39.1734,-254.668,0.101827
1480,1480,0A,0.302876,0.710028,0.106025,0.626806,100.802,39.0475,-255.294,100.802,39.0475,-255.294,0.144822
1488,1488,0A,0.303999,0.709688,0.106103,0.626634,100.648,38.9829,-255.54,100.648,38.9829,-255.54,0.0931281
1496,1496,0A,0.307773,0.70783,0.107466,0.62666,100.95,38.9829,-255.361,100.95,38.9829,-255.361,0.130239
1504,1504,0A,0.312046,0.707007,0.111914,0.624694,100.71,38.9551,-256.454,100.71,38.9551,-256.454,0.130079
1512,1512,0A,0.313637,0.705272,0.113583,0.625557,100.632,38.9432,-256.692,100.632,38.9432,-256.692,0.0867672
1520,1520,0A,0.318915,0.703095,0.115693,0.624952,100.828,38.8771,-256.674,100.828,38.8771,-256.674,0.144942
1528,1528,0A,0.321137,0.701757,0.116627,0.625145,100.65,39.0311,-257.42,100.65,39.0311,-257.42,0.115557
1536,1536,0A,0.323772,0.699165,0.117551,0.626516,100.586,38.8576,-257.5,100.586,38.8576,-257.5,0.101667
1544,1544,0A,0.327011,0.696496,0.118186,0.627686,100.704,38.906,-257.651,100.704,38.906,-257.651,0.109815
1552,1552,0A,0.330458,0.694465,0.118253,0.628118,100.769,39.0777,-257.868,100.769,39.0777,-257.868,0.11678
1560,1560,0A,0.333811,0.692437,0.118913,0.62846,100.738,39.0152,-257.941,100.738,39.0152,-257.941,0.103485
1568,1568,0A,0.337701,0.690133,0.120783,0.628558,100.806,38.9612,-258.06,100.806,38.9612,-258.06,0.112099
1576,1576,0A,0.34211,0.687643,0.122771,0.628519,100.796,38.7699,-258.183,100.796,38.7699,-258.183,0.104928
1584,1584,0A,0.346105,0.685185,0.123909,0.628792,100.844,39.1338,-258.423,100.844,39.1338,-258.423,0.115524
1592,1592,0A,0.349868,0.682273,0.124624,0.629735,100.84,39.0888,-258.548,100.84,39.0888,-258.548,0.106645
1600,1600,0A,0.353768,0.67864,0.126535,0.631099,100.932,39.2134,-258.796,100.932,39.2134,-258.796,0.112422
1608,1608,0A,0.358225,0.674773,0.128065,0.632421,100.947,39.2521,-259.002,100.947,39.2521,-259.002,0.10836
1616,1616,0A,0.362573,0.671524,0.129968,0.633013,100.731,39.368,-259.644,100.731,39.368,-259.644,0.102706
1624,1624,0A,0.367658,0.668188,0.133683,0.632835,101.006,39.118,-259.969,101.006,39.118,-259.969,0.121362
1632,1632,0A,0.373183,0.664804,0.139589,0.63189,100.785,39.0361,-260.815,100.785,39.0361,-260.815,0.101542
1640,1640,0A,0.378322,0.660854,0.141992,0.632442,101.033,38.7628,-261.003,101.033,38.7628,-261.003,0.098022
1648,1648,0A,0.383417,0.656866,0.142326,0.633452,100.977,38.9836,-261.607,100.977,38.9836,-261.607,0.118442
1656,1656,0A,0.388446,0.65253,0.142646,0.634796,100.996,38.8254,-261.81,100.996,38.8254,-261.81,0.117827
1664,1664,0A,0.393734,0.648075,0.145934,0.635355,101.121,38.9954,-262.052,101.121,38.9954,-262.052,0.123349
1672,1672,0A,0.401984,0.644257,0.151914,0.632664,101.218,38.9039,-262.43,101.218,38.9039,-262.43,0.112199
1680,1680,0A,0.411592,0.641158,0.158951,0.627887,101.117,38.9218,-262.444,101.117,38.9218,-262.444,0.108058
1688,1688,0A,0.419131,0.638782,0.162839,0.624316,101.168,38.7605,-262.505,101.168,38.7605,-262.505,0.107713
1696,1696,0A,0.425508,0.636698,0.165471,0.621432,101.263,38.7816,-262.575,101.263,38.7816,-262.575,0.112639
1704,1704,0A,0.429246,0.633758,0.165345,0.6219,101.075,39.3119,-262.595,101.075,39.3119,-262.595,0.0789999
1712,1712,0A,0.435106,0.629732,0.165749,0.62181,101.479,39.237,-262.349,101.479,39.237,-262.349,0.113243
1720,1720,0A,0.441291,0.6263,0.169039,0.620029,101.457,39.1966,-262.554,101.457,39.1966,-262.554,0.119699
1728,1728,0A,0.44663,0.622098,0.171317,0.619812,101.479,38.9831,-262.658,101.479,38.9831,-262.658,0.106952
1736,1736,0A,0.45093,0.618136,0.17128,0.620671,101.501,39.2332,-262.858,101.501,39.2332,-262.858,0.114012
1744,1744,0A,0.455113,0.613818,0.172071,0.621685,101.563,39.2015,-263.174,101.563,39.2015,-263.174,0.114677
1752,1752,0A,0.459406,0.609866,0.174703,0.621682,101.525,39.3078,-263.327,101.525,39.3078,-263.327,0.0899928
1760,1760,0A,0.463836,0.605983,0.178488,0.621114,101.578,39.2655,-263.625,101.578,39.2655,-263.625,0.105392
1768,1768,0A,0.467324,0.604328,0.180965,0.619394,101.668,38.9579,-263.962,101.668,38.9579,-263.962,0.129634
1776,1776,0A,0.46949,0.602991,0.183352,0.618355,101.606,38.671,-264.043,101.606,38.671,-264.043,0.101841
1784,1784,0A,0.471359,0.601127,0.184649,0.618362,101.608,38.8724,-264.333,101.608,38.8724,-264.333,0.107654
1792,1792,0A,0.474217,0.599643,0.186915,0.616936,101.475,38.8636,-264.533,101.475,38.8636,-264.533,0.101073
1800,1800,0A,0.477456,0.600094,0.188941,0.613371,101.665,38.9832,-264.792,101.665,38.9832,-264.792,0.111691
1808,1808,0A,0.48049,0.600281,0.190831,0.610226,101.87,38.643,-264.913,101.87,38.643,-264.913,0.0935565
1816,1816,0A,0.481991,0.598676,0.192233,0.610179,101.661,38.9321,-265.432,101.661,38.9321,-265.432,0.113912
1824,1824,0A,0.48383,0.595984,0.194913,0.610509,101.309,38.5272,-265.86,101.309,38.5272,-265.86,0.0914067
1832,1832,0A,0.485568,0.595422,0.196031,0.609317,101.902,38.5684,-266.248,101.902,38.5684,-266.248,0.116943
1840,1840,0A,0.488725,0.594471,0.2,0.606425,101.593,37.8884,-266.934,101.593,37.8884,-266.934,0.0862517
1848,1848,0A,0.49046,0.593311,0.203172,0.605105,101.712,37.8442,-267.691,101.712,37.8442,-267.691,0.10913
1856,1856,0A,0.491855,0.591987,0.206614,0.604104,101.482,37.3873,-268.225,101.482,37.3873,-268.225,0.101378
1864,1864,0A,0.493453,0.590467,0.206933,0.604179,101.608,37.3123,-268.365,101.608,37.3123,-268.365,0.114245
1872,1872,0A,0.494253,0.590147,0.205633,0.60428,101.563,37.6237,-268.662,101.563,37.6237,-268.662,0.0984952
1880,1880,0A,0.495674,0.589461,0.205963,0.603674,101.647,37.6056,-268.642,101.647,37.6056,-268.642,0.115947
1888,1888,0A,0.496328,0.589971,0.206142,0.602576,101.626,37.4767,-268.535,101.626,37.4767,-268.535,0.0869131
1896,1896,0A,0.497852,0.59036,0.207409,0.600499,101.739,37.5221,-268.406,101.739,37.5221,-268.406,0.111407
1904,1904,0A,0.498865,0.591712,0.207725,0.598215,101.692,37.6067,-268.379,101.692,37.6067,-268.379,0.0920827
1912,1912,0A,0.501239,0.59305,0.208745,0.594539,101.714,37.6946,-268.413,101.714,37.6946,-268.413,0.109253
1920,1920,0A,0.5031,0.59356,0.210444,0.591854,101.762,37.6505,-268.198,101.762,37.6505,-268.198,0.115248
1928,1928,0A,0.503488,0.593401,0.212419,0.590977,101.714,37.5868,-268.429,101.714,37.5868,-268.429,0.0979597
1936,1936,0A,0.504014,0.59366,0.213754,0.589786,101.555,37.5682,-268.285,101.555,37.5682,-268.285,0.114523
1944,1944,0A,0.504089,0.594554,0.215778,0.588082,101.529,37.5027,-268.205,101.529,37.5027,-268.205,0.0994993
1952,1952,0A,0.503407,0.59603,0.217895,0.586388,101.543,37.4922,-268.034,101.543,37.4922,-268.034,0.115588
1960,1960,0A,0.500808,0.598049,0.219667,0.585897,101.519,37.3958,-267.974,101.519,37.3958,-267.974,0.105869
1968,1968,0A,0.495932,0.600396,0.221067,0.587117,101.38,37.5875,-267.841,101.38,37.5875,-267.841,0.114185
1976,1976,0A,0.492537,0.602238,0.222779,0.58744,101.365,37.1819,-267.733,101.365,37.1819,-267.733,0.103856
1984,1984,0A,0.489777,0.604608,0.222618,0.587376,101.36,37.4068,-267.618,101.36,37.4068,-267.618,0.108783
1992,1992,0A,0.488028,0.605939,0.222777,0.587399,101.338,37.4523,-267.712,101.338,37.4523,-267.712,0.113398
2000,2000,0A,0.485228,0.607276,0.222795,0.588329,101.254,37.4992,-267.456,101.254,37.4992,-267.456,0.113115
2008,2008,0A,0.482607,0.608562,0.223456,0.588906,101.216,37.1783,-267.466,101.216,37.1783,-267.466,0.114565
2016,2016,0A,0.479174,0.609833,0.223118,0.59052,101.318,37.3238,-267.226,101.318,37.3238,-267.226,0.116171
2024,2024,0A,0.476763,0.610346,0.223782,0.591689,101.169,36.921,-267.241,101.169,36.921,-267.241,0.121609
2032,2032,0A,0.472421,0.6115,0.223111,0.594229,101.214,37.1794,-267.335,101.214,37.1794,-267.335,0.113107
2040,2040,0A,0.470174,0.612543,0.223038,0.594964,101.151,37.0298,-267.372,101.151,37.0298,-267.372,0.106343
2048,2048,0A,0.467807,0.613306,0.222094,0.596395,101.159,37.085,-267.195,101.159,37.085,-267.195,0.117516
2056,2056,0A,0.465214,0.613255,0.221017,0.59887,101.06,36.9682,-267.083,101.06,36.9682,-267.083,0.131504
2064,2064,0A,0.461723,0.613709,0.220654,0.601237,101.036,37.2657,-267.242,101.036,37.2657,-267.242,0.123325
2072,2072,0A,0.460824,0.613773,0.22337,0.600858,101.062,37.023,-267.177,101.062,37.023,-267.177,0.131484
2080,2080,0A,0.460617,0.614054,0.226019,0.599737,101.025,36.9585,-266.956,101.025,36.9585,-266.956,0.137934
2088,2088,0A,0.459766,0.614579,0.227106,0.599442,100.954,36.9925,-266.952,100.954,36.9925,-266.952,0.120241
2096,2096,0A,0.46016,0.614316,0.229611,0.598455,100.96,36.6833,-266.939,100.96,36.6833,-266.939,0.120398
2104,2104,0A,0.459621,0.615105,0.230877,0.597569,101.016,36.761,-266.821,101.016,36.761,-266.821,0.126122
2112,2112,0A,0.459905,0.61547,0.232284,0.59643,100.951,36.5541,-266.81,100.951,36.5541,-266.81,0.113634
2120,2120,0A,0.458358,0.615638,0.231079,0.597914,100.948,36.7165,-266.903,100.948,36.7165,-266.903,0.12145
2128,2128,0A,0.456098,0.619372,0.23155,0.595599,100.155,36.7777,-268.269,100.155,36.7777,-268.269,0.15943
2136,2136,0A,0.44978,0.62634,0.228104,0.594444,101.002,36.1102,-267.149,101.002,36.1102,-267.149,0.111164
2144,2144,0A,0.447122,0.630994,0.231175,0.590328,100.708,35.8539,-267.604,100.708,35.8539,-267.604,0.128398
2152,2152,0A,0.444496,0.634377,0.230787,0.588836,100.803,36.0141,-267.392,100.803,36.0141,-267.392,0.118034
2160,2160,0A,0.446294,0.63624,0.232588,0.584742,100.851,35.9428,-267.369,100.851,35.9428,-267.369,0.119362
2168,2168,0A,0.448348,0.636839,0.234435,0.581774,100.798,36.0991,-267.186,100.798,36.0991,-267.186,0.109806
2176,2176,0A,0.44946,0.635352,0.236645,0.581646,100.784,35.9668,-267.286,100.784,35.9668,-267.286,0.106028
2184,2184,0A,0.44782,0.632875,0.23794,0.585074,100.742,35.9765,-267.337,100.742,35.9765,-267.337,0.121016
2192,2192,0A,0.446257,0.630129,0.23914,0.588731,100.727,35.9113,-267.589,100.727,35.9113,-267.589,0.107241
2200,2200,0A,0.447197,0.62745,0.240795,0.590203,100.626,35.703,-267.607,100.626,35.703,-267.607,0.12145
2208,2208,0A,0.448484,0.626434,0.240342,0.590489,100.731,35.7163,-267.711,100.731,35.7163,-267.711,0.109565
2216,2216,0A,0.449304,0.625598,0.240139,0.590835,100.782,35.8577,-267.66,100.782,35.8577,-267.66,0.124216
2224,2224,0A,0.448202,0.624458,0.238754,0.593433,100.807,35.8344,-267.76,100.807,35.8344,-267.76,0.113759
2232,2232,0A,0.442086,0.623224,0.233753,0.601258,100.754,35.8165,-267.84,100.754,35.8165,-267.84,0.120006
2240,2240,0A,0.431985,0.62234,0.224013,0.613107,100.813,35.6695,-268.202,100.813,35.6695,-268.202,0.130383
2248,2248,0A,0.422177,0.622505,0.2139,0.623298,100.744,35.7812,-268.179,100.744,35.7812,-268.179,0.138332
2256,2256,0A,0.415099,0.622711,0.206312,0.630364,100.667,35.5663,-268.1,100.667,35.5663,-268.1,0.11956
2264,2264,0A,0.408851,0.623291,0.200804,0.635631,100.712,35.7956,-268.234,100.712,35.7956,-268.234,0.144203
2272,2272,0A,0.407973,0.623394,0.200564,0.636169,100.721,35.5153,-268.092,100.721,35.5153,-268.092,0.129917
2280,2280,0A,0.409734,0.623215,0.202357,0.634644,100.764,35.764,-268.04,100.764,35.764,-268.04,0.124395
2288,2288,0A,0.411273,0.62294,0.203281,0.633622,100.769,35.8595,-268.106,100.769,35.8595,-268.106,0.12309
2296,2296,0A,0.410235,0.622933,0.203248,0.634313,100.768,35.8012,-268.118,100.768,35.8012,-268.118,0.132482
2304,2304,0A,0.408899,0.623448,0.203607,0.634553,100.782,35.6629,-268.149,100.782,35.6629,-268.149,0.137896
2312,2312,0A,0.410253,0.62322,0.205945,0.633148,100.833,35.4705,-268.129,100.833,35.4705,-268.129,0.11866
2320,2320,0A,0.413864,0.622491,0.207347,0.631055,100.852,35.7893,-268.046,100.852,35.7893,-268.046,0.136825
2328,2328,0A,0.417053,0.621691,0.207974,0.629535,100.706,35.6228,-268.146,100.706,35.6228,-268.146,0.117331
2336,2336,0A,0.417189,0.621541,0.20715,0.629865,100.773,35.7272,-268.22,100.773,35.7272,-268.22,0.115009
2344,2344,0A,0.417359,0.6211,0.207492,0.630075,100.878,35.7142,-268.28,100.878,35.7142,-268.28,0.130242
2352,2352,0A,0.418294,0.620567,0.208241,0.629732,100.975,36.1142,-268.571,100.975,36.1142,-268.571,0.132432
2360,2360,0A,0.416951,0.620544,0.204138,0.631984,100.798,35.8205,-268.26,100.798,35.8205,-268.26,0.115626
2368,2368,0A,0.41758,0.620002,0.203565,0.632287,100.834,35.7856,-268.324,100.834,35.7856,-268.324,0.120249
2376,2376,0A,0.418421,0.61959,0.204139,0.631949,100.867,35.7767,-268.245,100.867,35.7767,-268.245,0.1334
2384,2384,0A,0.417975,0.619698,0.2041,0.63215,100.773,35.8932,-268.275,100.773,35.8932,-268.275,0.12879
2392,2392,0A,0.417787,0.619531,0.204036,0.632459,100.819,35.8167,-268.36,100.819,35.8167,-268.36,0.109574
2400,2400,0A,0.417026,0.619889,0.204198,0.632558,100.762,35.8678,-268.289,100.762,35.8678,-268.289,0.128963
2408,2408,0A,0.416103,0.620495,0.20526,0.632229,100.815,35.7954,-268.393,100.815,35.7954,-268.393,0.117179
2416,2416,0A,0.415193,0.621172,0.206806,0.631657,100.685,35.6055,-268.092,100.685,35.6055,-268.092,0.124176
2424,2424,0A,0.415287,0.621687,0.208082,0.630669,100.754,35.6524,-268.108,100.754,35.6524,-268.108,0.114983
2432,2432,0A,0.415152,0.622118,0.209107,0.629994,100.717,35.7028,-268.047,100.717,35.7028,-268.047,0.111269
2440,2440,0A,0.414066,0.622782,0.208934,0.63011,100.729,35.8392,-268.086,100.729,35.8392,-268.086,0.119174
2448,2448,0A,0.41513,0.622738,0.210737,0.628852,100.645,35.6167,-268.065,100.645,35.6167,-268.065,0.123113
2456,2456,0A,0.416147,0.62265,0.211385,0.628049,100.714,35.5225,-268.045,100.714,35.5225,-268.045,0.109712
2464,2464,0A,0.417971,0.622149,0.212704,0.626887,100.726,35.5945,-268.062,100.726,35.5945,-268.062,0.123833
2472,2472,0A,0.420327,0.621254,0.213581,0.625901,100.801,35.6316,-268.089,100.801,35.6316,-268.089,0.117328
2480,2480,0A,0.421012,0.620575,0.213674,0.626082,100.728,35.7645,-268.203,100.728,35.7645,-268.203,0.116662
2488,2488,0A,0.421825,0.619869,0.213587,0.626264,100.701,35.5502,-268.232,100.701,35.5502,-268.232,0.123707
2496,2496,0A,0.421739,0.619914,0.214079,0.626109,100.832,36.0576,-268.555,100.832,36.0576,-268.555,0.126895
2504,2504,0A,0.42136,0.62,0.213884,0.626346,100.857,36.0824,-268.582,100.857,36.0824,-268.582,0.121698
2512,2512,0A,0.422466,0.619604,0.214431,0.625806,100.845,36.0003,-268.568,100.845,36.0003,-268.568,0.137354
2520,2520,0A,0.420688,0.619636,0.211697,0.627899,100.724,35.6654,-268.249,100.724,35.6654,-268.249,0.114759
2528,2528,0A,0.419427,0.619789,0.210339,0.629047,100.764,35.7245,-268.335,100.764,35.7245,-268.335,0.119809
2536,2536,0A,0.418872,0.620185,0.20951,0.629303,100.648,35.4933,-268.283,100.648,35.4933,-268.283,0.132796
2544,2544,0A,0.419014,0.620329,0.209562,0.629049,100.597,35.2143,-267.878,100.597,35.2143,-267.878,0.142508
2552,2552,0A,0.419985,0.620151,0.211118,0.628056,100.738,35.6081,-268.305,100.738,35.6081,-268.305,0.118705
2560,2560,0A,0.419828,0.620192,0.210756,0.628243,100.744,35.5996,-268.36,100.744,35.5996,-268.36,0.120503
2568,2568,0A,0.419633,0.620269,0.21047,0.628393,100.748,35.611,-268.394,100.748,35.611,-268.394,0.120074
2576,2576,0A,0.419702,0.620249,0.210475,0.628364,100.765,35.5896,-268.447,100.765,35.5896,-268.447,0.122765
2584,2584,0A,0.419717,0.620282,0.210515,0.628308,100.763,35.5687,-268.477,100.763,35.5687,-268.477,0.120079
2592,2592,0A,0.419858,0.62027,0.210732,0.628153,100.77,35.5552,-268.528,100.77,35.5552,-268.528,0.121152
2600,2600,0A,0.419802,0.620392,0.210839,0.628034,100.761,35.561,-268.564,100.761,35.561,-268.564,0.117651
2608,2608,0A,0.419772,0.620654,0.211021,0.627733,100.744,35.5418,-268.657,100.744,35.5418,-268.657,0.115178
2616,2616,0A,0.421928,0.621338,0.213632,0.624722,100.494,35.1068,-268.496,100.494,35.1068,-268.496,0.126983
2624,2624,0A,0.420306,0.624095,0.210504,0.624128,100.26,34.811,-269.304,100.26,34.811,-269.304,0.131434
2632,2632,0A,0.421081,0.624521,0.2111,0.622977,100.029,34.8053,-269.698,100.029,34.8053,-269.698,0.112514
2640,2640,0A,0.42278,0.624235,0.212164,0.621751,100.129,34.6096,-269.564,100.129,34.6096,-269.564,0.127061
2648,2648,0A,0.422352,0.624649,0.213555,0.62115,100.056,34.7443,-269.562,100.056,34.7443,-269.562,0.123045
2656,2656,0A,0.423386,0.624184,0.215575,0.620215,99.9668,34.4346,-269.515,99.9668,34.4346,-269.515,0.117238
2664,2664,0A,0.424346,0.623731,0.217268,0.619422,99.6861,34.6677,-269.667,99.6861,34.6677,-269.667,0.130154
2672,2672,0A,0.424982,0.623293,0.21814,0.619121,99.8818,34.5285,-269.17,99.8818,34.5285,-269.17,0.126608
2680,2680,0A,0.426089,0.623539,0.21972,0.617552,99.7735,34.3566,-269.322,99.7735,34.3566,-269.322,0.133055
2688,2688,0A,0.426989,0.623603,0.220775,0.616489,99.7081,34.1068,-269.392,99.7081,34.1068,-269.392,0.124349
2696,2696,0A,0.427614,0.62352,0.221561,0.615857,99.6024,33.9634,-269.468,99.6024,33.9634,-269.468,0.131923
2704,2704,0A,0.427413,0.623832,0.220814,0.615949,99.4645,33.8457,-269.574,99.4645,33.8457,-269.574,0.131989
2712,2712,0A,0.427268,0.623924,0.220883,0.615932,99.3332,33.7844,-269.749,99.3332,33.7844,-269.749,0.140991
2720,2720,0A,0.425674,0.624139,0.219148,0.617436,99.5158,34.2029,-270.161,99.5158,34.2029,-270.161,0.132012
2728,2728,0A,0.42602,0.624212,0.219839,0.616877,99.373,34.056,-270.273,99.373,34.056,-270.273,0.131725
2736,2736,0A,0.426436,0.624269,0.220418,0.616326,99.2291,33.9074,-270.379,99.2291,33.9074,-270.379,0.129655
2744,2744,0A,0.427044,0.624258,0.221336,0.615586,99.0963,33.8106,-270.518,99.0963,33.8106,-270.518,0.134075
2752,2752,0A,0.427949,0.624059,0.222576,0.614711,98.9859,33.6045,-270.802,98.9859,33.6045,-270.802,0.133538
2760,2760,0A,0.431971,0.622818,0.229687,0.610527,98.7224,33.0073,-270.607,98.7224,33.0073,-270.607,0.143691
2768,2768,0A,0.432767,0.622414,0.231662,0.609627,98.7318,32.916,-270.646,98.7318,32.916,-270.646,0.12832
2776,2776,0A,0.432444,0.622355,0.233693,0.609142,99.3282,32.9412,-271.344,99.3282,32.9412,-271.344,0.127214
2784,2784,0A,0.433536,0.622225,0.236408,0.607449,99.6943,32.6541,-271.182,99.6943,32.6541,-271.182,0.132557
2792,2792,0A,0.433317,0.622555,0.237477,0.60685,100.091,32.4972,-271.468,100.091,32.4972,-271.468,0.121488
2800,2800,0A,0.434345,0.622254,0.238756,0.605921,100.118,32.1643,-271.569,100.118,32.1643,-271.569,0.120042
2808,2808,0A,0.434277,0.621642,0.238504,0.606697,100.702,32.3456,-271.611,100.702,32.3456,-271.611,0.131124
2816,2816,0A,0.434747,0.620785,0.239265,0.606938,100.583,32.3546,-271.647,100.583,32.3546,-271.647,0.142281
2824,2824,0A,0.435067,0.620044,0.239881,0.607222,100.668,32.4219,-271.747,100.668,32.4219,-271.747,0.120674
2832,2832,0A,0.437156,0.618669,0.242722,0.605995,100.619,32.2998,-271.612,100.619,32.2998,-271.612,0.120342
2840,2840,0A,0.439813,0.617195,0.245486,0.604459,100.663,32.1733,-271.726,100.663,32.1733,-271.726,0.104708
2848,2848,0A,0.441865,0.61581,0.24726,0.603652,100.668,32.2146,-271.651,100.668,32.2146,-271.651,0.124016
2856,2856,0A,0.442252,0.6159,0.24629,0.603674,100.741,32.8405,-272.091,100.741,32.8405,-272.091,0.136742
2864,2864,0A,0.443008,0.614916,0.247397,0.60367,100.82,32.7332,-272.144,100.82,32.7332,-272.144,0.144867
2872,2872,0A,0.444272,0.613771,0.248667,0.603384,100.835,32.7119,-272.124,100.835,32.7119,-272.124,0.144125
2880,2880,0A,0.444907,0.611597,0.250037,0.604557,100.607,32.2423,-272.018,100.607,32.2423,-272.018,0.129935
2888,2888,0A,0.445834,0.609951,0.25083,0.605208,100.641,32.0394,-271.943,100.641,32.0394,-271.943,0.132982
2896,2896,0A,0.44584,0.608697,0.251513,0.606181,100.623,32.1462,-272.228,100.623,32.1462,-272.228,0.144436
2904,2904,0A,0.447537,0.606966,0.252812,0.606127,100.669,31.7987,-272.11,100.669,31.7987,-272.11,0.116545
2912,2912,0A,0.449769,0.604819,0.254703,0.605829,100.694,31.9634,-272.191,100.694,31.9634,-272.191,0.15341
2920,2920,0A,0.450904,0.603248,0.25602,0.605996,100.487,31.7264,-272.481,100.487,31.7264,-272.481,0.114841
2928,2928,0A,0.451481,0.602135,0.255705,0.606806,100.736,31.6064,-272.753,100.736,31.6064,-272.753,0.148176
2936,2936,0A,0.451828,0.600929,0.255395,0.607872,100.686,31.4765,-272.77,100.686,31.4765,-272.77,0.127286
2944,2944,0A,0.452287,0.598943,0.255416,0.60948,100.604,31.5822,-273.016,100.604,31.5822,-273.016,0.125386
2952,2952,0A,0.453589,0.598259,0.255412,0.609186,100.754,30.9606,-273.426,100.754,30.9606,-273.426,0.145204
2960,2960,0A,0.453291,0.598818,0.254391,0.609286,100.887,30.1428,-273.964,100.887,30.1428,-273.964,0.112848
2968,2968,0A,0.454147,0.598336,0.253969,0.609299,100.781,29.7896,-274.49,100.781,29.7896,-274.49,0.115718
2976,2976,0A,0.456883,0.596412,0.25557,0.608469,100.92,29.273,-275.014,100.92,29.273,-275.014,0.125873
2984,2984,0A,0.460752,0.593733,0.258442,0.606957,100.891,28.5744,-275.117,100.891,28.5744,-275.117,0.114952
2992,2992,0A,0.463569,0.590474,0.261192,0.606815,100.868,28.6196,-275.482,100.868,28.6196,-275.482,0.140545
3000,3000,0A,0.467647,0.58614,0.265467,0.606031,100.764,28.2496,-275.571,100.764,28.2496,-275.571,0.135495
3008,3008,0A,0.471253,0.58197,0.269447,0.605499,100.929,28.2587,-275.773,100.929,28.2587,-275.773,0.116594
3016,3016,0A,0.474543,0.577945,0.273599,0.604924,100.798,28.1278,-275.708,100.798,28.1278,-275.708,0.137749
3024,3024,0A,0.476368,0.574592,0.277187,0.605049,100.933,28.2493,-275.941,100.933,28.2493,-275.941,0.129025
3032,3032,0A,0.479272,0.570797,0.282584,0.60385,100.727,27.9461,-275.929,100.727,27.9461,-275.929,0.136616
3040,3040,0A,0.480366,0.567505,0.286543,0.604218,100.788,27.839,-276.032,100.788,27.839,-276.032,0.140546
3048,3048,0A,0.481745,0.564099,0.291297,0.604037,100.729,27.6369,-276.013,100.729,27.6369,-276.013,0.149985
3056,3056,0A,0.483699,0.560675,0.296111,0.603322,100.818,27.6636,-276.071,100.818,27.6636,-276.071,0.129026
3064,3064,0A,0.485947,0.556844,0.301432,0.602428,100.676,27.4931,-276.105,100.676,27.4931,-276.105,0.135041
3072,3072,0A,0.486014,0.553646,0.305397,0.603324,100.729,27.45,-276.31,100.729,27.45,-276.31,0.135404
3080,3080,0A,0.486702,0.550229,0.309698,0.603703,100.748,27.2195,-276.333,100.748,27.2195,-276.333,0.146763
3088,3088,0A,0.488072,0.546609,0.314193,0.603562,100.692,27.1666,-276.33,100.692,27.1666,-276.33,0.144448
3096,3096,0A,0.49071,0.541906,0.319996,0.602614,100.652,26.8471,-276.432,100.652,26.8471,-276.432,0.11849
3104,3104,0A,0.493672,0.53711,0.325459,0.601562,100.673,26.6877,-276.525,100.673,26.6877,-276.525,0.133771
3112,3112,0A,0.496563,0.532177,0.331367,0.60034,100.709,26.4902,-276.606,100.709,26.4902,-276.606,0.129975
3120,3120,0A,0.499367,0.52695,0.33704,0.599467,100.727,26.4366,-276.578,100.727,26.4366,-276.578,0.144624
3128,3128,0A,0.502087,0.522218,0.342119,0.598458,100.74,26.5374,-276.828,100.74,26.5374,-276.828,0.137101
3136,3136,0A,0.505224,0.517674,0.347278,0.596792,100.569,26.2411,-276.721,100.569,26.2411,-276.721,0.1304
3144,3144,0A,0.507045,0.513421,0.352113,0.596088,100.684,26.2318,-276.946,100.684,26.2318,-276.946,0.150841
3152,3152,0A,0.507749,0.509913,0.355875,0.596266,100.637,25.9997,-276.85,100.637,25.9997,-276.85,0.150299
3160,3160,0A,0.507343,0.507049,0.358073,0.597736,100.647,25.8656,-277.048,100.647,25.8656,-277.048,0.13911
3168,3168,0A,0.506768,0.503964,0.360237,0.59953,100.608,25.7704,-277.074,100.608,25.7704,-277.074,0.139046
3176,3176,0A,0.507242,0.500359,0.362803,0.6006,100.74,25.5568,-277.152,100.74,25.5568,-277.152,0.150549
3184,3184,0A,0.508297,0.49706,0.365869,0.600588,100.645,25.5965,-277.137,100.645,25.5965,-277.137,0.121908
3192,3192,0A,0.510166,0.493279,0.368769,0.600347,100.824,25.3925,-277.227,100.824,25.3925,-277.227,0.143876
3200,3200,0A,0.51109,0.489886,0.372027,0.600328,100.697,25.4932,-277.262,100.697,25.4932,-277.262,0.116999
3208,3208,0A,0.511657,0.486372,0.37482,0.600966,100.86,25.371,-277.471,100.86,25.371,-277.471,0.11684
3216,3216,0A,0.511862,0.483499,0.377415,0.601485,100.682,25.0346,-277.365,100.682,25.0346,-277.365,0.14062
3224,3224,0A,0.511283,0.4808,0.37958,0.602777,100.73,24.8886,-277.519,100.73,24.8886,-277.519,0.149693
3232,3232,0A,0.511648,0.477409,0.382854,0.603092,100.733,24.9693,-277.559,100.733,24.9693,-277.559,0.142297
3240,3240,0A,0.511046,0.474468,0.385396,0.604303,100.807,24.878,-277.491,100.807,24.878,-277.491,0.142033
3248,3248,0A,0.510293,0.471497,0.388036,0.605575,100.715,24.7314,-277.596,100.715,24.7314,-277.596,0.134721
3256,3256,0A,0.510459,0.468105,0.390856,0.606252,100.746,24.4072,-277.556,100.746,24.4072,-277.556,0.132194
3264,3264,0A,0.509958,0.465242,0.393618,0.60709,100.756,24.6471,-277.777,100.756,24.6471,-277.777,0.123347
3272,3272,0A,0.510479,0.461804,0.396633,0.607315,100.84,24.3017,-277.72,100.84,24.3017,-277.72,0.132434
3280,3280,0A,0.509376,0.459637,0.398047,0.608957,100.865,24.4347,-277.823,100.865,24.4347,-277.823,0.113648
3288,3288,0A,0.507419,0.457617,0.399298,0.611288,100.785,24.0668,-277.834,100.785,24.0668,-277.834,0.122433
3296,3296,0A,0.50314,0.457056,0.398693,0.615624,100.836,24.2557,-277.84,100.836,24.2557,-277.84,0.126984
3304,3304,0A,0.500772,0.455754,0.399502,0.617992,100.823,23.8127,-277.801,100.823,23.8127,-277.801,0.132556
3312,3312,0A,0.497883,0.455646,0.398951,0.620756,100.748,23.9897,-277.789,100.748,23.9897,-277.789,0.120121
3320,3320,0A,0.495224,0.45536,0.398251,0.623536,100.752,24.0854,-277.822,100.752,24.0854,-277.822,0.124045
3328,3328,0A,0.492523,0.454635,0.39757,0.626631,100.798,23.9287,-277.874,100.798,23.9287,-277.874,0.122194
3336,3336,0A,0.489181,0.454013,0.396498,0.630369,100.761,23.6744,-277.805,100.761,23.6744,-277.805,0.125816
3344,3344,0A,0.485372,0.453483,0.394623,0.634854,100.878,24.2343,-277.946,100.878,24.2343,-277.946,0.138994
3352,3352,0A,0.484888,0.451476,0.395307,0.636227,100.88,23.8522,-277.822,100.88,23.8522,-277.822,0.123063
3360,3360,0A,0.483536,0.449892,0.394805,0.638686,100.958,24.0892,-277.82,100.958,24.0892,-277.82,0.129222
3368,3368,0A,0.483595,0.447922,0.395226,0.639764,100.833,23.8215,-277.915,100.833,23.8215,-277.915,0.131915
3376,3376,0A,0.484529,0.445574,0.395733,0.640383,101.051,23.9371,-278.123,101.051,23.9371,-278.123,0.125715
3384,3384,0A,0.485807,0.443178,0.397977,0.639687,100.989,23.876,-278.15,100.989,23.876,-278.15,0.128105
3392,3392,0A,0.48539,0.440979,0.400749,0.639792,101.103,23.96,-278.031,101.103,23.96,-278.031,0.110856
3400,3400,0A,0.483424,0.439625,0.403688,0.640365,100.904,23.539,-278.121,100.904,23.539,-278.121,0.121459
3408,3408,0A,0.480783,0.438477,0.405435,0.642034,100.965,23.3974,-278.068,100.965,23.3974,-278.068,0.118868
3416,3416,0A,0.477369,0.438193,0.40634,0.6442,100.865,23.4379,-277.997,100.865,23.4379,-277.997,0.12561
3424,3424,0A,0.474262,0.437749,0.407616,0.645988,100.914,23.1776,-277.838,100.914,23.1776,-277.838,0.114214
3432,3432,0A,0.47305,0.436568,0.410164,0.646064,100.849,23.1246,-277.943,100.849,23.1246,-277.943,0.107518
3440,3440,0A,0.471773,0.435454,0.411856,0.646672,100.947,22.9574,-277.938,100.947,22.9574,-277.938,0.108847
3448,3448,0A,0.470888,0.434828,0.412871,0.647092,100.893,23.0748,-278.085,100.893,23.0748,-278.085,0.124262
3456,3456,0A,0.471683,0.433461,0.41468,0.646272,100.908,22.7486,-278.048,100.908,22.7486,-278.048,0.11308
3464,3464,0A,0.471131,0.434225,0.414485,0.646287,100.874,22.5111,-278.435,100.874,22.5111,-278.435,0.120384
3472,3472,0A,0.471563,0.436626,0.413146,0.645211,100.882,21.5167,-278.674,100.882,21.5167,-278.674,0.122908
3480,3480,0A,0.47278,0.439488,0.410952,0.643777,100.91,20.3858,-279.156,100.91,20.3858,-279.156,0.106872
3488,3488,0A,0.475002,0.439747,0.409571,0.642844,100.894,19.5118,-279.204,100.894,19.5118,-279.204,0.104549
3496,3496,0A,0.474949,0.439228,0.407476,0.644566,100.908,19.8621,-279.464,100.908,19.8621,-279.464,0.112105
3504,3504,0A,0.475338,0.438833,0.406594,0.645106,100.915,19.3374,-279.584,100.915,19.3374,-279.584,0.119123
3512,3512,0A,0.474136,0.439689,0.405527,0.646078,100.965,19.0893,-279.748,100.965,19.0893,-279.748,0.119442
3520,3520,0A,0.4735,0.438735,0.40699,0.646272,100.878,18.6281,-279.687,100.878,18.6281,-279.687,0.124542
3528,3528,0A,0.47164,0.437904,0.407372,0.647954,100.987,18.8251,-279.719,100.987,18.8251,-279.719,0.127894
3536,3536,0A,0.47098,0.436217,0.409508,0.648226,100.962,18.5739,-279.695,100.962,18.5739,-279.695,0.1169
3544,3544,0A,0.470469,0.434773,0.411474,0.648322,100.896,18.3092,-279.698,100.896,18.3092,-279.698,0.116719
3552,3552,0A,0.469407,0.433526,0.412719,0.649134,100.931,18.4142,-279.653,100.931,18.4142,-279.653,0.115142
3560,3560,0A,0.468706,0.431985,0.414196,0.649727,100.981,18.4011,-279.643,100.981,18.4011,-279.643,0.139086
3568,3568,0A,0.468283,0.430075,0.417133,0.64942,100.812,18.2503,-279.606,100.812,18.2503,-279.606,0.120108
3576,3576,0A,0.465183,0.429037,0.418311,0.651573,100.995,18.333,-279.633,100.995,18.333,-279.633,0.124853
3584,3584,0A,0.46254,0.427567,0.4206,0.652946,100.895,17.9085,-279.669,100.895,17.9085,-279.669,0.125054
3592,3592,0A,0.460763,0.42509,0.423081,0.654216,101.046,17.8152,-279.555,101.046,17.8152,-279.555,0.125022
3600,3600,0A,0.45946,0.422678,0.426264,0.654629,100.961,17.7515,-279.806,100.961,17.7515,-279.806,0.108889
3608,3608,0A,0.458002,0.420526,0.427921,0.655955,101.087,17.6601,-279.592,101.087,17.6601,-279.592,0.135145
3616,3616,0A,0.458914,0.417398,0.431272,0.655119,101.018,17.6573,-279.677,101.018,17.6573,-279.677,0.100165
3624,3624,0A,0.458166,0.415332,0.433042,0.655788,101.096,17.4367,-279.624,101.096,17.4367,-279.624,0.113007
3632,3632,0A,0.457119,0.413955,0.434175,0.65664,101.109,17.4178,-279.718,101.109,17.4178,-279.718,0.137195
3640,3640,0A,0.4587,0.411079,0.437672,0.655021,101.087,17.1188,-279.676,101.087,17.1188,-279.676,0.0942293
3648,3648,0A,0.456733,0.410401,0.438903,0.655996,101.177,17.5063,-279.765,101.177,17.5063,-279.765,0.104276
3656,3656,0A,0.456546,0.40865,0.441795,0.655277,101.034,17.0522,-279.619,101.034,17.0522,-279.619,0.0965267
3664,3664,0A,0.455517,0.407697,0.442489,0.656118,101.079,17.1464,-279.632,101.079,17.1464,-279.632,0.120289
3672,3672,0A,0.455937,0.405382,0.444515,0.655892,101.277,17.0081,-279.702,101.277,17.0081,-279.702,0.113543
3680,3680,0A,0.455963,0.403564,0.447145,0.655207,101.289,16.944,-279.736,101.289,16.944,-279.736,0.0981825
3688,3688,0A,0.454895,0.402109,0.449548,0.655199,101.149,16.6728,-279.553,101.149,16.6728,-279.553,0.12064
3696,3696,0A,0.452381,0.401195,0.45049,0.656851,101.139,16.7567,-279.674,101.139,16.7567,-279.674,0.110677
3704,3704,0A,0.44895,0.400214,0.450993,0.659453,101.19,16.5661,-279.463,101.19,16.5661,-279.463,0.117333
3712,3712,0A,0.444335,0.399951,0.45128,0.662535,101.282,16.8817,-279.68,101.282,16.8817,-279.68,0.125554
3720,3720,0A,0.442151,0.398461,0.453752,0.663205,101.182,16.295,-279.437,101.182,16.295,-279.437,0.135442
3728,3728,0A,0.441428,0.396666,0.454832,0.664022,101.364,16.7339,-279.5,101.364,16.7339,-279.5,0.114075
3736,3736,0A,0.441496,0.395033,0.456514,0.663795,101.222,16.2274,-279.582,101.222,16.2274,-279.582,0.0939664
3744,3744,0A,0.440377,0.39462,0.456446,0.664831,101.298,16.4306,-279.596,101.298,16.4306,-279.596,0.113531
3752,3752,0A,0.441301,0.393352,0.457981,0.663914,101.278,16.2678,-279.716,101.278,16.2678,-279.716,0.101991
3760,3760,0A,0.441792,0.392769,0.457691,0.664132,101.327,16.3242,-279.565,101.327,16.3242,-279.565,0.0946048
3768,3768,0A,0.439618,0.393929,0.455316,0.666516,101.151,16.3098,-279.524,101.151,16.3098,-279.524,0.0859848
3776,3776,0A,0.43772,0.394687,0.452199,0.669432,101.354,16.2959,-279.67,101.354,16.2959,-279.67,0.109993
3784,3784,0A,0.438335,0.394876,0.450011,0.670392,101.325,16.3567,-279.759,101.325,16.3567,-279.759,0.115396
3792,3792,0A,0.440474,0.394009,0.448581,0.670459,101.469,16.609,-279.897,101.469,16.609,-279.897,0.0954931
3800,3800,0A,0.442077,0.394308,0.44704,0.670258,101.359,16.4402,-280.053,101.359,16.4402,-280.053,0.0959486
3808,3808,0A,0.441174,0.395697,0.44459,0.671661,101.368,16.622,-279.895,101.368,16.622,-279.895,0.119959
3816,3816,0A,0.440646,0.396515,0.444515,0.671575,101.311,16.5679,-279.982,101.311,16.5679,-279.982,0.115553
3824,3824,0A,0.440061,0.397142,0.445227,0.671117,101.291,16.4075,-279.809,101.291,16.4075,-279.809,0.11762
3832,3832,0A,0.438199,0.398264,0.445497,0.671491,101.356,16.55,-279.861,101.356,16.55,-279.861,0.104817
3840,3840,0A,0.437955,0.398707,0.445886,0.671129,101.376,16.3652,-279.903,101.376,16.3652,-279.903,0.108059
3848,3848,0A,0.437852,0.399836,0.444686,0.671321,101.302,16.6,-279.902,101.302,16.6,-279.902,0.115844
3856,3856,0A,0.438692,0.3991,0.44462,0.671254,101.713,16.6184,-280.127,101.713,16.6184,-280.127,0.136258
3864,3864,0A,0.440588,0.398922,0.444203,0.670393,101.678,16.6545,-280.157,101.678,16.6545,-280.157,0.129557
3872,3872,0A,0.442715,0.398365,0.444056,0.66942,101.69,16.7119,-280.131,101.69,16.7119,-280.131,0.12205
3880,3880,0A,0.443252,0.401066,0.440618,0.669723,101.311,17.1088,-280.047,101.311,17.1088,-280.047,0.102981
3888,3888,0A,0.444118,0.401886,0.439763,0.66922,101.267,16.7463,-279.76,101.267,16.7463,-279.76,0.124825
3896,3896,0A,0.443709,0.403736,0.438318,0.669326,101.314,17.263,-280.033,101.314,17.263,-280.033,0.112749
3904,3904,0A,0.44479,0.404892,0.438175,0.668002,101.301,17.0519,-279.759,101.301,17.0519,-279.759,0.11328
3912,3912,0A,0.44494,0.40678,0.437097,0.667461,101.279,17.296,-279.82,101.279,17.296,-279.82,0.102751
3920,3920,0A,0.447036,0.407387,0.437294,0.665559,101.177,16.87,-279.677,101.177,16.87,-279.677,0.110581
3928,3928,0A,0.447518,0.409023,0.435823,0.665196,101.265,17.2632,-279.815,101.265,17.2632,-279.815,0.11812
3936,3936,0A,0.447957,0.410442,0.435742,0.664079,101.197,17.195,-279.728,101.197,17.195,-279.728,0.119394
3944,3944,0A,0.448787,0.411361,0.43638,0.662529,101.248,17.3548,-279.715,101.248,17.3548,-279.715,0.111343
3952,3952,0A,0.449103,0.412949,0.436673,0.661133,101.071,17.1701,-279.49,101.071,17.1701,-279.49,0.116669
3960,3960,0A,0.448317,0.415257,0.435541,0.660967,101.124,17.4548,-279.558,101.124,17.4548,-279.558,0.118218
3968,3968,0A,0.447549,0.417285,0.435629,0.660152,101.032,17.3058,-279.456,101.032,17.3058,-279.456,0.134473
3976,3976,0A,0.446634,0.418755,0.436094,0.659533,101.117,17.5622,-279.48,101.117,17.5622,-279.48,0.106927
3984,3984,0A,0.446589,0.419548,0.436821,0.658578,100.968,17.0902,-279.359,100.968,17.0902,-279.359,0.1236
3992,3992,0A,0.447493,0.419244,0.436618,0.658293,101.095,17.4188,-279.415,101.095,17.4188,-279.415,0.101201
4000,4000,0A,0.448434,0.418705,0.436866,0.65783,101.035,17.2866,-279.467,101.035,17.2866,-279.467,0.124922
4008,4008,0A,0.44845,0.418035,0.437291,0.657964,101.117,17.4299,-279.392,101.117,17.4299,-279.392,0.12078
4016,4016,0A,0.44751,0.417838,0.437789,0.658398,101.103,17.3591,-279.474,101.103,17.3591,-279.474,0.126683
4024,4024,0A,0.44882,0.416462,0.438783,0.657716,101.146,17.3113,-279.389,101.146,17.3113,-279.389,0.110843
4032,4032,0A,0.449138,0.416781,0.437823,0.657937,101.37,17.5552,-279.718,101.37,17.5552,-279.718,0.121453
4040,4040,0A,0.448367,0.417711,0.437599,0.658021,101.052,17.3267,-279.422,101.052,17.3267,-279.422,0.112871
4048,4048,0A,0.448851,0.417463,0.437833,0.657693,101.07,17.3139,-279.428,101.07,17.3139,-279.428,0.114008
4056,4056,0A,0.45319,0.414332,0.439213,0.655775,101.465,17.5465,-279.773,101.465,17.5465,-279.773,0.124189
4064,4064,0A,0.455392,0.412856,0.439661,0.654879,101.486,17.5376,-279.859,101.486,17.5376,-279.859,0.131071
4072,4072,0A,0.457008,0.411295,0.440288,0.654314,101.521,17.5554,-279.857,101.521,17.5554,-279.857,0.126605
4080,4080,0A,0.457099,0.410606,0.440539,0.654514,101.491,17.5312,-279.936,101.491,17.5312,-279.936,0.127964
4088,4088,0A,0.458305,0.409178,0.441071,0.654206,101.541,17.4907,-279.913,101.541,17.4907,-279.913,0.132922
4096,4096,0A,0.45874,0.408343,0.441364,0.654226,101.54,17.5402,-279.957,101.54,17.5402,-279.957,0.117689
4104,4104,0A,0.458847,0.407845,0.441511,0.654363,101.515,17.4961,-279.93,101.515,17.4961,-279.93,0.137255
4112,4112,0A,0.458659,0.407586,0.441496,0.654666,101.548,17.6412,-280.022,101.548,17.6412,-280.022,0.107579
4120,4120,0A,0.457964,0.407356,0.441623,0.65521,101.562,17.472,-279.981,101.562,17.472,-279.981,0.146378
4128,4128,0A,0.45764,0.407,0.441757,0.655566,101.581,17.5726,-280.012,101.581,17.5726,-280.012,0.131091
4136,4136,0A,0.458268,0.406123,0.44225,0.655339,101.545,17.4451,-280.028,101.545,17.4451,-280.028,0.153842
4144,4144,0A,0.459623,0.404741,0.443053,0.654703,101.535,17.5435,-280.043,101.535,17.5435,-280.043,0.126292
4152,4152,0A,0.460119,0.404145,0.443567,0.654374,101.496,17.5012,-279.999,101.496,17.5012,-279.999,0.13629
4160,4160,0A,0.458603,0.405542,0.443109,0.654884,101.192,17.288,-279.736,101.192,17.288,-279.736,0.114164
4168,4168,0A,0.458865,0.404939,0.443798,0.654608,101.172,17.2528,-279.733,101.172,17.2528,-279.733,0.113354
4176,4176,0A,0.459033,0.404357,0.444439,0.654414,101.171,17.2332,-279.738,101.171,17.2332,-279.738,0.113859
4184,4184,0A,0.461434,0.401227,0.448479,0.651891,100.849,16.8511,-279.4,100.849,16.8511,-279.4,0.109724
4192,4192,0A,0.461987,0.399879,0.449933,0.651325,100.861,16.8278,-279.358,100.861,16.8278,-279.358,0.111723
4200,4200,0A,0.462463,0.398598,0.451397,0.65076,100.869,16.8233,-279.404,100.869,16.8233,-279.404,0.117085
4208,4208,0A,0.461416,0.396193,0.453943,0.651201,101.31,16.8777,-279.764,101.31,16.8777,-279.764,0.0992298
4216,4216,0A,0.461777,0.394815,0.45618,0.650218,101.149,16.4943,-279.668,101.149,16.4943,-279.668,0.110987
4224,4224,0A,0.46197,0.39281,0.458725,0.649505,101.19,16.4355,-279.622,101.19,16.4355,-279.622,0.107502
4232,4232,0A,0.461337,0.391038,0.46088,0.649497,101.22,16.4212,-279.639,101.22,16.4212,-279.639,0.128993
4240,4240,0A,0.460827,0.387973,0.464153,0.649368,101.213,16.2818,-279.523,101.213,16.2818,-279.523,0.113942
4248,4248,0A,0.459806,0.38558,0.466697,0.649693,101.225,16.2953,-279.591,101.225,16.2953,-279.591,0.112681
4256,4256,0A,0.458949,0.382784,0.470063,0.649526,101.305,15.9321,-279.627,101.305,15.9321,-279.627,0.145829
4264,4264,0A,0.460292,0.379034,0.474004,0.647908,101.359,16.0214,-279.531,101.359,16.0214,-279.531,0.0981196
4272,4272,0A,0.459659,0.376144,0.477263,0.647649,101.359,15.8034,-279.486,101.359,15.8034,-279.486,0.101301
4280,4280,0A,0.45776,0.374121,0.480202,0.647993,101.353,15.5962,-279.444,101.353,15.5962,-279.444,0.10682
4288,4288,0A,0.45656,0.371737,0.483491,0.647767,101.402,15.2875,-279.433,101.402,15.2875,-279.433,0.103914
4296,4296,0A,0.455359,0.369849,0.485413,0.648255,101.502,14.9671,-279.428,101.502,14.9671,-279.428,0.104743
4304,4304,0A,0.455354,0.368617,0.487037,0.647742,101.329,14.1403,-279.625,101.329,14.1403,-279.625,0.107606
4312,4312,0A,0.455014,0.368318,0.4877,0.647652,101.5,13.3317,-279.646,101.5,13.3317,-279.646,0.102267
4320,4320,0A,0.45559,0.367992,0.488963,0.646479,101.399,12.5404,-279.763,101.399,12.5404,-279.763,0.101048
4328,4328,0A,0.454494,0.366368,0.490874,0.646724,101.51,12.4702,-279.668,101.51,12.4702,-279.668,0.117523
4336,4336,0A,0.453136,0.364157,0.494061,0.6465,101.473,12.1056,-279.736,101.473,12.1056,-279.736,0.113045
4344,4344,0A,0.449524,0.363759,0.495765,0.647939,101.539,12.0184,-279.522,101.539,12.0184,-279.522,0.118048
4352,4352,0A,0.447211,0.363007,0.498251,0.648055,101.531,11.7787,-279.569,101.531,11.7787,-279.569,0.119284
4360,4360,0A,0.446391,0.36083,0.5016,0.647251,101.523,11.6025,-279.326,101.523,11.6025,-279.326,0.0989297
4368,4368,0A,0.444941,0.359349,0.50419,0.647062,101.38,11.2556,-279.508,101.38,11.2556,-279.508,0.097616
4376,4376,0A,0.443174,0.358067,0.505824,0.647709,101.507,11.252,-279.341,101.507,11.252,-279.341,0.0964696
4384,4384,0A,0.441763,0.358897,0.506608,0.6476,101.421,10.7173,-279.427,101.421,10.7173,-279.427,0.107039
4392,4392,0A,0.441309,0.358064,0.508076,0.647222,101.607,10.2452,-279.286,101.607,10.2452,-279.286,0.0955062
4400,4400,0A,0.439231,0.357537,0.509546,0.64777,101.525,9.6027,-279.187,101.525,9.6027,-279.187,0.0993739
4408,4408,0A,0.437467,0.356351,0.511198,0.648316,101.758,9.24902,-279.202,101.758,9.24902,-279.202,0.0896813
4416,4416,0A,0.436327,0.356232,0.512754,0.647921,101.535,8.547,-279.107,101.535,8.547,-279.107,0.098381
4424,4424,0A,0.435038,0.355776,0.513438,0.648495,101.678,8.11269,-278.85,101.678,8.11269,-278.85,0.108268
4432,4432,0A,0.434653,0.355141,0.514774,0.648043,101.489,7.35317,-279.001,101.489,7.35317,-279.001,0.0868179
4440,4440,0A,0.433315,0.354458,0.515858,0.648451,101.596,6.87575,-278.815,101.596,6.87575,-278.815,0.0830914
4448,4448,0A,0.430752,0.353403,0.518502,0.648626,101.623,6.54219,-278.738,101.623,6.54219,-278.738,0.0864334
4456,4456,0A,0.427562,0.352261,0.52128,0.649131,101.737,6.31923,-278.496,101.737,6.31923,-278.496,0.0949469
4464,4464,0A,0.425018,0.350959,0.524215,0.649143,101.824,6.2512,-278.641,101.824,6.2512,-278.641,0.0849748
4472,4472,0A,0.422019,0.349959,0.526888,0.649475,101.815,6.04755,-278.482,101.815,6.04755,-278.482,0.0839492
4480,4480,0A,0.420013,0.348534,0.529643,0.6493,101.728,6.09014,-278.346,101.728,6.09014,-278.346,0.0808323
4488,4488,0A,0.419253,0.346454,0.532665,0.648433,101.713,5.84769,-278.349,101.713,5.84769,-278.349,0.0817033
4496,4496,0A,0.418343,0.344453,0.534685,0.648424,101.814,5.69112,-278.307,101.814,5.69112,-278.307,0.0724795
4504,4504,0A,0.415582,0.343076,0.536199,0.649678,101.836,5.55484,-278.255,101.836,5.55484,-278.255,0.0870851
4512,4512,0A,0.414531,0.340874,0.538229,0.64983,101.846,5.39748,-278.12,101.846,5.39748,-278.12,0.0743134
4520,4520,0A,0.414468,0.340264,0.538924,0.649614,101.893,4.93339,-278.15,101.893,4.93339,-278.15,0.0812271
4528,4528,0A,0.414577,0.338654,0.540406,0.649154,101.944,4.35356,-277.917,101.944,4.35356,-277.917,0.0822786
4536,4536,0A,0.412935,0.337365,0.54159,0.649884,101.859,3.73616,-277.824,101.859,3.73616,-277.824,0.0693908
4544,4544,0A,0.410493,0.337204,0.541128,0.651897,102.093,3.3404,-277.578,102.093,3.3404,-277.578,0.0828602
4552,4552,0A,0.411278,0.33556,0.542796,0.650863,101.968,2.89968,-277.674,101.968,2.89968,-277.674,0.0767365
4560,4560,0A,0.411651,0.33431,0.544103,0.650179,101.992,2.5421,-277.353,101.992,2.5421,-277.353,0.0769003
4568,4568,0A,0.411538,0.33413,0.54456,0.64996,102.003,2.12892,-277.304,102.003,2.12892,-277.304,0.0796563
4576,4576,0A,0.411252,0.334135,0.544188,0.650451,102.279,1.88414,-277.134,102.279,1.88414,-277.134,0.079452
4584,4584,0A,0.411366,0.334889,0.544029,0.650123,101.959,1.2793,-277.12,101.959,1.2793,-277.12,0.0841742
4592,4592,0A,0.411744,0.334176,0.544198,0.650109,102.232,1.13305,-276.761,102.232,1.13305,-276.761,0.0715548
4600,4600,0A,0.409742,0.333854,0.546766,0.649385,102.111,0.767944,-276.782,102.111,0.767944,-276.782,0.0797155
4608,4608,0A,0.407246,0.333902,0.54886,0.649163,102.125,0.562913,-276.426,102.125,0.562913,-276.426,0.0937319
4616,4616,0A,0.404758,0.333861,0.55098,0.648945,102.044,0.430103,-276.556,102.044,0.430103,-276.556,0.0854894
4624,4624,0A,0.402225,0.333253,0.55287,0.649225,102.134,0.500463,-276.33,102.134,0.500463,-276.33,0.077882
4632,4632,0A,0.399353,0.332996,0.554903,0.649394,102.191,0.513452,-276.43,102.191,0.513452,-276.43,0.082687
4640,4640,0A,0.397125,0.331872,0.557776,0.648875,102.329,0.302825,-276.097,102.329,0.302825,-276.097,0.084814
4648,4648,0A,0.396321,0.329905,0.561702,0.64698,102.129,0.122444,-276.122,102.129,0.122444,-276.122,0.0738686
4656,4656,0A,0.395797,0.327543,0.565295,0.64537,102.132,-0.0374711,-276.074,102.132,-0.0374711,-276.074,0.0723459
4664,4664,0A,0.395056,0.325863,0.567505,0.644735,102.222,-0.0519929,-275.879,102.222,-0.0519929,-275.879,0.0807902
4672,4672,0A,0.393341,0.324721,0.569364,0.64472,102.321,0.010505,-275.971,102.321,0.010505,-275.971,0.0853588
4680,4680,0A,0.391933,0.324385,0.570843,0.644439,102.271,-0.0614092,-275.859,102.271,-0.0614092,-275.859,0.0902688
4688,4688,0A,0.392309,0.322969,0.572702,0.643271,102.322,-0.100408,-275.806,102.322,-0.100408,-275.806,0.0902676
4696,4696,0A,0.393497,0.321574,0.574184,0.641922,102.171,-0.235251,-275.711,102.171,-0.235251,-275.711,0.0794727
4704,4704,0A,0.394321,0.320344,0.574932,0.641362,102.217,-0.183558,-275.851,102.217,-0.183558,-275.851,0.0734534
4712,4712,0A,0.393892,0.320314,0.574998,0.641581,102.329,-0.221607,-275.67,102.329,-0.221607,-275.67,0.090148
4720,4720,0A,0.393488,0.320119,0.575989,0.641037,102.344,-0.0810633,-275.853,102.344,-0.0810633,-275.853,0.0812359
4728,4728,0A,0.395076,0.318737,0.577912,0.639015,102.42,-0.0528843,-275.817,102.42,-0.0528843,-275.817,0.0743589
4736,4736,0A,0.394571,0.319319,0.578835,0.6382,102.093,-0.338822,-275.602,102.093,-0.338822,-275.602,0.0747753
4744,4744,0A,0.39242,0.320063,0.578124,0.639796,102.478,-0.344387,-275.355,102.478,-0.344387,-275.355,0.079364
4752,4752,0A,0.389953,0.320932,0.578509,0.640521,102.208,-0.506663,-275.612,102.208,-0.506663,-275.612,0.0809949
4760,4760,0A,0.387996,0.321706,0.577318,0.642392,102.441,-0.393028,-275.517,102.441,-0.393028,-275.517,0.0799567
4768,4768,0A,0.387745,0.322376,0.576378,0.643052,102.319,-0.530519,-275.63,102.319,-0.530519,-275.63,0.077641
4776,4776,0A,0.38506,0.325218,0.57338,0.645909,102.386,-0.399521,-275.544,102.386,-0.399521,-275.544,0.091539
4784,4784,0A,0.383651,0.32664,0.571815,0.647415,102.22,-0.490792,-275.714,102.22,-0.490792,-275.714,0.0804029
4792,4792,0A,0.382906,0.328133,0.569133,0.64946,102.385,-0.311239,-275.65,102.385,-0.311239,-275.65,0.102227
4800,4800,0A,0.386827,0.326238,0.569935,0.647385,102.025,-0.339467,-275.941,102.025,-0.339467,-275.941,0.074649
4808,4808,0A,0.389305,0.323581,0.571078,0.646226,102.426,-0.0364308,-275.76,102.426,-0.0364308,-275.76,0.0784488
4816,4816,0A,0.389584,0.323249,0.57137,0.645965,102.434,0.232052,-276.16,102.434,0.232052,-276.16,0.0946769
4824,4824,0A,0.391508,0.320924,0.572959,0.644552,102.271,0.175215,-275.986,102.271,0.175215,-275.986,0.0800327
4832,4832,0A,0.39173,0.319512,0.573753,0.644412,102.411,0.129974,-276.058,102.411,0.129974,-276.058,0.0681712
4840,4840,0A,0.390385,0.319426,0.5743,0.644785,102.468,0.125463,-275.989,102.468,0.125463,-275.989,0.081931
4848,4848,0A,0.390861,0.317977,0.576151,0.643559,102.347,0.0577252,-276.03,102.347,0.0577252,-276.03,0.0728757
4856,4856,0A,0.39203,0.317924,0.576457,0.6426,102.028,0.0472205,-275.631,102.028,0.0472205,-275.631,0.0794625
4864,4864,0A,0.392758,0.316785,0.577044,0.642191,102.092,0.113732,-275.707,102.092,0.113732,-275.707,0.0900159
4872,4872,0A,0.39213,0.316289,0.577194,0.642684,102.117,0.250559,-275.72,102.117,0.250559,-275.72,0.0935876
4880,4880,0A,0.393657,0.313652,0.579462,0.641,102.071,0.172819,-275.771,102.071,0.172819,-275.771,0.0790111
4888,4888,0A,0.390663,0.312414,0.580898,0.642136,102.548,0.0730138,-275.835,102.548,0.0730138,-275.835,0.0863557
4896,4896,0A,0.391572,0.310546,0.582683,0.640869,102.629,-0.0922029,-275.885,102.629,-0.0922029,-275.885,0.0774482
4904,4904,0A,0.390413,0.311041,0.583136,0.640924,102.462,-0.220602,-275.827,102.462,-0.220602,-275.827,0.0763665
4912,4912,0A,0.389339,0.311003,0.583672,0.641109,102.599,-0.218709,-275.786,102.599,-0.218709,-275.786,0.0751448
4920,4920,0A,0.388717,0.310704,0.58456,0.640821,102.57,-0.255065,-275.738,102.57,-0.255065,-275.738,0.0706483
4928,4928,0A,0.387093,0.311553,0.584321,0.64161,102.686,-0.226554,-275.717,102.686,-0.226554,-275.717,0.0648625
4936,4936,0A,0.385774,0.312774,0.584235,0.641888,102.385,-0.522398,-275.612,102.385,-0.522398,-275.612,0.0711916
4944,4944,0A,0.384825,0.314127,0.582949,0.642965,102.4,-0.610319,-275.525,102.4,-0.610319,-275.525,0.0816811
4952,4952,0A,0.384911,0.314475,0.582702,0.642968,102.837,-0.420993,-275.928,102.837,-0.420993,-275.928,0.112129
4960,4960,0A,0.385485,0.314015,0.582956,0.642618,102.904,-0.589623,-275.773,102.904,-0.589623,-275.773,0.127948
4968,4968,0A,0.38592,0.313995,0.582967,0.642358,102.904,-0.802602,-275.738,102.904,-0.802602,-275.738,0.139224
4976,4976,0A,0.386501,0.312881,0.583374,0.642182,102.558,-0.743712,-275.445,102.558,-0.743712,-275.445,0.0809107
4984,4984,0A,0.386384,0.312897,0.583483,0.642146,102.585,-0.92362,-275.358,102.585,-0.92362,-275.358,0.0797686
4992,4992,0A,0.386144,0.313095,0.58346,0.642214,102.585,-1.10569,-275.238,102.585,-1.10569,-275.238,0.0801265
5000,5000,0A,0.386075,0.313238,0.583345,0.64229,102.627,-1.2973,-275.136,102.627,-1.2973,-275.136,0.0808014
5008,5008,0A,0.386155,0.313321,0.58328,0.642261,102.614,-1.51815,-275.018,102.614,-1.51815,-275.018,0.0821712
5016,5016,0A,0.386396,0.313149,0.583295,0.642186,102.629,-1.71983,-274.912,102.629,-1.71983,-274.912,0.0807274
5024,5024,0A,0.386714,0.313021,0.583242,0.642106,102.662,-1.93646,-274.786,102.662,-1.93646,-274.786,0.0820679
5032,5032,0A,0.387019,0.312962,0.583206,0.641983,102.655,-2.15891,-274.663,102.655,-2.15891,-274.663,0.081357
5040,5040,0A,0.387299,0.312838,0.58329,0.641798,102.646,-2.31956,-274.558,102.646,-2.31956,-274.558,0.078147
5048,5048,0A,0.387404,0.312781,0.583402,0.641661,102.655,-2.4948,-274.457,102.655,-2.4948,-274.457,0.0790717
5056,5056,0A,0.387488,0.312719,0.583513,0.641539,102.66,-2.65542,-274.355,102.66,-2.65542,-274.355,0.0793654
5064,5064,0A,0.387399,0.312779,0.583628,0.641459,102.651,-2.79508,-274.259,102.651,-2.79508,-274.259,0.0789878
5072,5072,0A,0.387376,0.312096,0.585386,0.640202,102.873,-3.13534,-273.799,102.873,-3.13534,-273.799,0.0788753
5080,5080,0A,0.388121,0.312381,0.586111,0.638948,102.557,-3.57657,-273.844,102.557,-3.57657,-273.844,0.0681457
5088,5088,0A,0.387135,0.313496,0.584797,0.640203,102.502,-3.58815,-273.559,102.502,-3.58815,-273.559,0.0759641
5096,5096,0A,0.385654,0.314596,0.583878,0.641395,102.924,-3.40396,-274.065,102.924,-3.40396,-274.065,0.115569
5104,5104,0A,0.387704,0.312798,0.58458,0.640398,102.608,-3.39342,-273.764,102.608,-3.39342,-273.764,0.0744868
5112,5112,0A,0.387756,0.312726,0.584768,0.64023,102.636,-3.47354,-273.691,102.636,-3.47354,-273.691,0.0742657
5120,5120,0A,0.387702,0.312707,0.584891,0.640159,102.63,-3.59764,-273.621,102.63,-3.59764,-273.621,0.0772751
5128,5128,0A,0.387874,0.312318,0.585184,0.639978,102.618,-3.69891,-273.54,102.618,-3.69891,-273.54,0.0734349
5136,5136,0A,0.388048,0.312019,0.58548,0.639747,102.589,-3.81925,-273.451,102.589,-3.81925,-273.451,0.0712632
5144,5144,0A,0.388291,0.311662,0.585696,0.639576,102.596,-3.92653,-273.357,102.596,-3.92653,-273.357,0.0729096
5152,5152,0A,0.388474,0.311294,0.585981,0.639384,102.562,-4.04543,-273.294,102.562,-4.04543,-273.294,0.0720772
5160,5160,0A,0.390552,0.308414,0.588602,0.637101,102.214,-4.20257,-272.915,102.214,-4.20257,-272.915,0.078237
5168,5168,0A,0.387788,0.309656,0.589143,0.637687,102.511,-4.3725,-272.943,102.511,-4.3725,-272.943,0.0797103
5176,5176,0A,0.386898,0.309737,0.590685,0.63676,102.443,-4.6027,-272.963,102.443,-4.6027,-272.963,0.0794492
5184,5184,0A,0.385112,0.309787,0.591936,0.636658,102.572,-4.48416,-272.838,102.572,-4.48416,-272.838,0.0866917
5192,5192,0A,0.385032,0.308623,0.593954,0.63539,102.529,-4.57595,-272.77,102.529,-4.57595,-272.77,0.0673431
5200,5200,0A,0.383796,0.309135,0.594531,0.635351,102.611,-4.65334,-272.674,102.611,-4.65334,-272.674,0.0786236
5208,5208,0A,0.384601,0.307888,0.595663,0.634407,102.718,-4.8222,-272.421,102.718,-4.8222,-272.421,0.0705268
5216,5216,0A,0.385561,0.307017,0.596476,0.633483,102.687,-5.23562,-272.143,102.687,-5.23562,-272.143,0.0721617
5224,5224,0A,0.387222,0.305719,0.597259,0.632358,102.505,-5.48177,-271.895,102.505,-5.48177,-271.895,0.0703663
5232,5232,0A,0.386793,0.306632,0.596971,0.632451,102.344,-5.92531,-271.62,102.344,-5.92531,-271.62,0.0840789
5240,5240,0A,0.388367,0.305014,0.597143,0.632106,102.682,-5.88102,-271.367,102.682,-5.88102,-271.367,0.0699327
5248,5248,0A,0.387448,0.305176,0.598433,0.631371,102.553,-6.35133,-271.166,102.553,-6.35133,-271.166,0.0793194
5256,5256,0A,0.386908,0.304755,0.600044,0.630376,102.586,-6.33859,-270.922,102.586,-6.33859,-270.922,0.0663591
5264,5264,0A,0.384786,0.306374,0.601298,0.629695,102.643,-6.46744,-270.864,102.643,-6.46744,-270.864,0.0858262
5272,5272,0A,0.383342,0.306711,0.60355,0.628256,102.676,-6.32312,-270.662,102.676,-6.32312,-270.662,0.0685549
5280,5280,0A,0.380628,0.308525,0.60545,0.627189,102.631,-6.42073,-270.557,102.631,-6.42073,-270.557,0.07437
5288,5288,0A,0.37912,0.309145,0.607919,0.625406,102.641,-6.35113,-270.388,102.641,-6.35113,-270.388,0.074596
5296,5296,0A,0.376843,0.310637,0.610659,0.623369,102.573,-6.54404,-270.317,102.573,-6.54404,-270.317,0.0774739
5304,5304,0A,0.374514,0.311343,0.613854,0.62128,102.663,-6.5359,-270.148,102.663,-6.5359,-270.148,0.0744794
5312,5312,0A,0.372281,0.312808,0.616087,0.619674,102.727,-6.78746,-269.819,102.727,-6.78746,-269.819,0.0810523
5320,5320,0A,0.370091,0.314346,0.616524,0.619772,102.885,-6.81919,-269.6,102.885,-6.81919,-269.6,0.0898549
5328,5328,0A,0.367902,0.316256,0.616092,0.620532,102.753,-7.12552,-269.093,102.753,-7.12552,-269.093,0.0827042
5336,5336,0A,0.367192,0.316963,0.615913,0.62077,102.624,-7.35409,-268.677,102.624,-7.35409,-268.677,0.0834287
5344,5344,0A,0.369384,0.315973,0.616683,0.619209,102.581,-8.01722,-268.148,102.581,-8.01722,-268.148,0.0924724
5352,5352,0A,0.372164,0.31477,0.616031,0.618806,102.426,-8.2267,-267.813,102.426,-8.2267,-267.813,0.0811121
5360,5360,0A,0.374528,0.313197,0.61588,0.618328,102.538,-8.53929,-267.428,102.538,-8.53929,-267.428,0.0693566
5368,5368,0A,0.373538,0.312971,0.616668,0.618255,102.702,-8.43974,-267.06,102.702,-8.43974,-267.06,0.0654699
5376,5376,0A,0.371249,0.31438,0.619014,0.616572,102.575,-8.73393,-266.873,102.575,-8.73393,-266.873,0.0848598
5384,5384,0A,0.36992,0.314411,0.621845,0.614503,102.593,-8.72318,-266.729,102.593,-8.72318,-266.729,0.0802484
5392,5392,0A,0.366835,0.316329,0.623664,0.613525,102.514,-8.79322,-266.538,102.514,-8.79322,-266.538,0.079085
5400,5400,0A,0.362576,0.319499,0.624824,0.613233,102.589,-8.70982,-266.448,102.589,-8.70982,-266.448,0.0812369
5408,5408,0A,0.359419,0.321941,0.626782,0.611814,102.6,-8.68357,-266.303,102.6,-8.68357,-266.303,0.0705502
5416,5416,0A,0.356212,0.324481,0.629038,0.610029,102.567,-8.79132,-266.094,102.567,-8.79132,-266.094,0.0677662
5424,5424,0A,0.353163,0.326568,0.631576,0.608064,102.525,-8.8747,-265.925,102.525,-8.8747,-265.925,0.080448
5432,5432,0A,0.350961,0.327866,0.634481,0.605611,102.48,-8.86983,-265.761,102.48,-8.86983,-265.761,0.0837675
5440,5440,0A,0.349095,0.329333,0.636742,0.603516,102.626,-8.84485,-265.321,102.626,-8.84485,-265.321,0.0926085
5448,5448,0A,0.346696,0.331882,0.638369,0.601782,102.489,-8.94828,-265.206,102.489,-8.94828,-265.206,0.0859332
5456,5456,0A,0.343217,0.334287,0.640065,0.600643,102.414,-8.9791,-265.011,102.414,-8.9791,-265.011,0.0766409
5464,5464,0A,0.340174,0.3358,0.642169,0.599282,102.426,-8.97036,-264.904,102.426,-8.97036,-264.904,0.0697821
5472,5472,0A,0.337988,0.337468,0.64347,0.598185,102.318,-9.02545,-264.59,102.318,-9.02545,-264.59,0.0719817
5480,5480,0A,0.336887,0.339364,0.643233,0.597989,102.388,-9.20181,-264.346,102.388,-9.20181,-264.346,0.077626
5488,5488,0A,0.337823,0.33925,0.643362,0.597386,102.575,-9.09952,-264.187,102.575,-9.09952,-264.187,0.0795277
5496,5496,0A,0.339543,0.338863,0.644144,0.595786,102.393,-9.34242,-263.904,102.393,-9.34242,-263.904,0.0750398
5504,5504,0A,0.338994,0.340478,0.643688,0.595671,102.453,-9.58193,-263.292,102.453,-9.58193,-263.292,0.0902829
5512,5512,0A,0.339757,0.34032,0.644359,0.594599,102.438,-9.58766,-262.974,102.438,-9.58766,-262.974,0.0805551
5520,5520,0A,0.339801,0.341303,0.644857,0.59347,102.309,-9.67248,-262.67,102.309,-9.67248,-262.67,0.080493
5528,5528,0A,0.339451,0.343083,0.645824,0.59159,102.266,-9.97306,-262.175,102.266,-9.97306,-262.175,0.0854377
5536,5536,0A,0.338567,0.344906,0.646974,0.589776,102.328,-9.70967,-261.905,102.328,-9.70967,-261.905,0.0814009
5544,5544,0A,0.337726,0.347876,0.64839,0.586953,102.292,-9.9514,-261.476,102.292,-9.9514,-261.476,0.0878302
5552,5552,0A,0.335903,0.350882,0.649523,0.584954,102.266,-9.83064,-261.076,102.266,-9.83064,-261.076,0.0881492
5560,5560,0A,0.334165,0.353856,0.650717,0.582826,102.288,-10.0683,-260.676,102.288,-10.0683,-260.676,0.0880259
5568,5568,0A,0.332523,0.356406,0.650963,0.581936,102.122,-9.91101,-260.259,102.122,-9.91101,-260.259,0.085693
5576,5576,0A,0.333345,0.358003,0.65146,0.579926,102.053,-10.1348,-259.971,102.053,-10.1348,-259.971,0.083301
5584,5584,0A,0.334319,0.359112,0.651505,0.578628,101.976,-10.4388,-259.323,101.976,-10.4388,-259.323,0.0755368
5592,5592,0A,0.333977,0.361229,0.649648,0.579595,102.139,-10.3396,-258.85,102.139,-10.3396,-258.85,0.091894
5600,5600,0A,0.335226,0.361709,0.648802,0.579523,102.188,-10.3478,-258.245,102.188,-10.3478,-258.245,0.0856593
5608,5608,0A,0.336483,0.363049,0.647612,0.579287,101.756,-10.5356,-257.48,101.756,-10.5356,-257.48,0.0868813
5616,5616,0A,0.338555,0.362871,0.646602,0.579319,101.942,-10.4279,-256.743,101.942,-10.4279,-256.743,0.0833467
5624,5624,0A,0.339603,0.364009,0.645697,0.579002,101.944,-10.5626,-255.916,101.944,-10.5626,-255.916,0.0936173
5632,5632,0A,0.340532,0.363831,0.645048,0.57929,102.052,-10.339,-254.992,102.052,-10.339,-254.992,0.0962883
5640,5640,0A,0.341915,0.363315,0.644357,0.57957,102.245,-10.436,-253.687,102.245,-10.436,-253.687,0.0930211
5648,5648,0A,0.343525,0.361813,0.64415,0.579787,102.102,-10.2014,-252.444,102.102,-10.2014,-252.444,0.0857845
5656,5656,0A,0.345031,0.360737,0.643547,0.580232,102.186,-9.98279,-251.121,102.186,-9.98279,-251.121,0.0742443
5664,5664,0A,0.348487,0.356926,0.644995,0.578915,102.136,-9.90878,-249.7,102.136,-9.90878,-249.7,0.0596146
5672,5672,0A,0.350112,0.354133,0.645944,0.578591,102.157,-9.39664,-248.368,102.157,-9.39664,-248.368,0.060243
5680,5680,0A,0.35127,0.35173,0.64797,0.577088,102.32,-8.84917,-247.297,102.32,-8.84917,-247.297,0.0673788
5688,5688,0A,0.352701,0.350463,0.651434,0.573072,102.363,-8.72029,-246.771,102.363,-8.72029,-246.771,0.0687095
5696,5696,0A,0.353557,0.349859,0.655629,0.568109,102.32,-8.76413,-246.622,102.32,-8.76413,-246.622,0.0624153
5704,5704,0A,0.352683,0.350882,0.65893,0.564188,102.3,-8.67729,-246.212,102.3,-8.67729,-246.212,0.0699609
5712,5712,0A,0.352752,0.351327,0.662992,0.559086,102.227,-8.79434,-246.064,102.227,-8.79434,-246.064,0.0683023
5720,5720,0A,0.353946,0.350684,0.666755,0.55424,102.246,-8.71204,-245.805,102.246,-8.71204,-245.805,0.0778357
5728,5728,0A,0.356068,0.34909,0.670813,0.548965,102.352,-8.71903,-245.687,102.352,-8.71903,-245.687,0.0733155
5736,5736,0A,0.356479,0.348848,0.674352,0.544498,102.366,-8.64692,-245.458,102.366,-8.64692,-245.458,0.0692374
5744,5744,0A,0.356158,0.349463,0.67788,0.539913,102.339,-8.68488,-245.298,102.339,-8.68488,-245.298,0.0759195
5752,5752,0A,0.357093,0.348719,0.682222,0.534278,102.312,-8.63497,-245.034,102.312,-8.63497,-245.034,0.0836072
5760,5760,0A,0.359872,0.346056,0.687365,0.52751,102.381,-8.65041,-244.878,102.381,-8.65041,-244.878,0.0742741
5768,5768,0A,0.360993,0.34496,0.69161,0.521883,102.291,-8.57422,-244.725,102.291,-8.57422,-244.725,0.0664114
5776,5776,0A,0.361448,0.345076,0.695234,0.51665,102.393,-8.4937,-244.483,102.393,-8.4937,-244.483,0.0721611
5784,5784,0A,0.361993,0.344372,0.700151,0.510057,102.329,-8.47388,-244.202,102.329,-8.47388,-244.202,0.073843
5792,5792,0A,0.362414,0.344238,0.704706,0.503533,102.441,-8.51982,-243.852,102.441,-8.51982,-243.852,0.0822656
5800,5800,0A,0.363979,0.341897,0.709762,0.496854,102.393,-8.36985,-243.612,102.393,-8.36985,-243.612,0.0796921
5808,5808,0A,0.36665,0.340595,0.713822,0.48992,102.378,-8.38748,-243.551,102.378,-8.38748,-243.551,0.0776461
5816,5816,0A,0.368205,0.340068,0.717318,0.483976,102.384,-8.19565,-243.263,102.384,-8.19565,-243.263,0.0863806
5824,5824,0A,0.369115,0.339642,0.721499,0.477323,102.303,-8.29667,-243.052,102.303,-8.29667,-243.052,0.0776286
5832,5832,0A,0.369438,0.339172,0.725465,0.471358,102.363,-8.11182,-242.784,102.363,-8.11182,-242.784,0.0782111
5840,5840,0A,0.371552,0.337683,0.730008,0.463688,102.404,-8.06966,-242.559,102.404,-8.06966,-242.559,0.0755515
5848,5848,0A,0.375478,0.333051,0.735694,0.454805,102.311,-8.05071,-242.343,102.311,-8.05071,-242.343,0.0620592
5856,5856,0A,0.377177,0.332337,0.738839,0.448784,102.433,-7.94721,-242.126,102.433,-7.94721,-242.126,0.078792
5864,5864,0A,0.378085,0.330628,0.742664,0.44293,102.343,-7.87964,-241.943,102.343,-7.87964,-241.943,0.0799307
5872,5872,0A,0.378873,0.328121,0.746097,0.438329,102.375,-8.04163,-241.813,102.375,-8.04163,-241.813,0.0740124
5880,5880,0A,0.378435,0.327137,0.748519,0.435302,102.592,-7.95597,-241.808,102.592,-7.95597,-241.808,0.0850983
5888,5888,0A,0.378621,0.325841,0.752835,0.428619,102.355,-8.32531,-242.614,102.355,-8.32531,-242.614,0.0827839
5896,5896,0A,0.379286,0.324789,0.756383,0.422539,102.356,-8.58483,-243.187,102.356,-8.58483,-243.187,0.0843485
5904,5904,0A,0.379201,0.325534,0.758878,0.41754,102.318,-8.79984,-243.774,102.318,-8.79984,-243.774,0.0845219
5912,5912,0A,0.379735,0.325599,0.761365,0.412444,102.297,-8.98901,-244.16,102.297,-8.98901,-244.16,0.0841621
5920,5920,0A,0.380078,0.327171,0.762384,0.408986,102.221,-8.99297,-244.295,102.221,-8.99297,-244.295,0.0844014
5928,5928,0A,0.381764,0.326754,0.763244,0.406138,102.381,-8.77226,-244.287,102.381,-8.77226,-244.287,0.0778207
5936,5936,0A,0.382072,0.32776,0.764013,0.403582,102.261,-8.74972,-244.165,102.261,-8.74972,-244.165,0.0820288
5944,5944,0A,0.381874,0.32853,0.764685,0.401867,102.319,-8.75994,-244.197,102.319,-8.75994,-244.197,0.0789763
5952,5952,0A,0.380282,0.330561,0.76518,0.400767,102.299,-8.67198,-244.094,102.299,-8.67198,-244.094,0.0774255
5960,5960,0A,0.379614,0.331225,0.766474,0.398373,102.407,-8.53811,-243.884,102.407,-8.53811,-243.884,0.0755955
5968,5968,0A,0.378824,0.332075,0.768096,0.395283,102.273,-8.51935,-243.865,102.273,-8.51935,-243.865,0.0748879
5976,5976,0A,0.379159,0.332198,0.769608,0.391902,102.188,-8.5707,-243.762,102.188,-8.5707,-243.762,0.0776885
5984,5984,0A,0.379429,0.332964,0.770349,0.389526,102.262,-8.45069,-243.667,102.262,-8.45069,-243.667,0.090303
5992,5992,0A,0.3807,0.33152,0.772544,0.385146,102.276,-8.48999,-243.571,102.276,-8.48999,-243.571,0.0780313
6000,6000,0A,0.381059,0.331354,0.774005,0.381988,102.38,-8.42619,-243.472,102.38,-8.42619,-243.472,0.0838995
6008,6008,0A,0.381913,0.32958,0.776534,0.377511,102.316,-8.39632,-243.361,102.316,-8.39632,-243.361,0.0770191
6016,6016,0A,0.382202,0.330086,0.777897,0.373953,102.276,-8.27858,-243.302,102.276,-8.27858,-243.302,0.0782627
6024,6024,0A,0.382961,0.330865,0.779031,0.370109,102.267,-8.20119,-243.14,102.267,-8.20119,-243.14,0.0748055
6032,6032,0A,0.382774,0.332305,0.779909,0.367151,102.174,-8.1551,-243.077,102.174,-8.1551,-243.077,0.075623
6040,6040,0A,0.382769,0.332375,0.781311,0.364098,102.246,-8.02763,-242.95,102.246,-8.02763,-242.95,0.0707316
6048,6048,0A,0.381914,0.333917,0.782612,0.360777,102.222,-8.00854,-242.791,102.222,-8.00854,-242.791,0.0774272
6056,6056,0A,0.380594,0.33582,0.783581,0.358294,102.204,-7.92324,-242.75,102.204,-7.92324,-242.75,0.0718264
6064,6064,0A,0.379697,0.337157,0.78456,0.35584,102.229,-7.79685,-242.527,102.229,-7.79685,-242.527,0.0708187
6072,6072,0A,0.379046,0.338897,0.785495,0.352802,102.067,-7.82487,-242.37,102.067,-7.82487,-242.37,0.0738704
6080,6080,0A,0.378374,0.340572,0.785888,0.351032,102.298,-7.56568,-241.942,102.298,-7.56568,-241.942,0.0827825
6088,6088,0A,0.377705,0.339837,0.788364,0.346889,102.197,-7.59566,-241.859,102.197,-7.59566,-241.859,0.0749956
6096,6096,0A,0.376217,0.341385,0.789112,0.345281,102.146,-7.43531,-241.728,102.146,-7.43531,-241.728,0.0785439
6104,6104,0A,0.375498,0.343505,0.789231,0.343687,102.232,-7.36119,-241.546,102.232,-7.36119,-241.546,0.0767042
6112,6112,0A,0.374438,0.346191,0.788894,0.34292,102.165,-7.2241,-241.141,102.165,-7.2241,-241.141,0.0807122
6128,6128,0A,0.373071,0.347162,0.789009,0.343164,101.866,-6.70858,-239.876,101.866,-6.70858,-239.876,0.068488
6136,6136,0A,0.372209,0.347177,0.788803,0.344555,101.859,-6.2872,-238.89,101.859,-6.2872,-238.89,0.071562
6144,6144,0A,0.369398,0.350087,0.788517,0.345292,101.964,-5.85466,-237.93,101.964,-5.85466,-237.93,0.0790013
6152,6152,0A,0.366486,0.35431,0.788564,0.343977,102.036,-5.58565,-237.212,102.036,-5.58565,-237.212,0.0805876
6160,6160,0A,0.364339,0.358311,0.787939,0.343544,101.929,-5.27335,-236.967,101.929,-5.27335,-236.967,0.0805019
6168,6168,0A,0.361741,0.364115,0.785585,0.345575,102.082,-4.68884,-236.499,102.082,-4.68884,-236.499,0.0983132
6176,6176,0A,0.36105,0.364379,0.788671,0.338923,101.924,-4.82076,-236.174,101.924,-4.82076,-236.174,0.0655275
6184,6184,0A,0.357953,0.368789,0.789111,0.336406,101.91,-4.64726,-235.993,101.91,-4.64726,-235.993,0.0612995
6192,6192,0A,0.356514,0.372433,0.788677,0.334935,101.887,-4.76281,-236.052,101.887,-4.76281,-236.052,0.0681071
6200,6200,0A,0.355043,0.375418,0.787681,0.335508,101.809,-4.74415,-236.092,101.809,-4.74415,-236.092,0.0746428
6208,6208,0A,0.352659,0.37862,0.787193,0.33557,101.852,-4.62799,-236.162,101.852,-4.62799,-236.162,0.0800542
6216,6216,0A,0.349479,0.383142,0.787484,0.333069,102.062,-4.28423,-235.735,102.062,-4.28423,-235.735,0.0783723
6224,6224,0A,0.345585,0.387415,0.789349,0.327733,102.017,-4.2011,-235.395,102.017,-4.2011,-235.395,0.0633839
6232,6232,0A,0.343135,0.391413,0.789758,0.324556,101.794,-4.3875,-235.446,101.794,-4.3875,-235.446,0.0572487
6240,6240,0A,0.341856,0.396455,0.786952,0.326596,101.837,-4.28414,-235.486,101.837,-4.28414,-235.486,0.0690624
6248,6248,0A,0.340614,0.402077,0.784161,0.327732,102.057,-4.12548,-235.447,102.057,-4.12548,-235.447,0.085255
6256,6256,0A,0.338012,0.404936,0.785603,0.323425,101.96,-3.88877,-235.142,101.96,-3.88877,-235.142,0.0685209
6264,6264,0A,0.335285,0.408446,0.786567,0.319482,101.879,-3.90594,-235.064,101.879,-3.90594,-235.064,0.0682518
6272,6272,0A,0.334636,0.410251,0.786123,0.318941,101.896,-3.97794,-235.09,101.896,-3.97794,-235.09,0.0649285
6280,6280,0A,0.3349,0.413154,0.783804,0.32062,101.967,-3.97741,-235.149,101.967,-3.97741,-235.149,0.0718047
6288,6288,0A,0.333278,0.417192,0.782134,0.321159,102.034,-3.81421,-235.092,102.034,-3.81421,-235.092,0.0817281
6296,6296,0A,0.330621,0.419578,0.782985,0.318715,102.106,-3.63162,-234.803,102.106,-3.63162,-234.803,0.0743253
6304,6304,0A,0.328864,0.420281,0.784479,0.31592,101.909,-3.72881,-234.764,101.909,-3.72881,-234.764,0.062969
6312,6312,0A,0.328861,0.420307,0.784711,0.31531,101.848,-3.83596,-234.808,101.848,-3.83596,-234.808,0.0657477
6320,6320,0A,0.327745,0.422372,0.783391,0.316992,101.951,-3.7569,-234.885,101.951,-3.7569,-234.885,0.0761626
6328,6328,0A,0.326146,0.423073,0.784173,0.315768,101.944,-3.69089,-234.744,101.944,-3.69089,-234.744,0.0770612
6336,6336,0A,0.324626,0.422112,0.785826,0.31451,101.904,-3.51497,-234.432,101.904,-3.51497,-234.432,0.0710686
6344,6344,0A,0.324476,0.421194,0.785109,0.317672,101.995,-3.51627,-234.362,101.995,-3.51627,-234.362,0.0727692
6352,6352,0A,0.325559,0.419184,0.78504,0.319389,102.374,-3.22765,-234.109,102.374,-3.22765,-234.109,0.0739906
6360,6360,0A,0.32619,0.419892,0.785164,0.317502,102.571,-3.55235,-234.567,102.571,-3.55235,-234.567,0.0687215
6368,6368,0A,0.325375,0.42021,0.785341,0.317482,102.613,-3.43306,-234.409,102.613,-3.43306,-234.409,0.0657854
6376,6376,0A,0.325289,0.419781,0.785679,0.317301,102.629,-3.39338,-234.361,102.629,-3.39338,-234.361,0.0614204
6384,6384,0A,0.324889,0.419901,0.785726,0.317433,102.646,-3.30149,-234.319,102.646,-3.30149,-234.319,0.0583344
6392,6392,0A,0.323871,0.421941,0.784989,0.317593,102.638,-3.29783,-234.287,102.638,-3.29783,-234.287,0.0599317
6400,6400,0A,0.322468,0.424777,0.783845,0.318064,102.703,-3.27678,-234.22,102.703,-3.27678,-234.22,0.0594771
6408,6408,0A,0.320233,0.428302,0.782458,0.319011,102.745,-3.18877,-234.103,102.745,-3.18877,-234.103,0.0613806
6416,6416,0A,0.319161,0.429075,0.78241,0.319167,102.719,-3.20029,-234.087,102.719,-3.20029,-234.087,0.0630027
6424,6424,0A,0.319371,0.427665,0.783189,0.318936,102.785,-3.24805,-234.033,102.785,-3.24805,-234.033,0.0662186
6432,6432,0A,0.318411,0.42771,0.783501,0.319069,102.772,-3.22093,-233.925,102.772,-3.22093,-233.925,0.0703284
6440,6440,0A,0.316944,0.428618,0.783451,0.319434,102.698,-3.19528,-233.893,102.698,-3.19528,-233.893,0.0745598
6448,6448,0A,0.315815,0.429024,0.783584,0.319682,102.716,-3.17911,-233.797,102.716,-3.17911,-233.797,0.0785733
6456,6456,0A,0.313529,0.431292,0.783008,0.320288,102.648,-3.13158,-233.689,102.648,-3.13158,-233.689,0.0884961
6464,6464,0A,0.312703,0.43187,0.783106,0.320078,102.629,-3.17046,-233.692,102.629,-3.17046,-233.692,0.0820168
6480,6480,0A,0.309729,0.434822,0.7827,0.319968,102.856,-3.11462,-233.635,102.856,-3.11462,-233.635,0.0884998
6488,6488,0A,0.306737,0.44003,0.780857,0.320233,102.753,-3.10291,-233.561,102.753,-3.10291,-233.561,0.0879154
6496,6496,0A,0.305646,0.442379,0.780125,0.319822,102.693,-3.12102,-233.498,102.693,-3.12102,-233.498,0.0867583
6504,6504,0A,0.304875,0.443044,0.780308,0.319192,102.658,-3.05775,-233.359,102.658,-3.05775,-233.359,0.0907816
6512,6512,0A,0.304382,0.440253,0.783555,0.315548,102.186,-2.59641,-232.723,102.186,-2.59641,-232.723,0.076207
6520,6520,0A,0.304151,0.441917,0.78238,0.31636,102.37,-2.58314,-232.675,102.37,-2.58314,-232.675,0.0792235
6528,6528,0A,0.303053,0.444974,0.781106,0.316277,102.253,-2.69656,-232.69,102.253,-2.69656,-232.69,0.08913
6536,6536,0A,0.303179,0.443372,0.782389,0.315233,102.327,-2.52722,-232.416,102.327,-2.52722,-232.416,0.0721403
6544,6544,0A,0.303459,0.443176,0.782038,0.316108,102.541,-2.33084,-232.459,102.541,-2.33084,-232.459,0.0664002
6552,6552,0A,0.303577,0.442061,0.783068,0.315005,102.285,-2.25105,-232.375,102.285,-2.25105,-232.375,0.060433
6560,6560,0A,0.302939,0.444433,0.781528,0.316105,102.656,-2.47999,-232.7,102.656,-2.47999,-232.7,0.075153
6568,6568,0A,0.302192,0.445814,0.781032,0.3161,102.699,-2.39728,-232.63,102.699,-2.39728,-232.63,0.0745634
6576,6576,0A,0.301053,0.448004,0.780221,0.316093,102.696,-2.36728,-232.592,102.696,-2.36728,-232.592,0.0769745
6584,6584,0A,0.302891,0.445041,0.781493,0.315379,102.368,-2.46337,-232.509,102.368,-2.46337,-232.509,0.0681402
6592,6592,0A,0.302493,0.445661,0.781353,0.315233,102.371,-2.39536,-232.472,102.371,-2.39536,-232.472,0.06509
6600,6600,0A,0.301963,0.446873,0.780945,0.315038,102.356,-2.38118,-232.45,102.356,-2.38118,-232.45,0.0652969
6608,6608,0A,0.297306,0.456352,0.776909,0.315855,102.724,-2.29805,-232.436,102.724,-2.29805,-232.436,0.0756041
6616,6616,0A,0.294496,0.461098,0.77503,0.316211,102.659,-2.2106,-232.283,102.659,-2.2106,-232.283,0.0979487
6624,6624,0A,0.295514,0.459664,0.77585,0.315338,102.691,-2.15637,-232.261,102.691,-2.15637,-232.261,0.0835078
6632,6632,0A,0.297055,0.457611,0.776852,0.314407,102.73,-2.13503,-232.293,102.73,-2.13503,-232.293,0.0726237
6640,6640,0A,0.296813,0.458727,0.776466,0.313964,102.738,-2.07133,-232.21,102.738,-2.07133,-232.21,0.0844973
6648,6648,0A,0.294772,0.463219,0.774673,0.313719,102.725,-2.02261,-232.171,102.725,-2.02261,-232.171,0.0833846
6656,6656,0A,0.295016,0.462222,0.776494,0.310443,102.344,-1.67675,-231.715,102.344,-1.67675,-231.715,0.0649927
6664,6664,0A,0.295976,0.461177,0.77702,0.309763,102.336,-1.6777,-231.913,102.336,-1.6777,-231.913,0.0604256
6672,6672,0A,0.295354,0.463617,0.775538,0.310431,102.326,-1.52428,-231.8,102.326,-1.52428,-231.8,0.069597
6680,6680,0A,0.292868,0.467778,0.773563,0.311467,102.638,-1.83789,-232.061,102.638,-1.83789,-232.061,0.077633
6688,6688,0A,0.291547,0.46942,0.77309,0.311412,102.587,-1.7496,-231.965,102.587,-1.7496,-231.965,0.0795626
6696,6696,0A,0.293152,0.467376,0.774112,0.310438,102.622,-1.76736,-232.03,102.622,-1.76736,-232.03,0.0676789
6704,6704,0A,0.294158,0.465595,0.775118,0.309653,102.601,-1.74938,-231.976,102.601,-1.74938,-231.976,0.0705032
6712,6712,0A,0.295213,0.46364,0.776258,0.308723,102.313,-1.85995,-231.956,102.313,-1.85995,-231.956,0.06377
6720,6720,0A,0.294814,0.464269,0.776302,0.308049,102.314,-1.81472,-231.928,102.314,-1.81472,-231.928,0.060888
6728,6728,0A,0.290304,0.472663,0.772694,0.308637,102.67,-1.61421,-231.803,102.67,-1.61421,-231.803,0.0728225
6736,6736,0A,0.291505,0.466868,0.778173,0.302501,102.287,-1.48627,-231.509,102.287,-1.48627,-231.509,0.0642086
6744,6744,0A,0.2914,0.467334,0.77826,0.301655,102.305,-1.51145,-231.512,102.305,-1.51145,-231.512,0.0646691
6752,6752,0A,0.28995,0.46928,0.777603,0.301727,102.275,-1.37579,-231.514,102.275,-1.37579,-231.514,0.0720278
6760,6760,0A,0.290223,0.468179,0.778965,0.299655,102.28,-1.35629,-231.568,102.28,-1.35629,-231.568,0.0649022
6768,6768,0A,0.29077,0.469412,0.778118,0.299396,102.398,-1.44984,-231.603,102.398,-1.44984,-231.603,0.0791544
6776,6776,0A,0.29202,0.468803,0.77801,0.299414,102.432,-1.53391,-231.485,102.432,-1.53391,-231.485,0.0757955
6784,6784,0A,0.291725,0.468542,0.77813,0.2998,102.414,-1.32026,-231.559,102.414,-1.32026,-231.559,0.0706433
6792,6792,0A,0.29254,0.464671,0.78094,0.297715,102.148,-1.5451,-231.578,102.148,-1.5451,-231.578,0.0846
6800,6800,0A,0.293068,0.460037,0.784902,0.293949,102.085,-1.51929,-231.509,102.085,-1.51929,-231.509,0.068475
6808,6808,0A,0.292866,0.461115,0.78441,0.293776,102.146,-1.51704,-231.448,102.146,-1.51704,-231.448,0.0641213
6816,6816,0A,0.291018,0.467908,0.779547,0.297788,102.439,-1.48126,-231.617,102.439,-1.48126,-231.617,0.0620362
6824,6824,0A,0.290922,0.467489,0.780042,0.297242,102.452,-1.43994,-231.591,102.452,-1.43994,-231.591,0.062584
6832,6832,0A,0.290926,0.467088,0.780422,0.296871,102.506,-1.4253,-231.535,102.506,-1.4253,-231.535,0.062925
6840,6840,0A,0.290877,0.466665,0.780837,0.296494,102.555,-1.44607,-231.517,102.555,-1.44607,-231.517,0.0623317
6848,6848,0A,0.290494,0.466395,0.781327,0.296002,102.588,-1.48179,-231.528,102.588,-1.48179,-231.528,0.0604455
6856,6856,0A,0.289859,0.466141,0.781858,0.295621,102.616,-1.47635,-231.502,102.616,-1.47635,-231.502,0.0593522
6864,6864,0A,0.289237,0.465482,0.782523,0.29551,102.634,-1.40568,-231.396,102.634,-1.40568,-231.396,0.0594311
6872,6872,0A,0.288699,0.464973,0.783019,0.295523,102.623,-1.39331,-231.322,102.623,-1.39331,-231.322,0.0598011
6880,6880,0A,0.288145,0.465092,0.783203,0.295392,102.656,-1.484,-231.351,102.656,-1.484,-231.351,0.0607816
6888,6888,0A,0.287264,0.465291,0.783465,0.295242,102.664,-1.52281,-231.349,102.664,-1.52281,-231.349,0.0623941
6896,6896,0A,0.28649,0.464902,0.784035,0.295091,102.661,-1.51828,-231.285,102.661,-1.51828,-231.285,0.0630033
6904,6904,0A,0.285861,0.464282,0.784638,0.295074,102.678,-1.51787,-231.242,102.678,-1.51787,-231.242,0.0615074
6912,6912,0A,0.285233,0.463681,0.785287,0.294901,102.678,-1.55381,-231.251,102.678,-1.55381,-231.251,0.0602801
6920,6920,0A,0.2844,0.464031,0.785522,0.294531,102.688,-1.6553,-231.32,102.688,-1.6553,-231.32,0.0602661
6928,6928,0A,0.283445,0.46446,0.785878,0.293824,102.697,-1.73388,-231.368,102.697,-1.73388,-231.368,0.0590426
6936,6936,0A,0.273759,0.479704,0.779461,0.295604,102.936,-1.64952,-231.37,102.936,-1.64952,-231.37,0.0780267
6944,6944,0A,0.273858,0.469086,0.788333,0.28895,102.462,-1.52354,-231.027,102.462,-1.52354,-231.027,0.0667152
6952,6952,0A,0.275541,0.467991,0.787972,0.290107,102.635,-1.74694,-231.169,102.635,-1.74694,-231.169,0.0649846
6960,6960,0A,0.276213,0.467152,0.787875,0.291082,102.627,-1.62587,-231.025,102.627,-1.62587,-231.025,0.0628332
6968,6968,0A,0.27412,0.471843,0.786108,0.290269,102.432,-1.53301,-230.967,102.432,-1.53301,-230.967,0.0696679
6976,6976,0A,0.273095,0.473792,0.78614,0.287966,102.469,-1.38986,-231.075,102.469,-1.38986,-231.075,0.0653521
6984,6984,0A,0.272976,0.475949,0.785039,0.287522,102.45,-1.21331,-230.969,102.45,-1.21331,-230.969,0.0624132
6992,6992,0A,0.274052,0.477317,0.783301,0.28897,102.793,-1.55664,-231.213,102.793,-1.55664,-231.213,0.0813554
7000,7000,0A,0.275042,0.472212,0.785938,0.289257,102.486,-1.47788,-231.044,102.486,-1.47788,-231.044,0.0615921
7008,7008,0A,0.275134,0.472694,0.785465,0.289668,102.462,-1.36524,-230.945,102.462,-1.36524,-230.945,0.0640692
7016,7016,0A,0.275469,0.47326,0.784857,0.290072,102.419,-1.32379,-230.945,102.419,-1.32379,-230.945,0.0642758
7024,7024,0A,0.279647,0.468378,0.786619,0.289224,102.619,-1.32523,-231.232,102.619,-1.32523,-231.232,0.0727164
7032,7032,0A,0.280487,0.467444,0.786771,0.289509,102.584,-1.31107,-231.257,102.584,-1.31107,-231.257,0.0748881
7040,7040,0A,0.281032,0.467561,0.786324,0.290003,102.63,-1.28872,-231.232,102.63,-1.28872,-231.232,0.0793826
7048,7048,0A,0.280084,0.468841,0.785399,0.291359,102.649,-1.17372,-231.189,102.649,-1.17372,-231.189,0.0726798
7056,7056,0A,0.279102,0.47236,0.783247,0.292408,102.68,-1.22701,-231.212,102.68,-1.22701,-231.212,0.0804569
7064,7064,0A,0.278113,0.475144,0.781538,0.293411,102.428,-1.23437,-230.954,102.428,-1.23437,-230.954,0.0695764
7072,7072,0A,0.278404,0.47526,0.78121,0.293822,102.456,-1.31808,-231.068,102.456,-1.31808,-231.068,0.0675282
7080,7080,0A,0.278375,0.475487,0.780991,0.294062,102.467,-1.38295,-231.133,102.467,-1.38295,-231.133,0.0679756
7088,7088,0A,0.277958,0.475933,0.780702,0.294501,102.448,-1.38174,-231.13,102.448,-1.38174,-231.13,0.0690681
7096,7096,0A,0.27756,0.47651,0.780351,0.294875,102.44,-1.40896,-231.128,102.44,-1.40896,-231.128,0.0716228
7104,7104,0A,0.277322,0.476734,0.780173,0.295209,102.46,-1.42565,-231.133,102.46,-1.42565,-231.133,0.0703325
7112,7112,0A,0.276996,0.47689,0.780082,0.295502,102.466,-1.42522,-231.132,102.466,-1.42522,-231.132,0.0690319
7120,7120,0A,0.276574,0.477037,0.780014,0.29584,102.452,-1.40628,-231.129,102.452,-1.40628,-231.129,0.0686743
7128,7128,0A,0.276334,0.476949,0.78001,0.296216,102.439,-1.39638,-231.089,102.439,-1.39638,-231.089,0.069058
7136,7136,0A,0.276168,0.476729,0.779983,0.296795,102.432,-1.37279,-231.059,102.432,-1.37279,-231.059,0.0682588
7144,7144,0A,0.276208,0.476542,0.779903,0.297269,102.44,-1.38725,-231.069,102.44,-1.38725,-231.069,0.0684164
7152,7152,0A,0.276336,0.476141,0.779954,0.297658,102.439,-1.38379,-231.072,102.439,-1.38379,-231.072,0.0684636
7160,7160,0A,0.276588,0.47585,0.779894,0.298048,102.447,-1.38207,-231.076,102.447,-1.38207,-231.076,0.0677564
7168,7168,0A,0.276989,0.475383,0.779896,0.298415,102.453,-1.37008,-231.089,102.453,-1.37008,-231.089,0.0685278
