112,112,0A,0.675886,-0.0692729,0.681607,-0.271646,17.2237,-9.29498,-204.28,17.2237,-9.29498,-204.28,0.0439179
120,120,0A,0.675062,-0.0723043,0.681643,-0.272811,17.2122,-9.09139,-204.981,17.2122,-9.09139,-204.981,0.0420424
128,128,0A,0.674744,-0.0744452,0.681252,-0.273996,17.3242,-8.98512,-205.726,17.3242,-8.98512,-205.726,0.0469855
136,136,0A,0.675263,-0.0735834,0.681018,-0.273533,17.2311,-8.85603,-206.232,17.2311,-8.85603,-206.232,0.0394407
144,144,0A,0.675297,-0.0732687,0.680458,-0.274922,17.267,-8.61219,-206.638,17.267,-8.61219,-206.638,0.0431156
152,152,0A,0.674884,-0.0753947,0.680457,-0.275362,17.1796,-8.0142,-207.219,17.1796,-8.0142,-207.219,0.0501536
160,160,0A,0.6753,-0.0761904,0.680274,-0.274578,17.1935,-7.3976,-207.747,17.1935,-7.3976,-207.747,0.0397215
168,168,0A,0.676021,-0.0753381,0.679765,-0.274298,17.1517,-7.21181,-207.963,17.1517,-7.21181,-207.963,0.0407767
176,176,0A,0.676852,-0.0749384,0.67924,-0.273659,17.1717,-7.29046,-207.995,17.1717,-7.29046,-207.995,0.0374997
184,184,0A,0.676901,-0.0749048,0.679102,-0.273889,17.1285,-7.42365,-208.087,17.1285,-7.42365,-208.087,0.039963
192,192,0A,0.67636,-0.0755974,0.678784,-0.275819,17.1324,-7.73205,-208.319,17.1324,-7.73205,-208.319,0.04168
200,200,0A,0.676025,-0.0761531,0.678179,-0.277965,17.2047,-8.17226,-208.544,17.2047,-8.17226,-208.544,0.0466214
208,208,0A,0.675952,-0.0756177,0.677884,-0.279006,17.1696,-8.60429,-209.053,17.1696,-8.60429,-209.053,0.042439
216,216,0A,0.676253,-0.0762824,0.676919,-0.280435,17.1826,-9.03997,-209.433,17.1826,-9.03997,-209.433,0.0453914
224,224,0A,0.676068,-0.0774922,0.676327,-0.281975,17.09,-9.54548,-210.021,17.09,-9.54548,-210.021,0.0350922
232,232,0A,0.675693,-0.0803733,0.67551,-0.284018,17.1686,-10.0245,-210.688,17.1686,-10.0245,-210.688,0.037881
240,240,0A,0.676013,-0.0808287,0.67461,-0.285264,17.2426,-10.5012,-211.238,17.2426,-10.5012,-211.238,0.0372377
248,248,0A,0.676077,-0.0820683,0.673815,-0.286634,17.0978,-10.9596,-211.552,17.0978,-10.9596,-211.552,0.0290611
256,256,0A,0.676418,-0.0835028,0.673051,-0.287209,17.0828,-11.3777,-211.835,17.0828,-11.3777,-211.835,0.0351416
264,264,0A,0.676939,-0.0846885,0.671966,-0.288172,17.1258,-11.7591,-211.879,17.1258,-11.7591,-211.879,0.0416271
272,272,0A,0.677498,-0.0855279,0.670844,-0.289221,17.1666,-11.8946,-211.916,17.1666,-11.8946,-211.916,0.0364292
280,280,0A,0.677608,-0.0871361,0.669868,-0.290744,17.1946,-11.9282,-211.921,17.1946,-11.9282,-211.921,0.0457573
288,288,0A,0.677892,-0.0882976,0.669008,-0.291711,17.1908,-12.0546,-211.8,17.1908,-12.0546,-211.8,0.0401354
304,304,0A,0.679763,-0.0896475,0.666712,-0.2922,17.2007,-12.2005,-211.338,17.2007,-12.2005,-211.338,0.0284263
312,312,0A,0.680866,-0.0906276,0.665326,-0.29249,17.1853,-12.4281,-211.258,17.1853,-12.4281,-211.258,0.0333846
320,320,0A,0.682419,-0.0916146,0.663691,-0.292276,17.1815,-12.447,-211.393,17.1815,-12.447,-211.393,0.0316232
328,328,0A,0.684362,-0.0915694,0.661744,-0.292162,17.17,-12.4624,-211.546,17.17,-12.4624,-211.546,0.0281303
336,336,0A,0.686045,-0.0923678,0.66,-0.29191,17.1579,-12.4347,-211.535,17.1579,-12.4347,-211.535,0.0230926
344,344,0A,0.685888,-0.0957167,0.658561,-0.294438,17.2666,-12.9737,-211.718,17.2666,-12.9737,-211.718,0.0300136
352,352,0A,0.685324,-0.0978779,0.658108,-0.296048,17.1269,-13.5944,-211.919,17.1269,-13.5944,-211.919,0.0300872
360,360,0A,0.68562,-0.0991382,0.657294,-0.296751,17.1676,-14.3113,-211.777,17.1676,-14.3113,-211.777,0.0304122
368,368,0A,0.686086,-0.100314,0.656279,-0.297524,17.1901,-14.9321,-211.514,17.1901,-14.9321,-211.514,0.0251194
376,376,0A,0.68645,-0.102016,0.655246,-0.298381,17.1636,-15.3872,-211.222,17.1636,-15.3872,-211.222,0.031188
384,384,0A,0.686983,-0.10302,0.654592,-0.298247,17.173,-15.4494,-211.111,17.173,-15.4494,-211.111,0.0287354
392,392,0A,0.687261,-0.104406,0.653912,-0.298616,17.2239,-15.6137,-211.036,17.2239,-15.6137,-211.036,0.0313127
400,400,0A,0.688102,-0.106243,0.652677,-0.298734,17.3342,-15.6022,-210.804,17.3342,-15.6022,-210.804,0.0333333
408,408,0A,0.689171,-0.106739,0.651868,-0.297856,17.1794,-15.386,-210.866,17.1794,-15.386,-210.866,0.0284983
416,416,0A,0.690151,-0.107972,0.65081,-0.297457,17.2083,-15.4371,-210.694,17.2083,-15.4371,-210.694,0.0274578
424,424,0A,0.690945,-0.1099,0.649915,-0.296864,17.2368,-15.5883,-210.643,17.2368,-15.5883,-210.643,0.0297831
432,432,0A,0.691841,-0.112121,0.648919,-0.296125,17.2001,-15.6605,-210.646,17.2001,-15.6605,-210.646,0.0277066
440,440,0A,0.692952,-0.114119,0.647639,-0.295566,17.2231,-15.7238,-210.747,17.2231,-15.7238,-210.747,0.0315115
448,448,0A,0.694466,-0.115172,0.646403,-0.294305,17.2055,-15.8367,-210.774,17.2055,-15.8367,-210.774,0.0299005
456,456,0A,0.695682,-0.116937,0.644871,-0.294101,17.223,-15.9868,-210.749,17.223,-15.9868,-210.749,0.02998
464,464,0A,0.696865,-0.119029,0.643479,-0.293507,17.1871,-15.9947,-210.845,17.1871,-15.9947,-210.845,0.0281418
472,472,0A,0.697065,-0.121724,0.642392,-0.294308,17.1242,-16.3217,-211.056,17.1242,-16.3217,-211.056,0.0291984
480,480,0A,0.697185,-0.123405,0.641458,-0.295359,17.2152,-16.9665,-211.03,17.2152,-16.9665,-211.03,0.0287704
488,488,0A,0.697692,-0.124423,0.640725,-0.295323,17.2491,-17.5868,-210.963,17.2491,-17.5868,-210.963,0.0293989
496,496,0A,0.69849,-0.125505,0.640231,-0.294049,17.1857,-17.8085,-211.007,17.1857,-17.8085,-211.007,0.0267869
504,504,0A,0.699315,-0.126568,0.639515,-0.293189,17.2091,-17.9723,-211.021,17.2091,-17.9723,-211.021,0.0279123
512,512,0A,0.699941,-0.126631,0.639372,-0.291977,17.1765,-17.9063,-211.099,17.1765,-17.9063,-211.099,0.0281741
520,520,0A,0.700094,-0.127359,0.639161,-0.291758,17.196,-17.9968,-211.032,17.196,-17.9968,-211.032,0.0294315
528,528,0A,0.70001,-0.128236,0.639175,-0.291543,17.2062,-18.0219,-211.023,17.2062,-18.0219,-211.023,0.0287914
536,536,0A,0.699997,-0.130219,0.638601,-0.291952,17.2532,-18.1248,-210.9,17.2532,-18.1248,-210.9,0.0277914
544,544,0A,0.700217,-0.130111,0.63799,-0.292808,17.242,-18.5672,-210.595,17.242,-18.5672,-210.595,0.0323673
552,552,0A,0.700247,-0.130524,0.637741,-0.293095,17.2203,-19.0522,-210.231,17.2203,-19.0522,-210.231,0.0305004
560,560,0A,0.700091,-0.132973,0.637338,-0.293243,17.2472,-19.3672,-210.089,17.2472,-19.3672,-210.089,0.0291386
568,568,0A,0.699835,-0.135373,0.636515,-0.294542,17.2326,-19.6951,-209.867,17.2326,-19.6951,-209.867,0.0282394
576,576,0A,0.699707,-0.138207,0.635709,-0.295268,17.2586,-19.9255,-209.716,17.2586,-19.9255,-209.716,0.0257753
584,584,0A,0.699222,-0.142943,0.634609,-0.296525,17.2308,-20.1871,-209.549,17.2308,-20.1871,-209.549,0.0240267
592,592,0A,0.699162,-0.146322,0.633598,-0.29718,17.2547,-20.4727,-209.425,17.2547,-20.4727,-209.425,0.0228021
600,600,0A,0.69953,-0.146792,0.634045,-0.295122,17.2535,-20.6352,-209.337,17.2535,-20.6352,-209.337,0.0263892
608,608,0A,0.700119,-0.144127,0.635541,-0.291804,17.2554,-20.5579,-209.365,17.2554,-20.5579,-209.365,0.0255069
616,616,0A,0.6999,-0.14343,0.636332,-0.290947,17.2357,-20.6583,-209.267,17.2357,-20.6583,-209.267,0.0285078
624,624,0A,0.699389,-0.144632,0.636086,-0.292115,17.2323,-20.5071,-209.38,17.2323,-20.5071,-209.38,0.0282167
632,632,0A,0.698684,-0.148635,0.634782,-0.294617,17.2621,-20.4568,-209.369,17.2621,-20.4568,-209.369,0.0254154
640,640,0A,0.698033,-0.152498,0.633655,-0.296606,17.2311,-20.3311,-209.463,17.2311,-20.3311,-209.463,0.0212245
648,648,0A,0.697504,-0.154955,0.633111,-0.297737,17.0942,-20.2741,-209.51,17.0942,-20.2741,-209.51,0.0223234
656,656,0A,0.697177,-0.157649,0.632191,-0.29904,17.2131,-20.3273,-209.639,17.2131,-20.3273,-209.639,0.0277096
664,664,0A,0.696918,-0.159634,0.631727,-0.299572,17.2209,-20.4669,-209.659,17.2209,-20.4669,-209.659,0.0302805
672,672,0A,0.69644,-0.162184,0.631199,-0.300426,17.2315,-20.5176,-209.671,17.2315,-20.5176,-209.671,0.0272728
680,680,0A,0.695561,-0.165226,0.630393,-0.30249,17.1896,-20.5536,-209.645,17.1896,-20.5536,-209.645,0.0267075
688,688,0A,0.694836,-0.168348,0.629287,-0.304731,17.1504,-20.4621,-209.711,17.1504,-20.4621,-209.711,0.0266178
696,696,0A,0.693475,-0.173898,0.626804,-0.309789,17.2226,-20.5922,-209.607,17.2226,-20.5922,-209.607,0.0266784
704,704,0A,0.691942,-0.177153,0.625357,-0.314264,17.1693,-20.5192,-209.696,17.1693,-20.5192,-209.696,0.0225627
712,712,0A,0.691763,-0.175985,0.6247,-0.316613,17.3021,-20.4502,-209.658,17.3021,-20.4502,-209.658,0.0287717
720,720,0A,0.691558,-0.17515,0.624696,-0.317528,17.1435,-19.8902,-209.867,17.1435,-19.8902,-209.867,0.0250428
728,728,0A,0.691637,-0.174457,0.624224,-0.318666,17.234,-19.8451,-209.667,17.234,-19.8451,-209.667,0.0267955
736,736,0A,0.691416,-0.173935,0.624583,-0.318728,17.2119,-19.8013,-209.719,17.2119,-19.8013,-209.719,0.0264748
744,744,0A,0.691173,-0.173893,0.625,-0.31846,17.2016,-19.7938,-209.708,17.2016,-19.7938,-209.708,0.0291783
752,752,0A,0.6919,-0.174569,0.62442,-0.317648,17.3353,-19.8029,-209.481,17.3353,-19.8029,-209.481,0.0266255
760,760,0A,0.692391,-0.175272,0.623527,-0.317947,17.2677,-19.9659,-209.185,17.2677,-19.9659,-209.185,0.0266613
768,768,0A,0.692625,-0.17668,0.622556,-0.318557,17.2579,-20.1857,-208.902,17.2579,-20.1857,-208.902,0.0256785
776,776,0A,0.693057,-0.177257,0.62166,-0.319047,17.2183,-20.6176,-208.431,17.2183,-20.6176,-208.431,0.0254696
784,784,0A,0.693456,-0.177474,0.620717,-0.319896,17.2093,-20.8932,-208.011,17.2093,-20.8932,-208.011,0.0229015
792,792,0A,0.693583,-0.178409,0.62,-0.320489,17.2052,-21.0803,-207.655,17.2052,-21.0803,-207.655,0.0245019
800,800,0A,0.693167,-0.180512,0.619477,-0.321223,17.2717,-21.1417,-207.608,17.2717,-21.1417,-207.608,0.0261661
808,808,0A,0.692968,-0.181938,0.619026,-0.321714,17.2167,-21.1354,-207.587,17.2167,-21.1354,-207.587,0.0256159
816,816,0A,0.692999,-0.183114,0.61807,-0.322817,17.2352,-21.3519,-207.299,17.2352,-21.3519,-207.299,0.0219988
824,824,0A,0.692488,-0.185907,0.617421,-0.32356,17.2476,-21.3807,-207.283,17.2476,-21.3807,-207.283,0.0234175
832,832,0A,0.691956,-0.187979,0.617209,-0.323902,17.2047,-21.5791,-207.252,17.2047,-21.5791,-207.252,0.0240367
840,840,0A,0.691871,-0.189,0.616694,-0.324474,17.2718,-21.8587,-207.105,17.2718,-21.8587,-207.105,0.027589
848,848,0A,0.691425,-0.190322,0.616328,-0.325344,17.2048,-22.2417,-207.161,17.2048,-22.2417,-207.161,0.0214891
856,856,0A,0.690399,-0.191427,0.616296,-0.326932,17.1402,-22.7415,-207.23,17.1402,-22.7415,-207.23,0.0212512
864,864,0A,0.689651,-0.192813,0.615736,-0.328748,17.2707,-23.4336,-207.139,17.2707,-23.4336,-207.139,0.0265204
872,872,0A,0.688726,-0.194289,0.61577,-0.329749,17.1531,-23.9411,-207.354,17.1531,-23.9411,-207.354,0.0223028
880,880,0A,0.688447,-0.194245,0.615321,-0.331195,17.2548,-24.9341,-207.249,17.2548,-24.9341,-207.249,0.0241341
888,888,0A,0.68867,-0.194703,0.614795,-0.33144,17.2257,-25.3255,-207.342,17.2257,-25.3255,-207.342,0.0218678
896,896,0A,0.68973,-0.195322,0.613658,-0.330977,17.2184,-25.4867,-207.367,17.2184,-25.4867,-207.367,0.0212017
904,904,0A,0.689663,-0.19391,0.614266,-0.33082,17.0825,-25.6011,-207.649,17.0825,-25.6011,-207.649,0.0199302
912,912,0A,0.689359,-0.194133,0.613918,-0.331966,17.3615,-26.1283,-207.763,17.3615,-26.1283,-207.763,0.0283724
920,920,0A,0.689377,-0.194511,0.613869,-0.331796,17.1656,-26.0923,-208.198,17.1656,-26.0923,-208.198,0.0200467
928,928,0A,0.688253,-0.196615,0.613425,-0.333708,17.1251,-26.4909,-208.302,17.1251,-26.4909,-208.302,0.0237194
936,936,0A,0.68787,-0.197219,0.613841,-0.333375,17.1637,-26.5737,-208.338,17.1637,-26.5737,-208.338,0.0210612
944,944,0A,0.687309,-0.198484,0.613982,-0.333523,17.1901,-26.6737,-208.21,17.1901,-26.6737,-208.21,0.0211855
952,952,0A,0.686539,-0.199185,0.61447,-0.333792,17.1733,-26.7235,-208.166,17.1733,-26.7235,-208.166,0.0210415
960,960,0A,0.685561,-0.199181,0.614715,-0.33535,17.1858,-27.0626,-207.9,17.1858,-27.0626,-207.9,0.0212809
968,968,0A,0.684924,-0.199645,0.614807,-0.336206,17.1881,-27.3447,-207.655,17.1881,-27.3447,-207.655,0.0223637
976,976,0A,0.685338,-0.198431,0.614819,-0.336058,17.1536,-27.6817,-207.117,17.1536,-27.6817,-207.117,0.0221229
984,984,0A,0.68583,-0.198197,0.61449,-0.335794,17.1934,-27.8223,-206.828,17.1934,-27.8223,-206.828,0.0247581
992,992,0A,0.686163,-0.198828,0.613774,-0.336049,17.1947,-27.9803,-206.524,17.1947,-27.9803,-206.524,0.0205183
1000,1000,0A,0.686871,-0.198469,0.613044,-0.336148,17.1813,-28.2953,-206.136,17.1813,-28.2953,-206.136,0.0175058
1008,1008,0A,0.687567,-0.197705,0.61252,-0.33613,17.1886,-28.6543,-205.818,17.1886,-28.6543,-205.818,0.0175004
1016,1016,0A,0.688166,-0.197417,0.612524,-0.335065,17.159,-28.7345,-205.861,17.159,-28.7345,-205.861,0.0160798
1024,1024,0A,0.689267,-0.196683,0.612256,-0.333721,17.166,-28.7972,-205.805,17.166,-28.7972,-205.805,0.0176684
1032,1032,0A,0.690385,-0.196297,0.611964,-0.33217,17.1379,-28.7923,-205.951,17.1379,-28.7923,-205.951,0.0136022
1040,1040,0A,0.689882,-0.197999,0.611231,-0.333552,17.2346,-29.3541,-206.082,17.2346,-29.3541,-206.082,0.0143624
1048,1048,0A,0.688954,-0.198744,0.611285,-0.334926,17.1684,-30.0346,-206.445,17.1684,-30.0346,-206.445,0.0144897
1056,1056,0A,0.688445,-0.198783,0.611093,-0.336295,17.2005,-30.7167,-206.504,17.2005,-30.7167,-206.504,0.0186083
1064,1064,0A,0.689207,-0.197907,0.611113,-0.335213,17.1284,-30.967,-206.787,17.1284,-30.967,-206.787,0.0141794
1072,1072,0A,0.690714,-0.195552,0.611176,-0.333373,17.0996,-31.0413,-206.881,17.0996,-31.0413,-206.881,0.0108543
1080,1080,0A,0.691815,-0.192484,0.612034,-0.331293,17.102,-30.995,-206.902,17.102,-30.995,-206.902,0.0147788
1088,1088,0A,0.691781,-0.191194,0.612833,-0.330635,17.0899,-30.9538,-206.917,17.0899,-30.9538,-206.917,0.0127042
1096,1096,0A,0.691052,-0.191334,0.613393,-0.331041,17.1368,-30.9575,-206.847,17.1368,-30.9575,-206.847,0.0118631
1104,1104,0A,0.689439,-0.193017,0.613984,-0.332329,17.0958,-30.926,-206.817,17.0958,-30.926,-206.817,0.0127725
1112,1112,0A,0.687978,-0.19459,0.614237,-0.333968,17.1202,-31.0268,-206.648,17.1202,-31.0268,-206.648,0.0153181
1120,1120,0A,0.688404,-0.193938,0.613859,-0.334163,17.1526,-30.9697,-206.218,17.1526,-30.9697,-206.218,0.0161733
1128,1128,0A,0.690213,-0.191405,0.613324,-0.332871,17.1217,-30.8155,-205.665,17.1217,-30.8155,-205.665,0.0173652
1136,1136,0A,0.691657,-0.189723,0.612961,-0.331504,17.0862,-30.6495,-204.992,17.0862,-30.6495,-204.992,0.0125715
1144,1144,0A,0.691787,-0.190858,0.612502,-0.33143,17.0983,-30.6685,-204.659,17.0983,-30.6685,-204.659,0.01322
1152,1152,0A,0.691422,-0.191919,0.612499,-0.331585,17.1175,-30.6909,-204.507,17.1175,-30.6909,-204.507,0.0132948
1160,1160,0A,0.691994,-0.191835,0.612328,-0.330755,17.0666,-30.5478,-204.396,17.0666,-30.5478,-204.396,0.01581
1168,1168,0A,0.692497,-0.193045,0.611407,-0.330703,17.1682,-30.7599,-204.012,17.1682,-30.7599,-204.012,0.0156273
1176,1176,0A,0.692099,-0.194778,0.611065,-0.33115,17.1263,-30.9105,-203.863,17.1263,-30.9105,-203.863,0.0141529
1184,1184,0A,0.69195,-0.195448,0.610903,-0.331367,17.1219,-30.838,-203.908,17.1219,-30.838,-203.908,0.0141159
1192,1192,0A,0.691779,-0.196333,0.610519,-0.331906,17.1421,-30.9069,-203.814,17.1421,-30.9069,-203.814,0.0137259
1200,1200,0A,0.69216,-0.196426,0.609896,-0.332202,17.189,-31.0574,-203.651,17.189,-31.0574,-203.651,0.0159559
1208,1208,0A,0.693407,-0.193755,0.609394,-0.332092,17.1305,-31.3596,-203.207,17.1305,-31.3596,-203.207,0.0146316
1216,1216,0A,0.694079,-0.193393,0.608963,-0.331688,17.1368,-31.5169,-203.01,17.1368,-31.5169,-203.01,0.0154045
1224,1224,0A,0.69415,-0.194546,0.608493,-0.331729,17.1137,-31.65,-202.97,17.1137,-31.65,-202.97,0.0108178
1232,1232,0A,0.694347,-0.194534,0.608374,-0.331542,17.1244,-31.6761,-202.961,17.1244,-31.6761,-202.961,0.0105873
1240,1240,0A,0.694282,-0.195258,0.608373,-0.331255,17.1574,-31.853,-202.861,17.1574,-31.853,-202.861,0.0138968
1248,1248,0A,0.694254,-0.194737,0.608896,-0.330659,17.1364,-31.8718,-202.799,17.1364,-31.8718,-202.799,0.0147926
1256,1256,0A,0.693345,-0.196602,0.608644,-0.331922,17.1497,-32.0083,-202.62,17.1497,-32.0083,-202.62,0.0117715
1264,1264,0A,0.692674,-0.196238,0.609158,-0.332596,17.0856,-31.9222,-202.613,17.0856,-31.9222,-202.613,0.010534
1272,1272,0A,0.691921,-0.195056,0.609991,-0.333333,17.1525,-31.9118,-202.499,17.1525,-31.9118,-202.499,0.0131149
1280,1280,0A,0.691787,-0.193107,0.611018,-0.332862,17.1957,-31.7532,-202.311,17.1957,-31.7532,-202.311,0.0194941
1288,1288,0A,0.691949,-0.193002,0.611662,-0.331401,16.9665,-31.1743,-202.271,16.9665,-31.1743,-202.271,0.0106308
1296,1296,0A,0.692255,-0.194181,0.611339,-0.330669,16.9728,-30.6964,-202.037,16.9728,-30.6964,-202.037,0.0153393
1304,1304,0A,0.691954,-0.195139,0.611116,-0.331146,17.2045,-30.6812,-201.721,17.2045,-30.6812,-201.721,0.0132714
1312,1312,0A,0.690811,-0.195848,0.612019,-0.331447,17.1362,-30.5527,-201.73,17.1362,-30.5527,-201.73,0.0121285
1320,1320,0A,0.689585,-0.197969,0.612238,-0.332334,17.1862,-30.6073,-201.543,17.1862,-30.6073,-201.543,0.0140385
1328,1328,0A,0.689501,-0.201393,0.610331,-0.333954,17.5523,-30.7606,-201.157,17.5523,-30.7606,-201.157,0.0298933
1336,1336,0A,0.689792,-0.201612,0.610317,-0.333246,17.1083,-30.3986,-200.911,17.1083,-30.3986,-200.911,0.0154281
1344,1344,0A,0.689722,-0.202263,0.610223,-0.333168,17.2645,-30.3128,-200.579,17.2645,-30.3128,-200.579,0.0169392
1352,1352,0A,0.689648,-0.201578,0.611427,-0.331525,17.0929,-29.9702,-200.488,17.0929,-29.9702,-200.488,0.0154833
1360,1360,0A,0.689878,-0.201907,0.611918,-0.329936,17.1772,-29.6124,-200.353,17.1772,-29.6124,-200.353,0.0164055
1368,1368,0A,0.68903,-0.205142,0.611628,-0.330253,17.2515,-29.6535,-200.208,17.2515,-29.6535,-200.208,0.0174837
1376,1376,0A,0.687949,-0.20934,0.611047,-0.330946,17.2295,-29.6656,-200.241,17.2295,-29.6656,-200.241,0.0167466
1384,1384,0A,0.687543,-0.21341,0.6099,-0.331305,17.2242,-29.8022,-200.212,17.2242,-29.8022,-200.212,0.0179111
1392,1392,0A,0.687273,-0.215666,0.609446,-0.33124,17.27,-29.9322,-200.386,17.27,-29.9322,-200.386,0.0179669
1400,1400,0A,0.686646,-0.216968,0.609906,-0.330844,17.313,-30.1251,-200.707,17.313,-30.1251,-200.707,0.0192952
1408,1408,0A,0.686538,-0.215556,0.611005,-0.329962,17.1621,-29.8594,-201.038,17.1621,-29.8594,-201.038,0.0164965
1416,1416,0A,0.684878,-0.217461,0.611664,-0.330939,17.1537,-29.4996,-201.654,17.1537,-29.4996,-201.654,0.0168729
1424,1424,0A,0.681906,-0.22454,0.611835,-0.33203,17.2754,-28.6041,-202.605,17.2754,-28.6041,-202.605,0.021679
1432,1432,0A,0.679754,-0.230131,0.612379,-0.331611,17.2599,-27.3527,-203.521,17.2599,-27.3527,-203.521,0.0211378
1440,1440,0A,0.677516,-0.235778,0.612404,-0.33218,17.2922,-26.598,-204.017,17.2922,-26.598,-204.017,0.0217588
1448,1448,0A,0.676185,-0.237999,0.61299,-0.332227,17.2324,-26.4941,-204.071,17.2324,-26.4941,-204.071,0.0248218
1456,1456,0A,0.675169,-0.240532,0.612992,-0.332464,17.2734,-26.6162,-203.885,17.2734,-26.6162,-203.885,0.0224218
1464,1464,0A,0.673546,-0.244036,0.612384,-0.334319,17.2903,-26.8323,-203.75,17.2903,-26.8323,-203.75,0.0230096
1472,1472,0A,0.671418,-0.2461,0.612226,-0.337359,17.2426,-27.2657,-203.574,17.2426,-27.2657,-203.574,0.0357279
1480,1480,0A,0.671589,-0.243334,0.613652,-0.336434,17.2483,-27.8976,-203.127,17.2483,-27.8976,-203.127,0.0180066
1488,1488,0A,0.671613,-0.243737,0.613992,-0.335474,17.3917,-28.2344,-202.774,17.3917,-28.2344,-202.774,0.0344665
1496,1496,0A,0.671831,-0.242083,0.615187,-0.334042,17.2035,-28.0927,-202.701,17.2035,-28.0927,-202.701,0.0236856
1504,1504,0A,0.671507,-0.242435,0.614756,-0.335228,17.2973,-28.0545,-202.537,17.2973,-28.0545,-202.537,0.0219033
1512,1512,0A,0.670909,-0.242938,0.614424,-0.336668,17.2411,-27.9886,-202.599,17.2411,-27.9886,-202.599,0.0210801
1520,1520,0A,0.670663,-0.243267,0.613973,-0.337742,17.2442,-28.0137,-202.518,17.2442,-28.0137,-202.518,0.0227631
1528,1528,0A,0.670291,-0.244185,0.613652,-0.338402,17.2336,-27.9774,-202.605,17.2336,-27.9774,-202.605,0.0202962
1536,1536,0A,0.67059,-0.245042,0.612636,-0.339029,17.3857,-28.1975,-202.424,17.3857,-28.1975,-202.424,0.032145
1544,1544,0A,0.672201,-0.242912,0.612789,-0.337089,17.2104,-28.1237,-202.24,17.2104,-28.1237,-202.24,0.0276576
1552,1552,0A,0.673261,-0.2432,0.612009,-0.336182,17.2235,-28.1928,-201.86,17.2235,-28.1928,-201.86,0.0234852
1560,1560,0A,0.674433,-0.241705,0.612439,-0.334122,17.1827,-28.1482,-201.697,17.1827,-28.1482,-201.697,0.0168064
1568,1568,0A,0.675328,-0.240066,0.613227,-0.332046,17.2834,-28.248,-201.429,17.2834,-28.248,-201.429,0.0206062
1576,1576,0A,0.675093,-0.239406,0.614578,-0.330499,17.2424,-28.2068,-201.449,17.2424,-28.2068,-201.449,0.0226001
1584,1584,0A,0.674265,-0.241139,0.61488,-0.330365,17.2803,-28.3284,-201.202,17.2803,-28.3284,-201.202,0.0177536
1592,1592,0A,0.674233,-0.242296,0.614435,-0.330412,17.4626,-28.3459,-200.579,17.4626,-28.3459,-200.579,0.0189193
1600,1600,0A,0.675841,-0.237346,0.616273,-0.327281,17.2566,-28.2855,-200.045,17.2566,-28.2855,-200.045,0.0149027
1608,1608,0A,0.677843,-0.230223,0.618439,-0.324131,17.1231,-28.2179,-199.393,17.1231,-28.2179,-199.393,0.0118393
1616,1616,0A,0.678527,-0.226439,0.619418,-0.323495,17.4252,-28.3258,-198.775,17.4252,-28.3258,-198.775,0.0269028
1624,1624,0A,0.678286,-0.222294,0.622088,-0.321747,17.198,-27.7027,-199.021,17.198,-27.7027,-199.021,0.0199572
1632,1632,0A,0.677884,-0.220625,0.623515,-0.320978,17.2263,-27.3014,-198.878,17.2263,-27.3014,-198.878,0.0157419
1640,1640,0A,0.676749,-0.220954,0.624611,-0.321018,17.2893,-27.1929,-198.79,17.2893,-27.1929,-198.79,0.0204395
1648,1648,0A,0.67605,-0.221013,0.626014,-0.319712,17.2968,-27.2796,-198.67,17.2968,-27.2796,-198.67,0.0229185
1656,1656,0A,0.675441,-0.221284,0.62725,-0.318388,17.2845,-27.2134,-198.718,17.2845,-27.2134,-198.718,0.0204765
1664,1664,0A,0.674439,-0.222762,0.628116,-0.317772,17.3135,-27.3071,-198.589,17.3135,-27.3071,-198.589,0.0223362
1672,1672,0A,0.673284,-0.224415,0.628889,-0.31753,17.3477,-27.3801,-198.4,17.3477,-27.3801,-198.4,0.0210305
1680,1680,0A,0.672745,-0.222908,0.63029,-0.316954,17.2695,-27.4192,-198.148,17.2695,-27.4192,-198.148,0.0221675
1688,1688,0A,0.671583,-0.222319,0.63173,-0.316967,17.297,-27.2827,-198.122,17.297,-27.2827,-198.122,0.0212124
1696,1696,0A,0.670089,-0.222086,0.633229,-0.3173,17.2994,-27.3564,-197.95,17.2994,-27.3564,-197.95,0.0208158
1704,1704,0A,0.669022,-0.221903,0.634136,-0.317868,17.3559,-27.318,-197.826,17.3559,-27.318,-197.826,0.0215691
1712,1712,0A,0.668326,-0.221664,0.63454,-0.318692,17.3312,-27.3619,-197.492,17.3312,-27.3619,-197.492,0.0221227
1720,1720,0A,0.668437,-0.219575,0.635666,-0.317659,17.2636,-27.2906,-197.233,17.2636,-27.2906,-197.233,0.0273314
1728,1728,0A,0.669045,-0.217039,0.636653,-0.316142,17.2455,-27.3788,-196.751,17.2455,-27.3788,-196.751,0.0246786
1736,1736,0A,0.668942,-0.216216,0.637317,-0.315585,17.3058,-27.3579,-196.575,17.3058,-27.3579,-196.575,0.0250678
1744,1744,0A,0.66851,-0.216762,0.637164,-0.316435,17.4228,-27.4049,-196.191,17.4228,-27.4049,-196.191,0.0249008
1752,1752,0A,0.667933,-0.215908,0.637931,-0.316691,17.2889,-27.2535,-196.124,17.2889,-27.2535,-196.124,0.0210378
1760,1760,0A,0.666598,-0.216616,0.638476,-0.31792,17.3162,-27.2176,-196.004,17.3162,-27.2176,-196.004,0.0217646
1768,1768,0A,0.66521,-0.217249,0.639384,-0.31857,17.3338,-27.2062,-195.939,17.3338,-27.2062,-195.939,0.0232249
1776,1776,0A,0.663967,-0.218268,0.639924,-0.319381,17.3058,-27.1472,-195.865,17.3058,-27.1472,-195.865,0.0218681
1784,1784,0A,0.663696,-0.217751,0.640253,-0.319637,17.2884,-27.0755,-195.696,17.2884,-27.0755,-195.696,0.0248396
1792,1792,0A,0.66394,-0.216454,0.640718,-0.319081,17.2551,-26.9684,-195.446,17.2551,-26.9684,-195.446,0.0262217
1800,1800,0A,0.663546,-0.216558,0.640986,-0.31929,17.3124,-26.9514,-195.321,17.3124,-26.9514,-195.321,0.0214138
1808,1808,0A,0.663069,-0.215912,0.64163,-0.319426,17.3052,-26.8908,-195.312,17.3052,-26.8908,-195.312,0.022132
1816,1816,0A,0.662748,-0.215852,0.642056,-0.319278,17.3241,-26.9336,-195.204,17.3241,-26.9336,-195.204,0.0248909
1824,1824,0A,0.663394,-0.216084,0.641864,-0.318162,17.3949,-26.8784,-195.047,17.3949,-26.8784,-195.047,0.0241347
1832,1832,0A,0.664556,-0.215487,0.641664,-0.31654,17.3658,-26.8828,-194.693,17.3658,-26.8828,-194.693,0.0216572
1840,1840,0A,0.664854,-0.214685,0.642227,-0.315316,17.3187,-26.8835,-194.525,17.3187,-26.8835,-194.525,0.0217206
1856,1856,0A,0.665984,-0.213373,0.642703,-0.312843,17.222,-26.8416,-194.229,17.222,-26.8416,-194.229,0.0286213
1864,1864,0A,0.666144,-0.213766,0.642441,-0.312771,17.3175,-26.9787,-193.876,17.3175,-26.9787,-193.876,0.0258547
1872,1872,0A,0.666948,-0.21302,0.642421,-0.311606,17.3087,-26.8697,-193.521,17.3087,-26.8697,-193.521,0.0256284
1880,1880,0A,0.667401,-0.212074,0.64295,-0.310186,17.2983,-26.7999,-193.385,17.2983,-26.7999,-193.385,0.0216668
1888,1888,0A,0.666695,-0.212858,0.643308,-0.310425,17.268,-26.7805,-193.389,17.268,-26.7805,-193.389,0.0201694
1896,1896,0A,0.666773,-0.213878,0.642681,-0.310854,17.4205,-26.9328,-193.017,17.4205,-26.9328,-193.017,0.0213737
1904,1904,0A,0.667806,-0.211208,0.643391,-0.308989,17.2285,-26.7652,-192.955,17.2285,-26.7652,-192.955,0.0200893
1912,1912,0A,0.667904,-0.211166,0.643561,-0.308452,17.2778,-26.7832,-192.715,17.2778,-26.7832,-192.715,0.0250653
1920,1920,0A,0.66811,-0.211109,0.643581,-0.308001,17.342,-26.8807,-192.575,17.342,-26.8807,-192.575,0.027995
1928,1928,0A,0.670737,-0.207233,0.64344,-0.305207,17.2646,-26.6611,-192.075,17.2646,-26.6611,-192.075,0.0193135
1936,1936,0A,0.676396,-0.19617,0.643819,-0.299169,17.1626,-26.3866,-191.322,17.1626,-26.3866,-191.322,0.0244988
1944,1944,0A,0.678835,-0.192388,0.643353,-0.297098,17.1713,-26.5287,-190.524,17.1713,-26.5287,-190.524,0.025798
1952,1952,0A,0.678695,-0.192931,0.643195,-0.297409,17.2456,-26.5693,-190.318,17.2456,-26.5693,-190.318,0.0237821
1960,1960,0A,0.677814,-0.193605,0.64327,-0.298814,17.2261,-26.5361,-190.307,17.2261,-26.5361,-190.307,0.0205339
1968,1968,0A,0.67712,-0.192926,0.643972,-0.299312,17.2426,-26.4593,-190.322,17.2426,-26.4593,-190.322,0.0175143
1976,1976,0A,0.67703,-0.192724,0.644273,-0.299001,17.4053,-26.5348,-189.976,17.4053,-26.5348,-189.976,0.0249495
1984,1984,0A,0.677206,-0.191186,0.645569,-0.296785,17.2599,-26.3567,-189.981,17.2599,-26.3567,-189.981,0.0227866
1992,1992,0A,0.676624,-0.191277,0.646054,-0.297,17.2582,-26.3126,-189.883,17.2582,-26.3126,-189.883,0.0252079
2000,2000,0A,0.676033,-0.190918,0.646625,-0.297331,17.2675,-26.19,-189.929,17.2675,-26.19,-189.929,0.0216435
2008,2008,0A,0.675086,-0.191033,0.647278,-0.297988,17.2381,-26.2291,-189.866,17.2381,-26.2291,-189.866,0.0237526
2016,2016,0A,0.674832,-0.190846,0.647787,-0.297577,17.3107,-26.1027,-189.703,17.3107,-26.1027,-189.703,0.0326511
2024,2024,0A,0.674352,-0.190757,0.648498,-0.297173,17.2732,-25.8694,-189.62,17.2732,-25.8694,-189.62,0.0301781
2032,2032,0A,0.674002,-0.19033,0.649139,-0.296843,17.2899,-25.6802,-189.562,17.2899,-25.6802,-189.562,0.0220924
2040,2040,0A,0.67387,-0.189542,0.649698,-0.296423,17.2943,-25.5135,-189.47,17.2943,-25.5135,-189.47,0.0333741
2048,2048,0A,0.673663,-0.187905,0.651094,-0.294869,17.2751,-25.2919,-189.589,17.2751,-25.2919,-189.589,0.021803
2056,2056,0A,0.672966,-0.186463,0.652434,-0.294412,17.2564,-25.2545,-189.52,17.2564,-25.2545,-189.52,0.0246689
2064,2064,0A,0.672222,-0.186934,0.652826,-0.294942,17.3863,-25.1567,-189.346,17.3863,-25.1567,-189.346,0.0305828
2072,2072,0A,0.670632,-0.189378,0.653352,-0.295838,17.2813,-24.8529,-189.444,17.2813,-24.8529,-189.444,0.0268558
2080,2080,0A,0.669461,-0.190916,0.65402,-0.296024,17.3144,-24.3898,-189.414,17.3144,-24.3898,-189.414,0.0246105
2088,2088,0A,0.667983,-0.191176,0.655666,-0.295556,17.2883,-23.8862,-189.541,17.2883,-23.8862,-189.541,0.0241735
2096,2096,0A,0.666838,-0.188818,0.658207,-0.294003,17.3014,-23.6434,-189.557,17.3014,-23.6434,-189.557,0.0188569
2104,2104,0A,0.66537,-0.186751,0.660469,-0.293577,17.3095,-23.5973,-189.405,17.3095,-23.5973,-189.405,0.0299995
2112,2112,0A,0.663822,-0.185757,0.662207,-0.293798,17.3138,-23.5928,-189.304,17.3138,-23.5928,-189.304,0.0350453
2120,2120,0A,0.662873,-0.184277,0.663618,-0.293689,17.3019,-23.5381,-189.291,17.3019,-23.5381,-189.291,0.0307768
2128,2128,0A,0.662192,-0.183219,0.664442,-0.294024,17.3052,-23.4795,-189.287,17.3052,-23.4795,-189.287,0.036846
2136,2136,0A,0.661929,-0.182163,0.665318,-0.293289,17.3192,-23.4177,-189.273,17.3192,-23.4177,-189.273,0.0238998
2144,2144,0A,0.661577,-0.182384,0.66595,-0.29251,17.2869,-23.4507,-189.255,17.2869,-23.4507,-189.255,0.0205486
2152,2152,0A,0.661039,-0.183495,0.665939,-0.293058,17.2835,-23.4821,-189.22,17.2835,-23.4821,-189.22,0.025648
2160,2160,0A,0.660832,-0.183861,0.665901,-0.293381,17.2901,-23.4419,-189.266,17.2901,-23.4419,-189.266,0.0164355
2168,2168,0A,0.660223,-0.183941,0.66584,-0.294838,17.3036,-23.3666,-189.261,17.3036,-23.3666,-189.261,0.0175512
2176,2176,0A,0.661021,-0.18329,0.665381,-0.294489,17.357,-23.2827,-188.918,17.357,-23.2827,-188.918,0.0258205
2184,2184,0A,0.662564,-0.1803,0.665371,-0.292886,17.3192,-23.3196,-188.515,17.3192,-23.3196,-188.515,0.0235575
2192,2192,0A,0.66252,-0.179504,0.665557,-0.293051,17.296,-23.3431,-188.235,17.296,-23.3431,-188.235,0.0259037
2200,2200,0A,0.66232,-0.179883,0.66549,-0.293423,17.3632,-23.2488,-187.932,17.3632,-23.2488,-187.932,0.0268739
2208,2208,0A,0.66208,-0.179821,0.665562,-0.293842,17.2772,-23.1711,-187.765,17.2772,-23.1711,-187.765,0.0189191
2216,2216,0A,0.661945,-0.179297,0.665585,-0.294411,17.2739,-23.0773,-187.562,17.2739,-23.0773,-187.562,0.0252906
2224,2224,0A,0.662026,-0.178902,0.665542,-0.294569,17.2528,-22.9228,-187.304,17.2528,-22.9228,-187.304,0.0237319
2232,2232,0A,0.661989,-0.177589,0.665863,-0.294717,17.2417,-22.7321,-187.045,17.2417,-22.7321,-187.045,0.0217472
2240,2240,0A,0.662163,-0.176863,0.665752,-0.295015,17.2587,-22.4357,-186.779,17.2587,-22.4357,-186.779,0.033043
2248,2248,0A,0.662832,-0.175554,0.665704,-0.294403,17.3599,-22.175,-186.6,17.3599,-22.175,-186.6,0.0259289
2256,2256,0A,0.663202,-0.174623,0.665983,-0.293491,17.3695,-21.6899,-186.615,17.3695,-21.6899,-186.615,0.0323517
2264,2264,0A,0.663083,-0.176024,0.665957,-0.292982,17.3624,-21.1449,-186.615,17.3624,-21.1449,-186.615,0.0333799
2272,2272,0A,0.663226,-0.17642,0.666125,-0.292036,17.2129,-20.626,-186.59,17.2129,-20.626,-186.59,0.0260554
2280,2280,0A,0.663083,-0.176336,0.666086,-0.292501,17.2594,-20.3979,-186.504,17.2594,-20.3979,-186.504,0.0246906
2288,2288,0A,0.66274,-0.176066,0.666255,-0.293056,17.2407,-20.4407,-186.497,17.2407,-20.4407,-186.497,0.0332023
2296,2296,0A,0.662834,-0.175886,0.666089,-0.293325,17.3788,-20.8779,-186.385,17.3788,-20.8779,-186.385,0.0754141
2304,2304,0A,0.661604,-0.179531,0.665533,-0.295152,17.3477,-20.6674,-186.424,17.3477,-20.6674,-186.424,0.0727724
2312,2312,0A,0.661695,-0.179969,0.665434,-0.294902,17.3597,-20.5491,-186.399,17.3597,-20.5491,-186.399,0.0613596
2320,2320,0A,0.661768,-0.18007,0.665545,-0.294428,17.3439,-20.447,-186.409,17.3439,-20.447,-186.409,0.0510179
2328,2328,0A,0.661665,-0.180391,0.665725,-0.294056,17.3485,-20.3254,-186.419,17.3485,-20.3254,-186.419,0.0422674
2336,2336,0A,0.66079,-0.18221,0.665778,-0.29478,17.327,-20.2754,-186.419,17.327,-20.2754,-186.419,0.0330668
2344,2344,0A,0.660397,-0.182346,0.666206,-0.294611,17.3337,-20.2087,-186.431,17.3337,-20.2087,-186.431,0.027202
2352,2352,0A,0.660185,-0.181424,0.666969,-0.293928,17.3293,-20.1589,-186.438,17.3293,-20.1589,-186.438,0.0225231
2360,2360,0A,0.658862,-0.180576,0.668976,-0.292858,17.2849,-20.0238,-186.59,17.2849,-20.0238,-186.59,0.0199114
2368,2368,0A,0.657026,-0.182315,0.669715,-0.294211,17.2617,-20.1387,-186.447,17.2617,-20.1387,-186.447,0.0314403
2376,2376,0A,0.655819,-0.182345,0.670932,-0.294114,17.2825,-20.0639,-186.424,17.2825,-20.0639,-186.424,0.0220258
2384,2384,0A,0.654793,-0.182019,0.671938,-0.294304,17.2812,-20.0272,-186.39,17.2812,-20.0272,-186.39,0.0201318
2392,2392,0A,0.653933,-0.18132,0.672899,-0.294452,17.3142,-20.0187,-186.303,17.3142,-20.0187,-186.303,0.035262
2400,2400,0A,0.653215,-0.180894,0.674076,-0.293613,17.2921,-20.051,-186.259,17.2921,-20.051,-186.259,0.0282638
2408,2408,0A,0.652678,-0.180851,0.674856,-0.293043,17.2988,-20.0001,-186.273,17.2988,-20.0001,-186.273,0.020554
2416,2416,0A,0.652018,-0.180281,0.675679,-0.292968,17.2825,-19.9864,-186.227,17.2825,-19.9864,-186.227,0.0271387
2424,2424,0A,0.650989,-0.180091,0.676566,-0.293325,17.2942,-19.9447,-186.197,17.2942,-19.9447,-186.197,0.0246458
2432,2432,0A,0.649652,-0.18037,0.677639,-0.293638,17.2989,-19.921,-186.123,17.2989,-19.921,-186.123,0.0263574
2440,2440,0A,0.648211,-0.181051,0.678649,-0.294074,17.3216,-19.948,-185.988,17.3216,-19.948,-185.988,0.0403088
2448,2448,0A,0.646965,-0.180922,0.679923,-0.293952,17.3002,-19.887,-185.983,17.3002,-19.887,-185.983,0.0284216
2456,2456,0A,0.645518,-0.181485,0.680839,-0.294665,17.3132,-19.8582,-185.929,17.3132,-19.8582,-185.929,0.024227
2464,2464,0A,0.644071,-0.182126,0.681691,-0.295466,17.3629,-19.8085,-185.878,17.3629,-19.8085,-185.878,0.0220284
2472,2472,0A,0.642306,-0.183713,0.68219,-0.29717,17.3353,-19.8921,-185.757,17.3353,-19.8921,-185.757,0.0369508
2480,2480,0A,0.642202,-0.182249,0.683473,-0.29534,17.2243,-19.6251,-185.708,17.2243,-19.6251,-185.708,0.025025
2488,2488,0A,0.641685,-0.180949,0.6842,-0.295581,17.3272,-19.6461,-185.496,17.3272,-19.6461,-185.496,0.0422525
2496,2496,0A,0.641118,-0.177864,0.685904,-0.294735,17.3372,-19.5264,-185.497,17.3372,-19.5264,-185.497,0.0292633
2504,2504,0A,0.639996,-0.1762,0.687157,-0.295252,17.3124,-19.4412,-185.521,17.3124,-19.4412,-185.521,0.0213124
2512,2512,0A,0.639064,-0.174404,0.687885,-0.296637,17.3505,-19.3285,-185.505,17.3505,-19.3285,-185.505,0.0246829
2520,2520,0A,0.638277,-0.171664,0.688938,-0.297485,17.3439,-19.2711,-185.451,17.3439,-19.2711,-185.451,0.0317351
2528,2528,0A,0.637506,-0.168326,0.69032,-0.297843,17.3754,-19.2374,-185.362,17.3754,-19.2374,-185.362,0.033167
2536,2536,0A,0.636482,-0.165581,0.69184,-0.298046,17.3497,-19.1603,-185.376,17.3497,-19.1603,-185.376,0.0309804
2544,2544,0A,0.635618,-0.162616,0.693277,-0.298184,17.3821,-19.0185,-185.382,17.3821,-19.0185,-185.382,0.0260737
2552,2552,0A,0.634433,-0.161079,0.694231,-0.29932,17.3668,-18.9701,-185.349,17.3668,-18.9701,-185.349,0.0300007
2560,2560,0A,0.633813,-0.159328,0.69492,-0.299972,17.4388,-18.8339,-185.32,17.4388,-18.8339,-185.32,0.0336138
2568,2568,0A,0.633153,-0.158211,0.69577,-0.299986,17.3134,-18.5103,-185.318,17.3134,-18.5103,-185.318,0.0367173
2576,2576,0A,0.633139,-0.155233,0.696564,-0.299728,17.439,-18.2674,-185.121,17.439,-18.2674,-185.121,0.0337102
2584,2584,0A,0.632123,-0.152601,0.697781,-0.300393,17.3672,-18.1658,-185.107,17.3672,-18.1658,-185.107,0.0332463
2592,2592,0A,0.631581,-0.148754,0.699064,-0.30048,17.4109,-18.0029,-185.102,17.4109,-18.0029,-185.102,0.0291318
2600,2600,0A,0.630817,-0.145581,0.700021,-0.301411,17.4034,-17.959,-185.057,17.4034,-17.959,-185.057,0.0359773
2608,2608,0A,0.630399,-0.141126,0.701455,-0.301067,17.4249,-17.7895,-185.073,17.4249,-17.7895,-185.073,0.0391144
2616,2616,0A,0.630006,-0.137747,0.702633,-0.300707,17.4117,-17.6082,-185.032,17.4117,-17.6082,-185.032,0.0404516
2624,2624,0A,0.629111,-0.135869,0.703722,-0.300889,17.4301,-17.4693,-184.968,17.4301,-17.4693,-184.968,0.0354125
2632,2632,0A,0.627678,-0.134586,0.704649,-0.302284,17.4494,-17.428,-184.881,17.4494,-17.428,-184.881,0.0419903
2640,2640,0A,0.627084,-0.130826,0.705931,-0.302177,17.4842,-17.2725,-184.881,17.4842,-17.2725,-184.881,0.0301776
2648,2648,0A,0.626306,-0.127174,0.706894,-0.303098,17.4832,-17.2275,-184.858,17.4832,-17.2275,-184.858,0.044345
2656,2656,0A,0.625806,-0.123014,0.708071,-0.303102,17.5128,-17.0611,-184.873,17.5128,-17.0611,-184.873,0.0364917
2664,2664,0A,0.62508,-0.119907,0.708904,-0.303898,17.4948,-16.9697,-184.859,17.4948,-16.9697,-184.859,0.033155
2672,2672,0A,0.625357,-0.117457,0.709357,-0.303228,17.5135,-16.5712,-184.864,17.5135,-16.5712,-184.864,0.0297577
2680,2680,0A,0.625524,-0.115479,0.709711,-0.302812,17.5341,-16.2103,-184.915,17.5341,-16.2103,-184.915,0.0327641
2688,2688,0A,0.626373,-0.112132,0.710116,-0.301361,17.5525,-15.7922,-184.84,17.5525,-15.7922,-184.84,0.0381118
2696,2696,0A,0.626851,-0.108965,0.710611,-0.300359,17.5389,-15.414,-184.902,17.5389,-15.414,-184.902,0.0376951
2704,2704,0A,0.626796,-0.105695,0.711095,-0.3005,17.5732,-15.1563,-184.932,17.5732,-15.1563,-184.932,0.0337464
2712,2712,0A,0.62653,-0.102434,0.711588,-0.301016,17.5506,-14.9115,-184.985,17.5506,-14.9115,-184.985,0.0360536
2720,2720,0A,0.626659,-0.0982724,0.712032,-0.301085,17.5761,-14.7613,-184.979,17.5761,-14.7613,-184.979,0.0368797
2728,2728,0A,0.627074,-0.0940621,0.712452,-0.300572,17.5693,-14.7134,-184.989,17.5693,-14.7134,-184.989,0.0329366
2736,2736,0A,0.627586,-0.0902907,0.712775,-0.299891,17.5784,-14.6478,-185.039,17.5784,-14.6478,-185.039,0.0329321
2744,2744,0A,0.628234,-0.0861597,0.713021,-0.299164,17.5718,-14.5825,-185.085,17.5718,-14.5825,-185.085,0.030102
2752,2752,0A,0.628713,-0.0816446,0.713268,-0.298836,17.5925,-14.4719,-185.091,17.5925,-14.4719,-185.091,0.0353468
2760,2760,0A,0.629049,-0.0764067,0.713569,-0.298797,17.6365,-14.3898,-185.119,17.6365,-14.3898,-185.119,0.0354516
2768,2768,0A,0.629512,-0.0708492,0.713961,-0.298255,17.6378,-14.3026,-185.199,17.6378,-14.3026,-185.199,0.0292742
2776,2776,0A,0.629822,-0.0660376,0.714074,-0.298433,17.6666,-14.2018,-185.191,17.6666,-14.2018,-185.191,0.0368005
2784,2784,0A,0.630359,-0.0611471,0.714426,-0.297495,17.6679,-14.0639,-185.236,17.6679,-14.0639,-185.236,0.0352373
2792,2792,0A,0.630592,-0.0576577,0.714775,-0.296861,17.6552,-13.872,-185.388,17.6552,-13.872,-185.388,0.0298137
2800,2800,0A,0.630849,-0.0548103,0.714773,-0.296857,17.6848,-13.8259,-185.413,17.6848,-13.8259,-185.413,0.0357519
2808,2808,0A,0.631296,-0.0517899,0.714923,-0.296089,17.7084,-13.7659,-185.401,17.7084,-13.7659,-185.401,0.0325175
2816,2816,0A,0.631789,-0.0501033,0.71474,-0.295769,17.7288,-13.7075,-185.436,17.7288,-13.7075,-185.436,0.0328339
2824,2824,0A,0.632222,-0.049138,0.714722,-0.295047,17.7212,-13.5099,-185.594,17.7212,-13.5099,-185.594,0.0280787
2832,2832,0A,0.632949,-0.0476606,0.714584,-0.294067,17.7056,-13.2939,-185.795,17.7056,-13.2939,-185.795,0.0272728
2840,2840,0A,0.634083,-0.0447756,0.713995,-0.293506,17.7278,-13.2361,-185.791,17.7278,-13.2361,-185.791,0.0332646
2848,2848,0A,0.635088,-0.0415883,0.713366,-0.29333,17.7276,-13.2409,-185.864,17.7276,-13.2409,-185.864,0.0391842
2856,2856,0A,0.635565,-0.0380678,0.713369,-0.292768,17.6844,-13.0074,-186.156,17.6844,-13.0074,-186.156,0.0416601
2864,2864,0A,0.635235,-0.0365154,0.713825,-0.292569,17.8029,-12.8863,-186.457,17.8029,-12.8863,-186.457,0.0326766
2872,2872,0A,0.635038,-0.034058,0.7144,-0.291891,17.807,-12.5412,-186.983,17.807,-12.5412,-186.983,0.0274137
2880,2880,0A,0.63464,-0.0328808,0.714743,-0.292048,17.8843,-12.4662,-187.374,17.8843,-12.4662,-187.374,0.0325197
2888,2888,0A,0.634537,-0.0293807,0.714949,-0.292143,17.8747,-12.6028,-187.525,17.8747,-12.6028,-187.525,0.0377159
2896,2896,0A,0.634464,-0.0257723,0.715195,-0.292042,17.9894,-12.8474,-187.716,17.9894,-12.8474,-187.716,0.0360977
2904,2904,0A,0.633863,-0.0246115,0.715314,-0.293152,17.9473,-13.1786,-187.9,17.9473,-13.1786,-187.9,0.0348701
2912,2912,0A,0.633256,-0.0234192,0.715831,-0.2933,17.9056,-13.5087,-188.212,17.9056,-13.5087,-188.212,0.0345727
2920,2920,0A,0.633105,-0.018735,0.715936,-0.293706,17.8726,-14.2139,-188.322,17.8726,-14.2139,-188.322,0.0432657
2928,2928,0A,0.632779,-0.0124888,0.715615,-0.295515,17.9302,-15.4948,-188.162,17.9302,-15.4948,-188.162,0.0341211
2936,2936,0A,0.632855,-0.00857952,0.715182,-0.296541,18.0403,-16.1968,-188.092,18.0403,-16.1968,-188.092,0.0308945
2944,2944,0A,0.633097,-0.0077619,0.714703,-0.2972,17.9427,-16.2608,-188.34,17.9427,-16.2608,-188.34,0.036834
2952,2952,0A,0.634016,-0.00698665,0.71421,-0.296442,18.0123,-15.9701,-188.464,18.0123,-15.9701,-188.464,0.0357868
2960,2960,0A,0.634829,-0.00895691,0.714312,-0.294399,17.9116,-15.1381,-188.876,17.9116,-15.1381,-188.876,0.034007
2968,2968,0A,0.636022,-0.0115376,0.713672,-0.293286,17.9327,-14.3284,-189.09,17.9327,-14.3284,-189.09,0.0406864
2976,2976,0A,0.637201,-0.0136607,0.713451,-0.291162,17.8789,-13.5492,-189.375,17.8789,-13.5492,-189.375,0.0400172
2984,2984,0A,0.638493,-0.013566,0.713159,-0.289045,17.8467,-12.9119,-189.67,17.8467,-12.9119,-189.67,0.0440161
2992,2992,0A,0.63981,-0.011547,0.712776,-0.287161,17.8362,-12.5874,-189.992,17.8362,-12.5874,-189.992,0.0283022
3000,3000,0A,0.641114,-0.00964409,0.71221,-0.285724,17.871,-12.405,-190.127,17.871,-12.405,-190.127,0.0308768
3008,3008,0A,0.641918,-0.00863436,0.711798,-0.284975,17.8763,-12.2585,-190.233,17.8763,-12.2585,-190.233,0.0399665
3016,3016,0A,0.642198,-0.00870949,0.711459,-0.285188,17.8612,-12.1825,-190.269,17.8612,-12.1825,-190.269,0.0411733
3024,3024,0A,0.642212,-0.0108183,0.711407,-0.285215,17.8645,-11.7809,-190.423,17.8645,-11.7809,-190.423,0.0408761
3032,3032,0A,0.641538,-0.0145817,0.71208,-0.284881,17.8305,-11.0184,-190.805,17.8305,-11.0184,-190.805,0.0384247
3040,3040,0A,0.640763,-0.0181609,0.713158,-0.283724,17.7897,-9.98627,-191.381,17.7897,-9.98627,-191.381,0.0329959
3048,3048,0A,0.64084,-0.0203463,0.713372,-0.282862,17.7447,-9.05708,-191.695,17.7447,-9.05708,-191.695,0.038811
3056,3056,0A,0.641481,-0.0200643,0.713414,-0.28132,17.7204,-8.33647,-191.809,17.7204,-8.33647,-191.809,0.0396921
3064,3064,0A,0.641383,-0.0200042,0.713517,-0.281286,17.725,-7.93477,-192.003,17.725,-7.93477,-192.003,0.0382956
3072,3072,0A,0.641618,-0.0189892,0.713361,-0.281214,17.7516,-7.89082,-192.006,17.7516,-7.89082,-192.006,0.0396074
3080,3080,0A,0.642396,-0.0205705,0.712687,-0.281038,17.8748,-7.82863,-191.808,17.8748,-7.82863,-191.808,0.0332365
3088,3088,0A,0.642919,-0.0236138,0.712716,-0.279525,17.5933,-7.40001,-191.848,17.5933,-7.40001,-191.848,0.0323832
3096,3096,0A,0.643389,-0.0260756,0.712366,-0.279118,17.5982,-7.21037,-191.753,17.5982,-7.21037,-191.753,0.0436846
3104,3104,0A,0.644149,-0.0274574,0.711843,-0.278564,17.6491,-7.0603,-191.663,17.6491,-7.0603,-191.663,0.0453086
3112,3112,0A,0.64515,-0.0296707,0.711473,-0.276962,17.5511,-6.757,-191.678,17.5511,-6.757,-191.678,0.0360106
3120,3120,0A,0.645974,-0.0317451,0.711156,-0.275622,17.5396,-6.40475,-191.69,17.5396,-6.40475,-191.69,0.0381224
3128,3128,0A,0.647046,-0.03128,0.710811,-0.274046,17.5546,-6.28796,-191.827,17.5546,-6.28796,-191.827,0.0320962
3136,3136,0A,0.64773,-0.0296798,0.710632,-0.273071,17.6663,-6.51674,-191.889,17.6663,-6.51674,-191.889,0.0358342
3144,3144,0A,0.647706,-0.0298401,0.711384,-0.271145,17.6346,-6.21595,-192.567,17.6346,-6.21595,-192.567,0.0401389
3152,3152,0A,0.647017,-0.0316175,0.711957,-0.271085,17.6464,-6.15374,-193.17,17.6464,-6.15374,-193.17,0.044447
3160,3160,0A,0.646527,-0.0334317,0.712691,-0.270105,17.615,-5.85775,-193.897,17.615,-5.85775,-193.897,0.0319886
3168,3168,0A,0.646629,-0.0349343,0.712858,-0.26923,17.5409,-5.56792,-194.446,17.5409,-5.56792,-194.446,0.03276
3176,3176,0A,0.647804,-0.033571,0.712577,-0.267315,17.4692,-5.31853,-194.902,17.4692,-5.31853,-194.902,0.0357409
3184,3184,0A,0.648477,-0.0332375,0.712251,-0.266595,17.6856,-5.52239,-195.142,17.6856,-5.52239,-195.142,0.0350833
3192,3192,0A,0.648922,-0.0317982,0.711969,-0.26644,17.4992,-5.78072,-195.471,17.4992,-5.78072,-195.471,0.0380993
3200,3200,0A,0.648709,-0.0313483,0.712458,-0.265703,17.3276,-5.6666,-196.316,17.3276,-5.6666,-196.316,0.0442658
3208,3208,0A,0.647534,-0.0354669,0.712951,-0.266725,17.2117,-5.69164,-197.07,17.2117,-5.69164,-197.07,0.0490933
3216,3216,0A,0.648441,-0.0383223,0.712172,-0.266207,17.4387,-5.76551,-197.193,17.4387,-5.76551,-197.193,0.0452032
3224,3224,0A,0.64982,-0.0383112,0.711309,-0.265152,17.4603,-5.83321,-197.259,17.4603,-5.83321,-197.259,0.0460612
3232,3232,0A,0.650267,-0.0376428,0.710939,-0.265148,17.427,-5.75663,-197.33,17.427,-5.75663,-197.33,0.0418688
3240,3240,0A,0.649885,-0.0375374,0.71064,-0.266894,17.4228,-5.70723,-197.349,17.4228,-5.70723,-197.349,0.043933
3248,3248,0A,0.649047,-0.0379609,0.710691,-0.26873,17.4468,-5.54954,-197.412,17.4468,-5.54954,-197.412,0.03576
3256,3256,0A,0.648086,-0.0390666,0.71102,-0.270019,17.4006,-5.34839,-197.406,17.4006,-5.34839,-197.406,0.0353701
3264,3264,0A,0.64702,-0.0398829,0.711355,-0.271567,17.4108,-5.23238,-197.373,17.4108,-5.23238,-197.373,0.0343419
3272,3272,0A,0.64656,-0.0425151,0.710812,-0.273678,17.4844,-5.04755,-197.256,17.4844,-5.04755,-197.256,0.0434198
3280,3280,0A,0.646466,-0.0450939,0.710352,-0.274679,17.3612,-4.49006,-197.254,17.3612,-4.49006,-197.254,0.0373375
3288,3288,0A,0.646689,-0.0458536,0.709882,-0.275242,17.3897,-4.05083,-197.216,17.3897,-4.05083,-197.216,0.0354394
3296,3296,0A,0.646802,-0.0449353,0.709922,-0.275027,17.4094,-3.72207,-197.229,17.4094,-3.72207,-197.229,0.0333704
3304,3304,0A,0.646965,-0.0441755,0.709847,-0.274958,17.3921,-3.59518,-197.249,17.3921,-3.59518,-197.249,0.0391107
3312,3312,0A,0.648035,-0.0469909,0.708192,-0.276238,17.6121,-3.51438,-197.056,17.6121,-3.51438,-197.056,0.0452604
3320,3320,0A,0.647927,-0.051138,0.707326,-0.277969,17.348,-3.16176,-197.321,17.348,-3.16176,-197.321,0.0416774
3328,3328,0A,0.648533,-0.0499442,0.706789,-0.278136,17.353,-3.02371,-197.296,17.353,-3.02371,-197.296,0.0421008
3336,3336,0A,0.649223,-0.0474367,0.706601,-0.277443,17.4175,-2.95436,-197.3,17.4175,-2.95436,-197.3,0.0430578
3344,3344,0A,0.649818,-0.0459165,0.706553,-0.276426,17.3928,-2.92491,-197.32,17.3928,-2.92491,-197.32,0.0425286
3352,3352,0A,0.650854,-0.0457374,0.705909,-0.275664,17.3961,-2.83115,-197.402,17.3961,-2.83115,-197.402,0.0386191
3360,3360,0A,0.651559,-0.0470362,0.705345,-0.275222,17.2736,-2.67882,-197.605,17.2736,-2.67882,-197.605,0.0323374
3368,3368,0A,0.652961,-0.0467274,0.704224,-0.274824,17.3213,-2.7362,-197.617,17.3213,-2.7362,-197.617,0.0432001
3376,3376,0A,0.654821,-0.0466824,0.703384,-0.272544,17.3419,-2.68028,-197.816,17.3419,-2.68028,-197.816,0.0386432
3384,3384,0A,0.654525,-0.0494622,0.702796,-0.274278,17.5496,-3.3743,-197.878,17.5496,-3.3743,-197.878,0.0483209
3392,3392,0A,0.654423,-0.0493428,0.703234,-0.273418,17.3757,-3.29756,-198.513,17.3757,-3.29756,-198.513,0.0409149
3400,3400,0A,0.655081,-0.0483926,0.702758,-0.273238,17.4205,-3.3576,-198.813,17.4205,-3.3576,-198.813,0.0422245
3408,3408,0A,0.653768,-0.0483059,0.703888,-0.273488,17.0322,-3.1002,-199.44,17.0322,-3.1002,-199.44,0.0487221
3416,3416,0A,0.653406,-0.0494562,0.704011,-0.273831,17.3682,-3.20956,-199.591,17.3682,-3.20956,-199.591,0.0391983
3424,3424,0A,0.653445,-0.0489154,0.703733,-0.274547,17.3307,-3.29644,-199.692,17.3307,-3.29644,-199.692,0.0491734
3432,3432,0A,0.653316,-0.0482836,0.70366,-0.275154,17.3112,-3.22231,-199.729,17.3112,-3.22231,-199.729,0.0439504
3440,3440,0A,0.652711,-0.0478338,0.70387,-0.276129,17.3148,-3.16488,-199.733,17.3148,-3.16488,-199.733,0.0413755
3448,3448,0A,0.651761,-0.0477293,0.704334,-0.277208,17.3256,-3.08899,-199.711,17.3256,-3.08899,-199.711,0.0442582
3456,3456,0A,0.651809,-0.0481836,0.704196,-0.277367,17.5266,-3.07694,-199.498,17.5266,-3.07694,-199.498,0.0447051
3464,3464,0A,0.65257,-0.0492805,0.703957,-0.275989,17.435,-3.09376,-199.074,17.435,-3.09376,-199.074,0.0485315
3472,3472,0A,0.652151,-0.0515247,0.703644,-0.277363,17.3934,-2.88619,-198.904,17.3934,-2.88619,-198.904,0.0509611
3480,3480,0A,0.652697,-0.052206,0.703002,-0.277579,17.4349,-2.74657,-198.694,17.4349,-2.74657,-198.694,0.0543455
3488,3488,0A,0.653091,-0.0527462,0.702423,-0.278016,17.4306,-2.77947,-198.444,17.4306,-2.77947,-198.444,0.05181
3496,3496,0A,0.655728,-0.052136,0.701158,-0.275099,17.2477,-2.4991,-198.008,17.2477,-2.4991,-198.008,0.0455369
3504,3504,0A,0.657179,-0.0531053,0.700243,-0.27378,17.2642,-2.45736,-198.111,17.2642,-2.45736,-198.111,0.0443231
3512,3512,0A,0.657844,-0.0538569,0.699297,-0.274456,17.3627,-2.96649,-198.155,17.3627,-2.96649,-198.155,0.0429892
3520,3520,0A,0.658531,-0.052764,0.699005,-0.273762,17.5258,-3.66603,-198.635,17.5258,-3.66603,-198.635,0.0397712
3528,3528,0A,0.658011,-0.0527692,0.69864,-0.275932,17.4034,-5.00694,-198.897,17.4034,-5.00694,-198.897,0.0383096
3536,3536,0A,0.657868,-0.0537462,0.697695,-0.278465,17.3614,-6.45113,-198.817,17.3614,-6.45113,-198.817,0.0538353
3544,3544,0A,0.658148,-0.0549127,0.697005,-0.279303,17.4265,-7.3936,-199.228,17.4265,-7.3936,-199.228,0.0539817
3552,3552,0A,0.659025,-0.0563723,0.695598,-0.280448,17.5754,-8.2553,-199.692,17.5754,-8.2553,-199.692,0.0463371
3560,3560,0A,0.659842,-0.0552554,0.69515,-0.279862,17.1773,-8.23995,-200.404,17.1773,-8.23995,-200.404,0.0448088
3568,3568,0A,0.660468,-0.0539026,0.694702,-0.279758,17.2416,-8.33371,-200.768,17.2416,-8.33371,-200.768,0.0470835
3576,3576,0A,0.660533,-0.0526707,0.694925,-0.279289,17.3573,-8.27385,-201.578,17.3573,-8.27385,-201.578,0.0468348
3584,3584,0A,0.661119,-0.0523273,0.694348,-0.279399,17.4051,-8.34215,-202.422,17.4051,-8.34215,-202.422,0.0412712
3592,3592,0A,0.660931,-0.0565405,0.693222,-0.281812,17.6225,-8.80724,-202.865,17.6225,-8.80724,-202.865,0.0495107
3600,3600,0A,0.660287,-0.059224,0.693296,-0.282585,17.3538,-8.95326,-203.576,17.3538,-8.95326,-203.576,0.0420794
3608,3608,0A,0.660119,-0.060759,0.692843,-0.283763,17.332,-9.3879,-204.226,17.332,-9.3879,-204.226,0.0543649
3616,3616,0A,0.660858,-0.0607969,0.692367,-0.283195,17.3562,-9.65391,-204.91,17.3562,-9.65391,-204.91,0.0378147
3624,3624,0A,0.661744,-0.0603872,0.69206,-0.28196,17.348,-9.80747,-205.88,17.348,-9.80747,-205.88,0.0428757
3632,3632,0A,0.663408,-0.0600053,0.691125,-0.280423,17.4162,-10.0352,-206.522,17.4162,-10.0352,-206.522,0.0274015
3640,3640,0A,0.66434,-0.0621104,0.689647,-0.281395,17.6031,-10.553,-207.017,17.6031,-10.553,-207.017,0.0493661
3648,3648,0A,0.662509,-0.0619856,0.691462,-0.281283,16.485,-10.5225,-208.652,16.485,-10.5225,-208.652,0.0487576
3656,3656,0A,0.662741,-0.0650677,0.690803,-0.281659,17.0036,-10.9265,-209.068,17.0036,-10.9265,-209.068,0.0333208
3664,3664,0A,0.663483,-0.0654211,0.690035,-0.281713,17.1298,-11.319,-209.577,17.1298,-11.319,-209.577,0.0476188
3672,3672,0A,0.663895,-0.0675785,0.689152,-0.282395,17.2745,-12.0907,-209.733,17.2745,-12.0907,-209.733,0.0368792
3680,3680,0A,0.664021,-0.0685538,0.688685,-0.283001,17.3,-12.7224,-209.902,17.3,-12.7224,-209.902,0.0381325
3688,3688,0A,0.663882,-0.0697796,0.688055,-0.284556,17.2271,-13.5211,-210.116,17.2271,-13.5211,-210.116,0.0408094
3696,3696,0A,0.664639,-0.0695869,0.687403,-0.28441,17.2677,-13.9306,-209.975,17.2677,-13.9306,-209.975,0.0360977
3704,3704,0A,0.66499,-0.0701479,0.686824,-0.284851,17.3835,-14.4224,-210.002,17.3835,-14.4224,-210.002,0.0365765
3712,3712,0A,0.664988,-0.0709331,0.686584,-0.28524,17.3326,-14.5268,-210.148,17.3326,-14.5268,-210.148,0.0403061
3720,3720,0A,0.664603,-0.0716052,0.686544,-0.286063,17.319,-14.5329,-210.139,17.319,-14.5329,-210.139,0.0364017
3728,3728,0A,0.663976,-0.0705081,0.686951,-0.286814,17.3225,-14.4455,-210.065,17.3225,-14.4455,-210.065,0.0449928
3736,3736,0A,0.66525,-0.0665912,0.68772,-0.282932,17.3414,-13.8179,-209.677,17.3414,-13.8179,-209.677,0.0366657
3744,3744,0A,0.666226,-0.0646677,0.687321,-0.282048,17.376,-13.7433,-209.472,17.376,-13.7433,-209.472,0.0293526
3752,3752,0A,0.666187,-0.0662693,0.686847,-0.282921,17.3514,-13.5865,-209.302,17.3514,-13.5865,-209.302,0.0492981
3760,3760,0A,0.665618,-0.0697967,0.686374,-0.284554,17.3451,-13.3374,-209.18,17.3451,-13.3374,-209.18,0.0697592
3768,3768,0A,0.664933,-0.0728664,0.686273,-0.285631,17.3391,-13.2113,-209.048,17.3391,-13.2113,-209.048,0.0672392
3776,3776,0A,0.66419,-0.075825,0.686253,-0.286633,17.3533,-13.1592,-208.923,17.3533,-13.1592,-208.923,0.0563634
3784,3784,0A,0.667306,-0.0723887,0.687308,-0.277615,17.2611,-12.6788,-208.839,17.2611,-12.6788,-208.839,0.0361573
3792,3792,0A,0.667595,-0.0739157,0.687099,-0.277036,17.2587,-12.777,-208.837,17.2587,-12.777,-208.837,0.039273
3800,3800,0A,0.668621,-0.0729148,0.687091,-0.274839,17.2611,-12.8206,-208.846,17.2611,-12.8206,-208.846,0.0362374
3808,3808,0A,0.669983,-0.0711682,0.686993,-0.272212,17.2092,-12.8991,-208.83,17.2092,-12.8991,-208.83,0.0378266
3816,3816,0A,0.67141,-0.0699485,0.686168,-0.271091,17.2368,-12.8298,-208.922,17.2368,-12.8298,-208.922,0.0421648
3824,3824,0A,0.67001,-0.0709466,0.685623,-0.275635,17.2937,-12.7276,-208.662,17.2937,-12.7276,-208.662,0.0351436
3832,3832,0A,0.671809,-0.0681891,0.685269,-0.272819,17.3089,-12.7492,-208.673,17.3089,-12.7492,-208.673,0.0377008
3840,3840,0A,0.674724,-0.0672581,0.683858,-0.269373,17.2891,-12.8909,-209.049,17.2891,-12.8909,-209.049,0.0493713
3848,3848,0A,0.675344,-0.0681604,0.683524,-0.268438,17.2862,-12.911,-209.114,17.2862,-12.911,-209.114,0.0417994
3856,3856,0A,0.675706,-0.07077,0.68312,-0.267882,17.2682,-12.9766,-209.115,17.2682,-12.9766,-209.115,0.0372341
3864,3864,0A,0.675874,-0.0756499,0.682123,-0.268665,17.2827,-13.1759,-209.065,17.2827,-13.1759,-209.065,0.0404516
3872,3872,0A,0.676312,-0.0795766,0.681334,-0.268427,17.2259,-13.2447,-209.098,17.2259,-13.2447,-209.098,0.0458536
3880,3880,0A,0.677501,-0.0811701,0.680468,-0.267148,17.2427,-13.3687,-209.134,17.2427,-13.3687,-209.134,0.0372066
3888,3888,0A,0.679419,-0.0800616,0.679759,-0.264401,17.2099,-13.421,-209.164,17.2099,-13.421,-209.164,0.0476194
3896,3896,0A,0.681751,-0.0781738,0.678919,-0.261101,17.2347,-13.4625,-209.309,17.2347,-13.4625,-209.309,0.0451462
3904,3904,0A,0.683644,-0.0787491,0.677704,-0.259128,17.1831,-13.4984,-209.376,17.1831,-13.4984,-209.376,0.0431117
3912,3912,0A,0.685708,-0.0800566,0.676165,-0.257287,17.2201,-13.6317,-209.43,17.2201,-13.6317,-209.43,0.0341696
3920,3920,0A,0.686901,-0.0816558,0.675306,-0.255852,17.131,-13.7287,-209.5,17.131,-13.7287,-209.5,0.038456
3928,3928,0A,0.688187,-0.080285,0.675113,-0.25333,17.1527,-13.7464,-209.568,17.1527,-13.7464,-209.568,0.0313334
3936,3936,0A,0.688778,-0.0778816,0.675228,-0.252165,17.164,-13.6565,-209.6,17.164,-13.6565,-209.6,0.0359085
3944,3944,0A,0.689102,-0.0752959,0.675362,-0.251704,17.2046,-13.6699,-209.537,17.2046,-13.6699,-209.537,0.0457584
3952,3952,0A,0.689113,-0.0738588,0.675764,-0.251019,17.194,-13.5582,-209.613,17.194,-13.5582,-209.613,0.0355405
3960,3960,0A,0.68862,-0.076285,0.675679,-0.251874,17.2029,-13.6896,-209.49,17.2029,-13.6896,-209.49,0.0401323
3968,3968,0A,0.687883,-0.0812454,0.675587,-0.252584,17.146,-13.7821,-209.44,17.146,-13.7821,-209.44,0.0371839
3976,3976,0A,0.68518,-0.0890506,0.674836,-0.25922,17.2262,-13.7255,-209.185,17.2262,-13.7255,-209.185,0.0281303
3984,3984,0A,0.684122,-0.0939924,0.674512,-0.261106,17.214,-13.7673,-209.211,17.214,-13.7673,-209.211,0.0277128
3992,3992,0A,0.683142,-0.0983069,0.674295,-0.262639,17.2125,-13.8101,-209.176,17.2125,-13.8101,-209.176,0.0247553
4000,4000,0A,0.685142,-0.0976598,0.675011,-0.25574,17.1813,-14.0993,-209.225,17.1813,-14.0993,-209.225,0.0507662
4008,4008,0A,0.684694,-0.099678,0.675178,-0.255723,17.1917,-14.0979,-209.291,17.1917,-14.0979,-209.291,0.0452181
4016,4016,0A,0.684972,-0.0992788,0.675291,-0.254833,17.1975,-14.1185,-209.326,17.1975,-14.1185,-209.326,0.0438853
4024,4024,0A,0.686069,-0.0976837,0.675168,-0.252815,17.2258,-14.1239,-209.305,17.2258,-14.1239,-209.305,0.0426549
4032,4032,0A,0.686984,-0.0985791,0.674561,-0.251601,17.1926,-14.1863,-209.318,17.1926,-14.1863,-209.318,0.0456952
4040,4040,0A,0.684798,-0.10391,0.673404,-0.258422,17.2543,-14.0795,-209.073,17.2543,-14.0795,-209.073,0.0355542
4048,4048,0A,0.686236,-0.102339,0.673051,-0.256144,17.2582,-14.114,-209.088,17.2582,-14.114,-209.088,0.0380395
4056,4056,0A,0.689716,-0.0987496,0.672461,-0.249671,17.1509,-14.2362,-209.514,17.1509,-14.2362,-209.514,0.0306424
4064,4064,0A,0.688971,-0.0998955,0.672427,-0.25136,17.1407,-14.2034,-209.473,17.1407,-14.2034,-209.473,0.0394997
4072,4072,0A,0.688041,-0.0985972,0.673057,-0.252728,17.1314,-14.185,-209.415,17.1314,-14.185,-209.415,0.0445315
4080,4080,0A,0.687299,-0.0949514,0.674294,-0.25285,17.1844,-14.0531,-209.441,17.1844,-14.0531,-209.441,0.0383902
4088,4088,0A,0.68582,-0.0942524,0.675242,-0.254589,17.2276,-14.029,-209.3,17.2276,-14.029,-209.3,0.0489929
4096,4096,0A,0.6837,-0.0965626,0.676307,-0.256593,17.1535,-13.9647,-209.275,17.1535,-13.9647,-209.275,0.0371669
4104,4104,0A,0.681831,-0.0987047,0.677114,-0.258613,17.1662,-13.9098,-209.187,17.1662,-13.9098,-209.187,0.0376529
4112,4112,0A,0.680599,-0.0972794,0.678414,-0.25899,17.1859,-13.8785,-209.211,17.1859,-13.8785,-209.211,0.0365123
4120,4120,0A,0.679711,-0.0950329,0.679947,-0.258135,17.1976,-13.8904,-209.08,17.1976,-13.8904,-209.08,0.0420691
4128,4128,0A,0.67904,-0.0937894,0.681203,-0.257044,17.1933,-13.8813,-209.04,17.1933,-13.8813,-209.04,0.0448687
4136,4136,0A,0.678511,-0.0942565,0.681777,-0.256748,17.1642,-13.9152,-208.999,17.1642,-13.9152,-208.999,0.0393892
4144,4144,0A,0.67858,-0.0939273,0.681943,-0.256241,17.211,-13.8831,-209.005,17.211,-13.8831,-209.005,0.0373001
4152,4152,0A,0.678544,-0.0944572,0.681961,-0.256097,17.1961,-13.8886,-208.947,17.1961,-13.8886,-208.947,0.044551
4160,4160,0A,0.678834,-0.0952997,0.681967,-0.254997,17.1954,-13.8814,-209.028,17.1954,-13.8814,-209.028,0.037745
4168,4168,0A,0.678871,-0.0981701,0.681542,-0.254948,17.1762,-13.9975,-208.962,17.1762,-13.9975,-208.962,0.0444503
4176,4176,0A,0.679175,-0.100813,0.680951,-0.254685,17.179,-14.095,-208.969,17.179,-14.095,-208.969,0.0420787
4184,4184,0A,0.67712,-0.105928,0.679893,-0.260833,17.1941,-13.9335,-208.766,17.1941,-13.9335,-208.766,0.0281966
4192,4192,0A,0.678013,-0.10582,0.679389,-0.259866,17.2092,-14.0289,-208.728,17.2092,-14.0289,-208.728,0.0326457
4200,4200,0A,0.68241,-0.101983,0.678435,-0.252275,17.1721,-14.1209,-209.155,17.1721,-14.1209,-209.155,0.0446231
4208,4208,0A,0.683474,-0.101648,0.677921,-0.250907,17.171,-14.2354,-209.182,17.171,-14.2354,-209.182,0.0339216
4216,4216,0A,0.684166,-0.101468,0.677617,-0.249916,17.1547,-14.2201,-209.221,17.1547,-14.2201,-209.221,0.039161
4224,4224,0A,0.684661,-0.101136,0.677396,-0.24929,17.1718,-14.3078,-209.197,17.1718,-14.3078,-209.197,0.0390929
4232,4232,0A,0.684807,-0.100211,0.677618,-0.248658,17.1529,-14.26,-209.204,17.1529,-14.26,-209.204,0.0368487
4240,4240,0A,0.684958,-0.0986301,0.677958,-0.247946,17.2178,-14.2313,-209.159,17.2178,-14.2313,-209.159,0.0380637
4248,4248,0A,0.684158,-0.0982842,0.67844,-0.248974,17.2263,-14.1408,-208.82,17.2263,-14.1408,-208.82,0.039668
4256,4256,0A,0.684476,-0.0972549,0.678647,-0.247937,17.2158,-14.1375,-208.835,17.2158,-14.1375,-208.835,0.0389001
4264,4264,0A,0.684349,-0.0978441,0.678723,-0.24785,17.1981,-14.1122,-208.867,17.1981,-14.1122,-208.867,0.0360456
4272,4272,0A,0.684149,-0.0989856,0.678688,-0.248044,17.2077,-14.0958,-208.889,17.2077,-14.0958,-208.889,0.0321642
4280,4280,0A,0.683805,-0.100359,0.678688,-0.24844,17.2018,-14.1136,-208.9,17.2018,-14.1136,-208.9,0.0296831
4288,4288,0A,0.683189,-0.10246,0.678668,-0.24933,17.1924,-14.1481,-208.883,17.1924,-14.1481,-208.883,0.0279352
4296,4296,0A,0.682314,-0.105452,0.678609,-0.250635,17.1732,-14.1686,-208.885,17.1732,-14.1686,-208.885,0.0280556
4304,4304,0A,0.681542,-0.108256,0.678542,-0.251719,17.1782,-14.1705,-208.874,17.1782,-14.1705,-208.874,0.0264562
4312,4312,0A,0.680765,-0.11086,0.678558,-0.252644,17.1905,-14.1932,-208.862,17.1905,-14.1932,-208.862,0.0276907
4320,4320,0A,0.67991,-0.11303,0.678793,-0.253352,17.1814,-14.2363,-208.81,17.1814,-14.2363,-208.81,0.0263421
4328,4328,0A,0.680171,-0.111093,0.680433,-0.24907,17.1491,-14.4314,-208.95,17.1491,-14.4314,-208.95,0.0389402
4336,4336,0A,0.679272,-0.110591,0.681345,-0.249257,17.1957,-14.4083,-208.893,17.1957,-14.4083,-208.893,0.0368369
4344,4344,0A,0.678305,-0.109417,0.682577,-0.249034,17.207,-14.4483,-208.815,17.207,-14.4483,-208.815,0.044816
