32,32,0A,0.755811,0.31737,0.546677,0.170793,71.5077,6.02069,-218.95,71.5077,6.02069,-218.95,0.190711
40,40,0A,0.756121,0.316008,0.546908,0.171203,71.4994,6.23923,-218.574,71.4994,6.23923,-218.574,0.184719
48,48,0A,0.756489,0.314828,0.547079,0.171211,71.5304,6.52908,-218.093,71.5304,6.52908,-218.093,0.170807
56,56,0A,0.757175,0.3141,0.546736,0.170609,71.5032,6.73647,-217.419,71.5032,6.73647,-217.419,0.151893
64,64,0A,0.757609,0.314362,0.546264,0.169712,71.3795,7.07166,-216.733,71.3795,7.07166,-216.733,0.153398
72,72,0A,0.757988,0.31446,0.546134,0.168247,71.4386,7.24327,-215.924,71.4386,7.24327,-215.924,0.154675
80,80,0A,0.757953,0.313978,0.546424,0.168365,71.4487,7.74706,-215.204,71.4487,7.74706,-215.204,0.153169
88,88,0A,0.75801,0.312805,0.546907,0.168722,71.4297,8.27988,-214.434,71.4297,8.27988,-214.434,0.16324
96,96,0A,0.758154,0.312002,0.547378,0.168032,71.4049,8.76768,-213.509,71.4049,8.76768,-213.509,0.162028
104,104,0A,0.758218,0.311667,0.547564,0.167756,71.425,9.23115,-212.519,71.425,9.23115,-212.519,0.163595
112,112,0A,0.75838,0.310102,0.548416,0.16714,71.4209,9.65579,-211.528,71.4209,9.65579,-211.528,0.171495
120,120,0A,0.758578,0.308277,0.549418,0.166327,71.3464,10.1046,-210.542,71.3464,10.1046,-210.542,0.15156
128,128,0A,0.758665,0.307536,0.549766,0.166155,71.2595,10.3103,-209.553,71.2595,10.3103,-209.553,0.133405
136,136,0A,0.758806,0.307773,0.549584,0.165668,71.2822,10.3304,-208.56,71.2822,10.3304,-208.56,0.13351
144,144,0A,0.758638,0.307526,0.550025,0.165437,71.2998,10.1761,-207.794,71.2998,10.1761,-207.794,0.166504
152,152,0A,0.758224,0.307196,0.550941,0.164896,71.2576,9.91546,-207.059,71.2576,9.91546,-207.059,0.162658
160,160,0A,0.757775,0.306676,0.552036,0.164265,71.1953,9.43716,-206.499,71.1953,9.43716,-206.499,0.156898
168,168,0A,0.757538,0.30699,0.552259,0.164025,71.1875,8.80454,-205.938,71.1875,8.80454,-205.938,0.145856
176,176,0A,0.757438,0.308085,0.551739,0.164182,71.1608,8.14431,-205.491,71.1608,8.14431,-205.491,0.131789
184,184,0A,0.757013,0.309662,0.551215,0.164931,71.1898,7.38859,-205.195,71.1898,7.38859,-205.195,0.160426
192,192,0A,0.756383,0.311458,0.551093,0.164851,71.2238,6.46587,-205.17,71.2238,6.46587,-205.17,0.168213
200,200,0A,0.756182,0.312578,0.550894,0.164317,71.1998,5.62821,-205.155,71.1998,5.62821,-205.155,0.15401
208,208,0A,0.756264,0.31373,0.549826,0.165316,71.2257,4.99445,-205.277,71.2257,4.99445,-205.277,0.174603
216,216,0A,0.756396,0.315002,0.548934,0.165259,71.2115,4.17378,-205.489,71.2115,4.17378,-205.489,0.16386
224,224,0A,0.755812,0.316962,0.548561,0.165422,71.2871,3.28501,-205.94,71.2871,3.28501,-205.94,0.168618
232,232,0A,0.755161,0.318275,0.548505,0.166057,71.3087,2.60449,-206.511,71.3087,2.60449,-206.511,0.172805
240,240,0A,0.7552,0.318424,0.548102,0.166924,71.2277,2.06432,-207.085,71.2277,2.06432,-207.085,0.18236
248,248,0A,0.755311,0.319105,0.547433,0.167315,71.2369,1.62168,-207.345,71.2369,1.62168,-207.345,0.179856
256,256,0A,0.755224,0.31998,0.547257,0.16661,71.2957,0.950252,-207.584,71.2957,0.950252,-207.584,0.176126
264,264,0A,0.755081,0.321071,0.546938,0.166208,71.2926,0.4425,-207.781,71.2926,0.4425,-207.781,0.159056
272,272,0A,0.755139,0.321964,0.546185,0.166696,71.2775,0.093186,-208.021,71.2775,0.093186,-208.021,0.177743
280,280,0A,0.755459,0.322223,0.54589,0.165706,71.3018,-0.472878,-208.116,71.3018,-0.472878,-208.116,0.170617
288,288,0A,0.755404,0.322978,0.545584,0.165495,71.3337,-0.935557,-208.252,71.3337,-0.935557,-208.252,0.162456
296,296,0A,0.755183,0.323957,0.545181,0.165918,71.3279,-1.37384,-208.388,71.3279,-1.37384,-208.388,0.167052
304,304,0A,0.754879,0.325142,0.544652,0.166718,71.3982,-1.85862,-208.624,71.3982,-1.85862,-208.624,0.186318
312,312,0A,0.754106,0.326708,0.543799,0.169908,71.522,-0.98565,-208.883,71.522,-0.98565,-208.883,0.230975
320,320,0A,0.754149,0.327234,0.543503,0.169651,71.5274,-1.48243,-209.079,71.5274,-1.48243,-209.079,0.232637
328,328,0A,0.754145,0.328029,0.543108,0.169402,71.5191,-2.05215,-209.205,71.5191,-2.05215,-209.205,0.236104
336,336,0A,0.753933,0.329083,0.542685,0.169655,71.5592,-2.65339,-209.35,71.5592,-2.65339,-209.35,0.247708
344,344,0A,0.753574,0.329759,0.542739,0.169766,71.5657,-3.20745,-209.588,71.5657,-3.20745,-209.588,0.251663
352,352,0A,0.753398,0.330508,0.542573,0.169617,71.5894,-3.79399,-209.688,71.5894,-3.79399,-209.688,0.259857
360,360,0A,0.753069,0.331716,0.542214,0.169868,71.5839,-4.29723,-209.791,71.5839,-4.29723,-209.791,0.261279
368,368,0A,0.753624,0.329959,0.544562,0.163186,71.3626,-6.57372,-209.451,71.3626,-6.57372,-209.451,0.19937
376,376,0A,0.752902,0.330734,0.545137,0.163034,71.3775,-6.96104,-209.748,71.3775,-6.96104,-209.748,0.199594
384,384,0A,0.752292,0.331058,0.545787,0.163017,71.3973,-7.1909,-210.187,71.3973,-7.1909,-210.187,0.202055
392,392,0A,0.751949,0.331505,0.546114,0.162593,71.3714,-7.42474,-210.687,71.3714,-7.42474,-210.687,0.189199
400,400,0A,0.751709,0.332586,0.545936,0.162095,71.3915,-7.69458,-211.243,71.3915,-7.69458,-211.243,0.177378
408,408,0A,0.750962,0.334738,0.545065,0.164046,71.4436,-7.69844,-212.187,71.4436,-7.69844,-212.187,0.212041
416,416,0A,0.751333,0.335305,0.544337,0.163603,71.4493,-7.85596,-212.836,71.4493,-7.85596,-212.836,0.191661
424,424,0A,0.751513,0.335631,0.543826,0.163805,71.4418,-7.69701,-213.53,71.4418,-7.69701,-213.53,0.194456
432,432,0A,0.75128,0.336277,0.543612,0.164264,71.4627,-7.40887,-214.163,71.4627,-7.40887,-214.163,0.205922
440,440,0A,0.750978,0.33681,0.543855,0.163745,71.4569,-7.23143,-214.829,71.4569,-7.23143,-214.829,0.185187
448,448,0A,0.750695,0.337852,0.54326,0.164869,71.4809,-6.83998,-215.493,71.4809,-6.83998,-215.493,0.177145
456,456,0A,0.750405,0.338215,0.543193,0.165665,71.4738,-6.59146,-216.217,71.4738,-6.59146,-216.217,0.178512
464,464,0A,0.749671,0.338419,0.54381,0.166542,71.5301,-6.21963,-216.981,71.5301,-6.21963,-216.981,0.204339
472,472,0A,0.748879,0.338468,0.544748,0.166944,71.4883,-5.94009,-217.853,71.4883,-5.94009,-217.853,0.184413
480,480,0A,0.748276,0.338573,0.545172,0.168042,71.4539,-5.91327,-218.684,71.4539,-5.91327,-218.684,0.175013
488,488,0A,0.747698,0.339433,0.544884,0.169808,71.5487,-5.85595,-219.565,71.5487,-5.85595,-219.565,0.19695
496,496,0A,0.746944,0.340388,0.54513,0.170423,71.5628,-5.92746,-220.413,71.5628,-5.92746,-220.413,0.197777
504,504,0A,0.746029,0.341194,0.545616,0.171262,71.5993,-6.11885,-221.234,71.5993,-6.11885,-221.234,0.212408
512,512,0A,0.745705,0.341837,0.545294,0.172409,71.5899,-6.27383,-221.845,71.5899,-6.27383,-221.845,0.185413
520,520,0A,0.745903,0.342162,0.544463,0.173536,71.4761,-6.45411,-222.208,71.4761,-6.45411,-222.208,0.169269
528,528,0A,0.745537,0.343434,0.543789,0.174704,71.5716,-6.6598,-222.597,71.5716,-6.6598,-222.597,0.195473
536,536,0A,0.745083,0.344071,0.544561,0.172976,71.627,-7.25369,-222.942,71.627,-7.25369,-222.942,0.183999
552,552,0A,0.74386,0.34639,0.544278,0.174495,71.7788,-7.74756,-224.503,71.7788,-7.74756,-224.503,0.184454
560,560,0A,0.743435,0.347439,0.543813,0.175665,71.7748,-8.10513,-225.252,71.7748,-8.10513,-225.252,0.18617
568,568,0A,0.742914,0.348374,0.543732,0.176269,71.8449,-8.60244,-225.998,71.8449,-8.60244,-225.998,0.192896
576,576,0A,0.742051,0.349877,0.543623,0.177259,71.8219,-9.12036,-226.983,71.8219,-9.12036,-226.983,0.196653
584,584,0A,0.741703,0.35152,0.542571,0.178683,71.9005,-9.59864,-227.919,71.9005,-9.59864,-227.919,0.193567
592,592,0A,0.74138,0.352872,0.541498,0.180604,71.9245,-9.92685,-229.001,71.9245,-9.92685,-229.001,0.19923
600,600,0A,0.741359,0.35399,0.540254,0.182217,71.9728,-10.2052,-229.804,71.9728,-10.2052,-229.804,0.19405
608,608,0A,0.741478,0.354885,0.539218,0.18306,71.9632,-10.4105,-230.497,71.9632,-10.4105,-230.497,0.193911
616,616,0A,0.741308,0.356028,0.538374,0.184012,72.0155,-10.4666,-231.118,72.0155,-10.4666,-231.118,0.193732
624,624,0A,0.741052,0.356741,0.53815,0.184317,71.9694,-10.4731,-231.655,71.9694,-10.4731,-231.655,0.1958
632,632,0A,0.740845,0.357845,0.537632,0.184521,72.0237,-10.4812,-232.322,72.0237,-10.4812,-232.322,0.198663
640,640,0A,0.740485,0.359298,0.536983,0.185033,72.0415,-10.3615,-233.103,72.0415,-10.3615,-233.103,0.188719
648,648,0A,0.740457,0.359971,0.536597,0.184955,72.0445,-10.3302,-233.719,72.0445,-10.3302,-233.719,0.189839
656,656,0A,0.739696,0.360756,0.536948,0.185449,72.0401,-10.1071,-234.65,72.0401,-10.1071,-234.65,0.188931
664,664,0A,0.738614,0.361387,0.53758,0.186698,72.1404,-9.8966,-235.691,72.1404,-9.8966,-235.691,0.193851
672,672,0A,0.738226,0.361855,0.537442,0.187722,72.1231,-9.75177,-236.769,72.1231,-9.75177,-236.769,0.193386
680,680,0A,0.739086,0.362473,0.535412,0.188944,72.1718,-9.55853,-237.433,72.1718,-9.55853,-237.433,0.194088
688,688,0A,0.739263,0.364221,0.533425,0.190505,72.1486,-9.16213,-238.246,72.1486,-9.16213,-238.246,0.184958
696,696,0A,0.73875,0.364871,0.533531,0.19095,72.2529,-9.09812,-239.012,72.2529,-9.09812,-239.012,0.190225
704,704,0A,0.737411,0.365725,0.534078,0.192953,72.2866,-8.81978,-240.14,72.2866,-8.81978,-240.14,0.184286
712,712,0A,0.73735,0.365999,0.533485,0.194304,72.2493,-8.45984,-240.908,72.2493,-8.45984,-240.908,0.191709
720,720,0A,0.73812,0.366118,0.53225,0.194542,72.283,-8.13998,-241.265,72.283,-8.13998,-241.265,0.192339
728,728,0A,0.737842,0.366925,0.531726,0.195507,72.2326,-7.82823,-241.626,72.2326,-7.82823,-241.626,0.19424
736,736,0A,0.736354,0.367862,0.532597,0.196981,72.2579,-7.44141,-242.26,72.2579,-7.44141,-242.26,0.193593
744,744,0A,0.735126,0.367765,0.533789,0.198515,72.3483,-7.06389,-242.815,72.3483,-7.06389,-242.815,0.189546
752,752,0A,0.734788,0.367403,0.534093,0.199615,72.2574,-6.5192,-243.071,72.2574,-6.5192,-243.071,0.190764
760,760,0A,0.73527,0.367652,0.53349,0.198993,72.3604,-6.20459,-243.014,72.3604,-6.20459,-243.014,0.190301
768,768,0A,0.735098,0.368304,0.533168,0.199285,72.3354,-5.79926,-243.034,72.3354,-5.79926,-243.034,0.187537
776,776,0A,0.734694,0.367615,0.533674,0.200687,72.2794,-5.35448,-243.112,72.2794,-5.35448,-243.112,0.187574
784,784,0A,0.734488,0.366461,0.534037,0.202581,72.2737,-4.61465,-243.208,72.2737,-4.61465,-243.208,0.182435
792,792,0A,0.734521,0.365713,0.534084,0.203685,72.1983,-3.99398,-243.161,72.1983,-3.99398,-243.161,0.18002
800,800,0A,0.734501,0.365676,0.534047,0.203921,72.2333,-3.52717,-242.917,72.2333,-3.52717,-242.917,0.184104
808,808,0A,0.733968,0.366216,0.533961,0.205092,72.2539,-2.91301,-242.814,72.2539,-2.91301,-242.814,0.182328
816,816,0A,0.733476,0.36555,0.534443,0.206779,72.2319,-2.27753,-242.825,72.2319,-2.27753,-242.825,0.17857
824,824,0A,0.733697,0.363837,0.534866,0.207919,72.2765,-1.65942,-242.629,72.2765,-1.65942,-242.629,0.188896
832,832,0A,0.733799,0.363254,0.535061,0.208075,72.1713,-0.937448,-242.417,72.1713,-0.937448,-242.417,0.177635
840,840,0A,0.734356,0.363255,0.535089,0.206025,72.2392,-0.766992,-241.818,72.2392,-0.766992,-241.818,0.177146
848,848,0A,0.734054,0.36397,0.535173,0.205621,72.2331,-0.343763,-241.671,72.2331,-0.343763,-241.671,0.174701
856,856,0A,0.733696,0.363272,0.535708,0.20674,72.1981,0.139138,-241.685,72.1981,0.139138,-241.685,0.173789
864,864,0A,0.733768,0.362363,0.535822,0.207781,72.1928,0.667974,-241.511,72.1928,0.667974,-241.511,0.169433
872,872,0A,0.734276,0.361454,0.53611,0.206826,72.122,1.06898,-241.224,72.122,1.06898,-241.224,0.16822
880,880,0A,0.734391,0.362294,0.535639,0.206165,72.17,1.51826,-240.901,72.17,1.51826,-240.901,0.174076
888,888,0A,0.734397,0.362888,0.53533,0.205899,72.1529,1.90486,-240.564,72.1529,1.90486,-240.564,0.176145
896,896,0A,0.734629,0.361758,0.535615,0.20632,72.1588,2.48801,-240.343,72.1588,2.48801,-240.343,0.169763
904,904,0A,0.735124,0.360135,0.53599,0.206423,72.1205,3.15624,-239.975,72.1205,3.15624,-239.975,0.167555
912,912,0A,0.735115,0.360649,0.535488,0.206859,72.2384,3.88054,-239.555,72.2384,3.88054,-239.555,0.175722
920,920,0A,0.735085,0.359977,0.536296,0.206043,72.1725,4.36677,-239.044,72.1725,4.36677,-239.044,0.165947
928,928,0A,0.7347,0.359015,0.537156,0.206853,72.158,5.1413,-238.852,72.158,5.1413,-238.852,0.166446
936,936,0A,0.734909,0.357308,0.538104,0.206601,72.0614,5.69317,-238.557,72.0614,5.69317,-238.557,0.158138
944,944,0A,0.734953,0.356866,0.53819,0.206986,72.043,6.35042,-238.334,72.043,6.35042,-238.334,0.163644
952,952,0A,0.735115,0.356781,0.538256,0.206383,72.1011,6.87503,-237.987,72.1011,6.87503,-237.987,0.1564
960,960,0A,0.734968,0.356557,0.5384,0.206918,72.0529,7.61716,-237.854,72.0529,7.61716,-237.854,0.171111
968,968,0A,0.735214,0.356555,0.538032,0.207004,72.0723,8.19251,-237.649,72.0723,8.19251,-237.649,0.17848
976,976,0A,0.735577,0.356776,0.537414,0.206941,72.1294,8.83999,-237.621,72.1294,8.83999,-237.621,0.167217
984,984,0A,0.735982,0.356216,0.537166,0.207109,72.0631,9.52238,-237.454,72.0631,9.52238,-237.454,0.152702
992,992,0A,0.735958,0.356093,0.536822,0.208294,72.0797,10.3866,-237.44,72.0797,10.3866,-237.44,0.157506
1000,1000,0A,0.735931,0.35609,0.536615,0.208924,72.1322,11.0062,-237.509,72.1322,11.0062,-237.509,0.154835
1008,1008,0A,0.735786,0.356483,0.53624,0.209729,72.2021,11.6433,-237.792,72.2021,11.6433,-237.792,0.151885
1016,1016,0A,0.735786,0.356793,0.535677,0.210636,72.1607,12.3753,-238.022,72.1607,12.3753,-238.022,0.1423
1024,1024,0A,0.736122,0.356203,0.535258,0.211527,72.1585,13.0469,-238.252,72.1585,13.0469,-238.252,0.15027
1032,1032,0A,0.735993,0.356204,0.535043,0.212514,72.1304,13.7297,-238.637,72.1304,13.7297,-238.637,0.140733
1040,1040,0A,0.73566,0.35638,0.534859,0.213833,72.2085,14.3168,-239.09,72.2085,14.3168,-239.09,0.141294
1048,1048,0A,0.735348,0.356405,0.534905,0.214744,72.1442,15.019,-239.672,72.1442,15.019,-239.672,0.143863
1056,1056,0A,0.735495,0.355635,0.534916,0.215493,72.1688,15.6728,-239.98,72.1688,15.6728,-239.98,0.147404
1064,1064,0A,0.734671,0.356272,0.534692,0.217792,72.201,16.6468,-240.65,72.201,16.6468,-240.65,0.138921
1072,1072,0A,0.734529,0.354909,0.535444,0.218648,72.201,17.0114,-241.084,72.201,17.0114,-241.084,0.142615
1080,1080,0A,0.733818,0.354801,0.535332,0.221466,72.2006,17.8626,-241.922,72.2006,17.8626,-241.922,0.136236
1088,1088,0A,0.73392,0.354031,0.534805,0.223622,72.2413,18.4199,-242.624,72.2413,18.4199,-242.624,0.1383
1096,1096,0A,0.733769,0.354082,0.534083,0.225753,72.2458,19.1429,-243.338,72.2458,19.1429,-243.338,0.136587
1104,1104,0A,0.734135,0.353571,0.53369,0.226292,72.339,19.5731,-243.803,72.339,19.5731,-243.803,0.146027
1112,1112,0A,0.733869,0.354548,0.532821,0.227671,72.3569,20.2571,-244.433,72.3569,20.2571,-244.433,0.142056
1120,1120,0A,0.734189,0.354595,0.532424,0.227497,72.3238,20.6203,-244.783,72.3238,20.6203,-244.783,0.132201
1128,1128,0A,0.733867,0.355442,0.531719,0.228855,72.3445,21.3662,-245.245,72.3445,21.3662,-245.245,0.142215
1136,1136,0A,0.733392,0.355554,0.531898,0.229785,72.3224,21.7924,-245.775,72.3224,21.7924,-245.775,0.130555
1144,1144,0A,0.732289,0.355835,0.53229,0.231951,72.4104,22.4986,-246.647,72.4104,22.4986,-246.647,0.13945
1152,1152,0A,0.731369,0.356011,0.532831,0.23334,72.4122,22.6841,-247.49,72.4122,22.6841,-247.49,0.131574
1160,1160,0A,0.730563,0.356529,0.532943,0.234813,72.401,22.841,-248.442,72.401,22.841,-248.442,0.140593
1168,1168,0A,0.729843,0.357744,0.533048,0.234966,72.3761,22.5717,-249.395,72.3761,22.5717,-249.395,0.143031
1176,1176,0A,0.728368,0.360698,0.533387,0.234254,72.4618,22.158,-250.499,72.4618,22.158,-250.499,0.133536
1184,1184,0A,0.727542,0.361998,0.534554,0.232148,72.5787,21.2004,-251.338,72.5787,21.2004,-251.338,0.128653
1192,1192,0A,0.72654,0.363346,0.534611,0.233047,72.5732,20.92,-252.278,72.5732,20.92,-252.278,0.134759
1200,1200,0A,0.726878,0.363135,0.53481,0.231862,72.4081,20.0831,-252.506,72.4081,20.0831,-252.506,0.142385
1208,1208,0A,0.726483,0.365189,0.534443,0.230717,72.4343,19.3409,-252.567,72.4343,19.3409,-252.567,0.141194
1216,1216,0A,0.725939,0.367019,0.535137,0.2279,72.5196,18.1084,-252.433,72.5196,18.1084,-252.433,0.135033
1224,1224,0A,0.725116,0.367907,0.536231,0.226511,72.4729,17.3213,-252.448,72.4729,17.3213,-252.448,0.148395
1232,1232,0A,0.724968,0.368424,0.536432,0.225666,72.4046,16.6043,-252.077,72.4046,16.6043,-252.077,0.136121
1240,1240,0A,0.725286,0.368605,0.536645,0.223838,72.4377,15.5379,-251.6,72.4377,15.5379,-251.6,0.140483
1248,1248,0A,0.724616,0.370323,0.537065,0.222158,72.5262,14.4805,-251.437,72.5262,14.4805,-251.437,0.146636
1256,1256,0A,0.723984,0.371546,0.537305,0.221595,72.5681,13.4097,-251.428,72.5681,13.4097,-251.428,0.156092
1264,1264,0A,0.724299,0.37164,0.536769,0.221705,72.4644,12.5221,-251.169,72.4644,12.5221,-251.169,0.153102
1272,1272,0A,0.724953,0.37161,0.53592,0.221674,72.4263,11.8571,-250.709,72.4263,11.8571,-250.709,0.148796
1280,1280,0A,0.72527,0.371383,0.536221,0.220285,72.4104,11.1752,-250.059,72.4104,11.1752,-250.059,0.145802
1288,1288,0A,0.725082,0.371464,0.536816,0.219317,72.401,10.6106,-249.383,72.401,10.6106,-249.383,0.149097
1296,1296,0A,0.72521,0.370914,0.537621,0.217848,72.3421,10.1946,-248.617,72.3421,10.1946,-248.617,0.145838
1304,1304,0A,0.725891,0.369151,0.538489,0.216425,72.3331,9.93754,-247.61,72.3331,9.93754,-247.61,0.148114
1312,1312,0A,0.726339,0.367742,0.539275,0.215363,72.2805,9.76879,-246.618,72.2805,9.76879,-246.618,0.154303
1320,1320,0A,0.726538,0.367417,0.53947,0.214753,72.2924,9.75832,-245.796,72.2924,9.75832,-245.796,0.153619
1328,1328,0A,0.727295,0.366727,0.539332,0.213717,72.3134,9.76873,-244.775,72.3134,9.76873,-244.775,0.158588
1336,1336,0A,0.728123,0.365604,0.539083,0.213447,72.2171,9.94106,-243.754,72.2171,9.94106,-243.754,0.151562
1344,1344,0A,0.728693,0.365291,0.538786,0.212789,72.1387,10.1012,-242.908,72.1387,10.1012,-242.908,0.152739
1352,1352,0A,0.729362,0.364938,0.538844,0.210949,72.2429,10.0922,-241.938,72.2429,10.0922,-241.938,0.146939
1360,1360,0A,0.729363,0.365083,0.538926,0.210485,72.2107,10.4872,-241.438,72.2107,10.4872,-241.438,0.142313
1368,1368,0A,0.730197,0.363886,0.538946,0.209609,72.218,10.7204,-240.803,72.218,10.7204,-240.803,0.150885
1376,1376,0A,0.730247,0.364085,0.538629,0.209905,72.1411,11.281,-240.556,72.1411,11.281,-240.556,0.151634
1384,1384,0A,0.730738,0.363968,0.538294,0.209258,72.1955,11.5146,-240.075,72.1955,11.5146,-240.075,0.146966
1392,1392,0A,0.730945,0.36431,0.537712,0.209435,72.216,12.0703,-239.796,72.216,12.0703,-239.796,0.149965
1400,1400,0A,0.731401,0.3633,0.537685,0.209669,72.1702,12.5115,-239.506,72.1702,12.5115,-239.506,0.143613
1408,1408,0A,0.731454,0.362351,0.537705,0.211071,72.0854,13.2638,-239.524,72.0854,13.2638,-239.524,0.144956
1416,1416,0A,0.73138,0.361975,0.537522,0.212431,72.0952,13.9562,-239.496,72.0952,13.9562,-239.496,0.131051
1424,1424,0A,0.730739,0.362121,0.5377,0.213935,72.1561,14.9006,-239.862,72.1561,14.9006,-239.862,0.145333
1432,1432,0A,0.730556,0.361721,0.538268,0.213806,72.1942,15.4647,-239.906,72.1942,15.4647,-239.906,0.131422
1440,1440,0A,0.730395,0.361741,0.538245,0.214381,72.1914,16.3214,-240.051,72.1914,16.3214,-240.051,0.137612
1448,1448,0A,0.730648,0.361391,0.537922,0.21492,72.169,17.1548,-240.137,72.169,17.1548,-240.137,0.127081
1456,1456,0A,0.730868,0.361204,0.537378,0.215846,72.2314,18.0339,-240.384,72.2314,18.0339,-240.384,0.140013
1464,1464,0A,0.731273,0.36046,0.537124,0.216349,72.2725,18.748,-240.488,72.2725,18.748,-240.488,0.132793
1472,1472,0A,0.731813,0.359574,0.536448,0.217666,72.2159,19.8118,-240.477,72.2159,19.8118,-240.477,0.129957
1480,1480,0A,0.732438,0.358736,0.535719,0.218744,72.1367,20.7771,-240.542,72.1367,20.7771,-240.542,0.127263
1488,1488,0A,0.732003,0.359235,0.535654,0.219537,72.1712,21.6638,-240.684,72.1712,21.6638,-240.684,0.137288
1496,1496,0A,0.730906,0.359685,0.537043,0.21906,72.2525,22.157,-240.998,72.2525,22.157,-240.998,0.136468
1504,1504,0A,0.73002,0.361086,0.537441,0.218735,72.3069,22.7981,-241.272,72.3069,22.7981,-241.272,0.134746
1512,1512,0A,0.730409,0.361961,0.536711,0.217781,72.3182,23.1604,-241.3,72.3182,23.1604,-241.3,0.118623
1520,1520,0A,0.730657,0.362892,0.535468,0.218456,72.3064,23.8253,-241.385,72.3064,23.8253,-241.385,0.125977
1528,1528,0A,0.73131,0.362082,0.535167,0.218353,72.2876,24.0862,-241.395,72.2876,24.0862,-241.395,0.122475
1536,1536,0A,0.731645,0.361831,0.534326,0.219704,72.3727,24.6664,-241.442,72.3727,24.6664,-241.442,0.12411
1544,1544,0A,0.732544,0.36066,0.533755,0.220023,72.2996,25.0346,-241.356,72.2996,25.0346,-241.356,0.124507
1552,1552,0A,0.732942,0.360918,0.532647,0.220953,72.3207,25.6372,-241.371,72.3207,25.6372,-241.371,0.117434
1560,1560,0A,0.733211,0.360564,0.532812,0.220244,72.3044,25.8585,-241.322,72.3044,25.8585,-241.322,0.120866
1568,1568,0A,0.733063,0.360127,0.533164,0.220598,72.3935,26.2685,-241.172,72.3935,26.2685,-241.172,0.132437
1576,1576,0A,0.733326,0.358346,0.533741,0.221228,72.3218,26.7514,-240.805,72.3218,26.7514,-240.805,0.12306
1584,1584,0A,0.733613,0.357688,0.533402,0.222156,72.2405,27.4084,-240.447,72.2405,27.4084,-240.447,0.113203
1592,1592,0A,0.734014,0.358105,0.532921,0.221315,72.2812,27.6167,-240.016,72.2812,27.6167,-240.016,0.119029
1600,1600,0A,0.734041,0.358794,0.532795,0.220408,72.3736,27.8806,-239.693,72.3736,27.8806,-239.693,0.124231
1608,1608,0A,0.734059,0.358454,0.533319,0.219634,72.2709,28.1784,-239.48,72.2709,28.1784,-239.48,0.105857
1616,1616,0A,0.734417,0.357834,0.533076,0.22004,72.2141,28.6125,-239.106,72.2141,28.6125,-239.106,0.100642
1624,1624,0A,0.734795,0.357684,0.532764,0.219776,72.2023,28.8994,-239.013,72.2023,28.8994,-239.013,0.106889
1632,1632,0A,0.734902,0.358467,0.532054,0.219862,72.3113,29.1685,-238.794,72.3113,29.1685,-238.794,0.10717
1640,1640,0A,0.734692,0.358274,0.532282,0.220325,72.2918,29.505,-238.969,72.2918,29.505,-238.969,0.108877
1648,1648,0A,0.734578,0.35758,0.532496,0.221313,72.3073,29.9117,-238.966,72.3073,29.9117,-238.966,0.120406
1656,1656,0A,0.735256,0.355385,0.534184,0.218511,72.4173,29.369,-239.438,72.4173,29.369,-239.438,0.104539
1664,1664,0A,0.735132,0.355703,0.534032,0.218784,72.416,29.6577,-239.34,72.416,29.6577,-239.34,0.103363
1672,1672,0A,0.734958,0.356216,0.53367,0.219415,72.4106,29.8793,-239.273,72.4106,29.8793,-239.273,0.0988363
1680,1680,0A,0.73504,0.356576,0.533146,0.219831,72.4356,30.0755,-239.185,72.4356,30.0755,-239.185,0.0997596
1688,1688,0A,0.734999,0.356567,0.533032,0.220258,72.4305,30.3873,-239.158,72.4305,30.3873,-239.158,0.094452
1696,1696,0A,0.735266,0.355685,0.533401,0.219898,72.4281,30.6379,-239.073,72.4281,30.6379,-239.073,0.107256
1704,1704,0A,0.735168,0.355628,0.533447,0.220206,72.4308,30.8856,-238.965,72.4308,30.8856,-238.965,0.116154
1712,1712,0A,0.735159,0.356051,0.532974,0.220699,72.4234,31.1243,-238.748,72.4234,31.1243,-238.748,0.132617
1720,1720,0A,0.735247,0.356679,0.532173,0.221323,72.1779,31.7926,-237.719,72.1779,31.7926,-237.719,0.118002
1728,1728,0A,0.735475,0.356101,0.532306,0.221176,72.2515,31.9758,-237.272,72.2515,31.9758,-237.272,0.105231
1736,1736,0A,0.735275,0.354597,0.533529,0.22131,72.2137,32.3657,-237.144,72.2137,32.3657,-237.144,0.102066
1744,1744,0A,0.735386,0.353432,0.534334,0.220862,72.2444,32.528,-236.79,72.2444,32.528,-236.79,0.10432
1752,1752,0A,0.735108,0.353675,0.534362,0.221329,72.1717,32.8861,-236.566,72.1717,32.8861,-236.566,0.103023
1760,1760,0A,0.735457,0.353555,0.534343,0.22041,72.2075,32.8662,-236.063,72.2075,32.8662,-236.063,0.105441
1768,1768,0A,0.735276,0.353749,0.534438,0.220472,72.2777,33.0073,-235.634,72.2777,33.0073,-235.634,0.104482
1776,1776,0A,0.735547,0.352202,0.535108,0.220418,72.1681,33.113,-235.078,72.1681,33.113,-235.078,0.100592
1784,1784,0A,0.735881,0.351035,0.535206,0.220929,72.1219,33.3493,-234.486,72.1219,33.3493,-234.486,0.103605
1792,1792,0A,0.736404,0.350467,0.535153,0.220211,72.1112,33.2281,-233.682,72.1112,33.2281,-233.682,0.100917
1800,1800,0A,0.736276,0.35102,0.535048,0.220015,72.0926,33.2967,-233.01,72.0926,33.2967,-233.01,0.104394
1808,1808,0A,0.736634,0.349805,0.535902,0.218667,72.0485,33.0198,-232.111,72.0485,33.0198,-232.111,0.0940611
1816,1816,0A,0.736292,0.348754,0.536974,0.21887,71.9853,33.2996,-231.444,71.9853,33.2996,-231.444,0.0993648
1824,1824,0A,0.736908,0.346874,0.538023,0.2172,71.9748,33.0177,-230.472,71.9748,33.0177,-230.472,0.101668
1832,1832,0A,0.73684,0.347625,0.537461,0.217623,71.9655,33.1162,-229.644,71.9655,33.1162,-229.644,0.10524
1840,1840,0A,0.737468,0.347073,0.537464,0.216365,71.9239,32.7993,-228.68,71.9239,32.7993,-228.68,0.106435
1848,1848,0A,0.737463,0.346658,0.537841,0.216109,71.8851,32.8381,-227.933,71.8851,32.8381,-227.933,0.100812
1856,1856,0A,0.737991,0.345027,0.538584,0.215064,71.8552,32.5831,-227.209,71.8552,32.5831,-227.209,0.102492
1864,1864,0A,0.737982,0.345751,0.537626,0.216328,71.9112,32.7803,-226.612,71.9112,32.7803,-226.612,0.100464
1872,1872,0A,0.738413,0.345941,0.537269,0.215437,71.8488,32.5128,-226.041,71.8488,32.5128,-226.041,0.0939847
1880,1880,0A,0.738273,0.346259,0.537311,0.215302,71.9575,32.6436,-225.663,71.9575,32.6436,-225.663,0.103953
1888,1888,0A,0.738636,0.344903,0.537944,0.214649,71.8942,32.7593,-225.141,71.8942,32.7593,-225.141,0.0978769
1896,1896,0A,0.738492,0.344619,0.537985,0.2155,71.7933,33.3256,-224.879,71.7933,33.3256,-224.879,0.0984276
1904,1904,0A,0.738901,0.345002,0.537697,0.214196,71.8385,33.4506,-224.491,71.8385,33.4506,-224.491,0.100565
1912,1912,0A,0.738755,0.34607,0.537113,0.214445,71.8655,33.9672,-224.521,71.8655,33.9672,-224.521,0.102163
1920,1920,0A,0.739239,0.345798,0.536781,0.214046,71.8763,34.3134,-224.665,71.8763,34.3134,-224.665,0.0897874
1928,1928,0A,0.739561,0.345496,0.53603,0.215299,71.9529,34.9959,-224.963,71.9529,34.9959,-224.963,0.101608
1936,1936,0A,0.739936,0.345134,0.535602,0.215657,71.9503,35.5954,-225.276,71.9503,35.5954,-225.276,0.0946115
1944,1944,0A,0.739845,0.34538,0.535241,0.21647,71.9555,36.3915,-225.662,71.9555,36.3915,-225.662,0.0958284
1952,1952,0A,0.739796,0.345604,0.534981,0.216921,71.9806,37.1991,-225.923,71.9806,37.1991,-225.923,0.0918725
1960,1960,0A,0.740019,0.345709,0.53455,0.217055,72.0155,37.9921,-226.086,72.0155,37.9921,-226.086,0.0935805
1968,1968,0A,0.74013,0.345051,0.534758,0.217212,71.9592,38.8442,-226.161,71.9592,38.8442,-226.161,0.0915703
1976,1976,0A,0.740036,0.344296,0.535352,0.217267,71.9682,39.6968,-225.968,71.9682,39.6968,-225.968,0.0833497
1984,1984,0A,0.73993,0.342781,0.536663,0.21679,71.9277,40.537,-225.76,71.9277,40.537,-225.76,0.0823691
1992,1992,0A,0.73986,0.341983,0.537322,0.216657,71.9258,41.4739,-225.312,71.9258,41.4739,-225.312,0.0780564
2000,2000,0A,0.740538,0.341468,0.537473,0.214771,71.9983,41.9606,-224.597,71.9983,41.9606,-224.597,0.0800516
2008,2008,0A,0.740825,0.341636,0.53745,0.213565,71.9288,42.3852,-224.024,71.9288,42.3852,-224.024,0.0847782
2016,2016,0A,0.741132,0.341183,0.537864,0.21218,71.8295,42.6351,-223.381,71.8295,42.6351,-223.381,0.0774823
2024,2024,0A,0.741364,0.339571,0.538805,0.211565,71.8407,42.9403,-222.7,71.8407,42.9403,-222.7,0.0803779
2032,2032,0A,0.741528,0.337821,0.539674,0.211577,71.8227,43.219,-222.017,71.8227,43.219,-222.017,0.0794452
2040,2040,0A,0.74217,0.336791,0.539773,0.210713,71.7975,43.1337,-221.123,71.7975,43.1337,-221.123,0.075764
2048,2048,0A,0.742419,0.33719,0.539331,0.210331,71.7985,43.1022,-220.22,71.7985,43.1022,-220.22,0.0831011
2056,2056,0A,0.742773,0.336329,0.539944,0.20888,71.7978,42.8564,-219.217,71.7978,42.8564,-219.217,0.0816184
2064,2064,0A,0.742793,0.335146,0.541121,0.20766,71.6878,42.7288,-218.182,71.6878,42.7288,-218.182,0.075638
2072,2072,0A,0.74299,0.334245,0.54183,0.206557,71.6693,42.4195,-217.097,71.6693,42.4195,-217.097,0.0761588
2080,2080,0A,0.743169,0.33453,0.541781,0.205578,71.7016,42.0528,-216.052,71.7016,42.0528,-216.052,0.0836123
2088,2088,0A,0.743567,0.334344,0.541798,0.204395,71.6622,41.6004,-214.974,71.6622,41.6004,-214.974,0.0754971
2096,2096,0A,0.74399,0.333466,0.542042,0.203639,71.632,41.1824,-213.962,71.632,41.1824,-213.962,0.0767116
2104,2104,0A,0.743879,0.33328,0.542467,0.203218,71.5867,40.8267,-213.095,71.5867,40.8267,-213.095,0.0722277
2112,2112,0A,0.743723,0.333,0.543235,0.202195,71.5544,40.3799,-212.367,71.5544,40.3799,-212.367,0.0730619
2120,2120,0A,0.743845,0.332832,0.543509,0.201285,71.5207,39.7609,-211.748,71.5207,39.7609,-211.748,0.0726382
2128,2128,0A,0.744218,0.333119,0.542785,0.201386,71.5398,39.2672,-211.34,71.5398,39.2672,-211.34,0.0791732
2136,2136,0A,0.744554,0.333191,0.541978,0.202198,71.5299,38.6822,-211.14,71.5299,38.6822,-211.14,0.0792346
2144,2144,0A,0.744301,0.333993,0.541524,0.203021,71.5455,38.0191,-211.351,71.5455,38.0191,-211.351,0.0805154
2152,2152,0A,0.74429,0.335265,0.540739,0.203052,71.6051,37.1078,-211.67,71.6051,37.1078,-211.67,0.0850065
2160,2160,0A,0.744497,0.336436,0.539349,0.204052,71.6341,36.3896,-212.146,71.6341,36.3896,-212.146,0.0917788
2168,2168,0A,0.744835,0.33727,0.538037,0.204904,71.5396,35.6918,-212.543,71.5396,35.6918,-212.543,0.0866217
2176,2176,0A,0.744661,0.338546,0.537243,0.205517,71.5752,35.0593,-213.091,71.5752,35.0593,-213.091,0.092586
2184,2184,0A,0.744089,0.340049,0.537472,0.204504,71.6452,34.3503,-213.724,71.6452,34.3503,-213.724,0.0935634
2192,2192,0A,0.743329,0.341909,0.537529,0.204017,71.6721,33.7461,-214.403,71.6721,33.7461,-214.403,0.0917723
2200,2200,0A,0.742806,0.343544,0.537414,0.203477,71.6525,33.0091,-215.208,71.6525,33.0091,-215.208,0.0936126
2208,2208,0A,0.742485,0.344941,0.536988,0.203411,71.7386,32.3537,-215.873,71.7386,32.3537,-215.873,0.0994647
2216,2216,0A,0.74176,0.346083,0.53703,0.204007,71.6756,31.808,-216.556,71.6756,31.808,-216.556,0.0900747
2224,2224,0A,0.740857,0.346758,0.537621,0.204581,71.739,31.2307,-217.244,71.739,31.2307,-217.244,0.101813
2232,2232,0A,0.740067,0.347092,0.538441,0.204719,71.7118,30.6991,-217.745,71.7118,30.6991,-217.745,0.0968193
2240,2240,0A,0.739802,0.347712,0.538459,0.204577,71.6946,30.1159,-218.054,71.6946,30.1159,-218.054,0.105712
2248,2248,0A,0.740016,0.348629,0.538231,0.202834,71.7137,29.3999,-218.015,71.7137,29.3999,-218.015,0.100499
2256,2256,0A,0.739933,0.349349,0.53836,0.201551,71.7243,28.7624,-217.993,71.7243,28.7624,-217.993,0.104015
2264,2264,0A,0.739923,0.349041,0.539286,0.199635,71.707,27.958,-217.916,71.707,27.958,-217.916,0.101534
2272,2272,0A,0.739556,0.349337,0.539867,0.198905,71.6959,27.3944,-217.766,71.6959,27.3944,-217.766,0.101692
2280,2280,0A,0.739397,0.349672,0.540213,0.197968,71.6929,26.7082,-217.47,71.6929,26.7082,-217.47,0.108643
2288,2288,0A,0.739074,0.350402,0.540232,0.197829,71.7502,26.1261,-217.23,71.7502,26.1261,-217.23,0.10906
2296,2296,0A,0.739168,0.350131,0.540636,0.196852,71.6968,25.5007,-216.916,71.6968,25.5007,-216.916,0.109838
2304,2304,0A,0.73919,0.349389,0.541201,0.196538,71.6756,25.1394,-216.548,71.6756,25.1394,-216.548,0.111739
2312,2312,0A,0.739375,0.348714,0.541566,0.196036,71.65,24.8923,-215.887,71.65,24.8923,-215.887,0.110025
2320,2320,0A,0.739838,0.34869,0.54113,0.195537,71.6231,24.7442,-215.112,71.6231,24.7442,-215.112,0.107004
2328,2328,0A,0.740154,0.348586,0.541054,0.194732,71.6187,24.6547,-214.303,71.6187,24.6547,-214.303,0.112142
2336,2336,0A,0.740085,0.347449,0.542151,0.193971,71.6079,24.7137,-213.422,71.6079,24.7137,-213.422,0.108838
2344,2344,0A,0.739953,0.345405,0.54355,0.194214,71.5612,25.0988,-212.513,71.5612,25.0988,-212.513,0.113168
2352,2352,0A,0.740259,0.343848,0.544265,0.193807,71.5131,25.4744,-211.502,71.5131,25.4744,-211.502,0.110797
2360,2360,0A,0.740193,0.344073,0.544484,0.193045,71.4707,25.8619,-210.588,71.4707,25.8619,-210.588,0.102096
2368,2368,0A,0.739811,0.344725,0.54479,0.19248,71.531,26.2132,-209.842,71.531,26.2132,-209.842,0.106019
2376,2376,0A,0.739514,0.343821,0.54542,0.193451,71.4963,26.7657,-209.254,71.4963,26.7657,-209.254,0.108336
2384,2384,0A,0.739845,0.341483,0.545911,0.194937,71.4367,27.517,-208.605,71.4367,27.517,-208.605,0.111961
2392,2392,0A,0.740171,0.340358,0.546012,0.195379,71.3723,28.2419,-207.92,71.3723,28.2419,-207.92,0.101964
2400,2400,0A,0.740422,0.340246,0.546148,0.194244,71.4181,28.7405,-207.107,71.4181,28.7405,-207.107,0.102951
2408,2408,0A,0.740522,0.339296,0.546809,0.193665,71.3859,29.3205,-206.373,71.3859,29.3205,-206.373,0.0993648
2416,2416,0A,0.740785,0.337629,0.547584,0.19338,71.2625,29.8202,-205.755,71.2625,29.8202,-205.755,0.0903622
2424,2424,0A,0.740729,0.336949,0.547948,0.193748,71.2687,30.4441,-205.003,71.2687,30.4441,-205.003,0.0979246
2432,2432,0A,0.741009,0.335564,0.548864,0.192487,71.262,30.7445,-204.189,71.262,30.7445,-204.189,0.0919964
2440,2440,0A,0.74096,0.335097,0.54926,0.192356,71.2895,31.0772,-203.473,71.2895,31.0772,-203.473,0.0889442
2448,2448,0A,0.740713,0.33465,0.549781,0.192598,71.2504,31.3022,-202.837,71.2504,31.3022,-202.837,0.0880314
2464,2464,0A,0.740891,0.331853,0.551599,0.191553,71.1175,31.1709,-201.299,71.1175,31.1709,-201.299,0.0943933
2472,2472,0A,0.741078,0.331154,0.551487,0.192361,71.1127,31.0866,-200.624,71.1127,31.0866,-200.624,0.0960399
2480,2480,0A,0.741329,0.330911,0.5511,0.192921,71.0772,30.9185,-199.87,71.0772,30.9185,-199.87,0.0883347
2488,2488,0A,0.741455,0.330646,0.551119,0.192836,71.0557,30.6399,-199.168,71.0557,30.6399,-199.168,0.102639
2496,2496,0A,0.741692,0.329703,0.551727,0.191794,70.9867,30.0955,-198.543,70.9867,30.0955,-198.543,0.0963293
2504,2504,0A,0.74188,0.329503,0.551488,0.192103,71.0025,29.7176,-197.95,71.0025,29.7176,-197.95,0.0939793
2512,2512,0A,0.742314,0.329274,0.551081,0.191987,70.9996,29.1714,-197.411,70.9996,29.1714,-197.411,0.0988513
2520,2520,0A,0.742381,0.329606,0.55059,0.192564,70.9934,28.5735,-196.981,70.9934,28.5735,-196.981,0.101502
2528,2528,0A,0.742745,0.329168,0.550794,0.191319,70.9572,27.6636,-196.727,70.9572,27.6636,-196.727,0.0941442
2536,2536,0A,0.742787,0.329785,0.550219,0.191751,71.006,26.9286,-196.548,71.006,26.9286,-196.548,0.0951493
2544,2544,0A,0.742985,0.330238,0.549477,0.19233,71.0269,26.1405,-196.416,71.0269,26.1405,-196.416,0.104766
2552,2552,0A,0.743036,0.330804,0.549031,0.192437,71.0219,25.2743,-196.333,71.0219,25.2743,-196.333,0.111881
2560,2560,0A,0.74307,0.331573,0.548959,0.191182,71.0034,24.2568,-196.279,71.0034,24.2568,-196.279,0.106711
2568,2568,0A,0.743088,0.332919,0.548057,0.19136,71.0086,23.4835,-196.268,71.0086,23.4835,-196.268,0.0935672
2576,2576,0A,0.743219,0.333451,0.547326,0.192016,71.0051,22.8026,-196.35,71.0051,22.8026,-196.35,0.112717
2584,2584,0A,0.742784,0.334716,0.547171,0.191943,71.0248,22.249,-196.409,71.0248,22.249,-196.409,0.113941
2592,2592,0A,0.740786,0.339282,0.545062,0.197566,71.1481,23.2104,-196.781,71.1481,23.2104,-196.781,0.248533
2600,2600,0A,0.741809,0.338344,0.547668,0.18789,71.0685,20.7435,-196.665,71.0685,20.7435,-196.665,0.103281
2608,2608,0A,0.74122,0.340177,0.547193,0.188289,71.1236,20.2314,-196.938,71.1236,20.2314,-196.938,0.125257
2616,2616,0A,0.74109,0.34085,0.546981,0.188198,71.0707,19.592,-197.241,71.0707,19.592,-197.241,0.102259
2624,2624,0A,0.740761,0.341831,0.546548,0.18897,71.1239,18.9371,-197.656,71.1239,18.9371,-197.656,0.11653
2632,2632,0A,0.740245,0.342909,0.546488,0.189213,71.1305,18.2916,-198.114,71.1305,18.2916,-198.114,0.119986
2640,2640,0A,0.739631,0.344458,0.545751,0.19092,71.1533,17.7984,-198.476,71.1533,17.7984,-198.476,0.143922
2648,2648,0A,0.739522,0.34495,0.545638,0.190776,71.1205,17.202,-198.736,71.1205,17.202,-198.736,0.132389
2656,2656,0A,0.738858,0.346536,0.545412,0.191123,71.109,16.5922,-199.092,71.109,16.5922,-199.092,0.131791
2664,2664,0A,0.738353,0.347714,0.545569,0.190485,71.1449,15.7424,-199.414,71.1449,15.7424,-199.414,0.138566
2672,2672,0A,0.738031,0.348908,0.545095,0.190905,71.1412,15.0528,-199.707,71.1412,15.0528,-199.707,0.133044
2680,2680,0A,0.73802,0.349722,0.544137,0.192188,71.1729,14.395,-199.848,71.1729,14.395,-199.848,0.14907
2688,2688,0A,0.738036,0.350242,0.543868,0.19194,71.1813,13.6751,-199.894,71.1813,13.6751,-199.894,0.138164
2696,2696,0A,0.73696,0.352282,0.542754,0.195462,71.3117,14.6631,-199.871,71.3117,14.6631,-199.871,0.257549
2704,2704,0A,0.736317,0.354281,0.542033,0.196272,71.3335,14.0049,-199.964,71.3335,14.0049,-199.964,0.260971
2712,2712,0A,0.737902,0.352712,0.544074,0.187293,71.2124,11.2559,-199.476,71.2124,11.2559,-199.476,0.127327
2720,2720,0A,0.738036,0.354422,0.543315,0.185737,71.1945,10.4437,-199.193,71.1945,10.4437,-199.193,0.136593
2728,2728,0A,0.738023,0.355476,0.543236,0.183996,71.2174,9.46962,-198.985,71.2174,9.46962,-198.985,0.149809
2736,2736,0A,0.737895,0.356308,0.543122,0.183232,71.2232,8.5641,-198.82,71.2232,8.5641,-198.82,0.157547
2744,2744,0A,0.738165,0.356633,0.542892,0.182194,71.2201,7.70003,-198.487,71.2201,7.70003,-198.487,0.149892
2752,2752,0A,0.737962,0.35786,0.542568,0.181568,71.2444,7.04099,-198.116,71.2444,7.04099,-198.116,0.159399
2760,2760,0A,0.73813,0.358504,0.543002,0.178293,71.2746,6.02071,-197.561,71.2746,6.02071,-197.561,0.164404
2768,2768,0A,0.738195,0.359457,0.543161,0.1756,71.294,5.17669,-196.938,71.294,5.17669,-196.938,0.163402
2776,2776,0A,0.738461,0.359435,0.543554,0.173294,71.2394,4.38839,-196.261,71.2394,4.38839,-196.261,0.151358
2784,2784,0A,0.738509,0.359348,0.544137,0.171431,71.2197,3.77436,-195.533,71.2197,3.77436,-195.533,0.150882
2792,2792,0A,0.738595,0.358917,0.544929,0.169435,71.191,3.09174,-194.857,71.191,3.09174,-194.857,0.143244
2800,2800,0A,0.738526,0.358975,0.545048,0.169229,71.2147,2.65201,-194.162,71.2147,2.65201,-194.162,0.15873
2808,2808,0A,0.738966,0.358473,0.54497,0.168626,71.2168,2.42181,-193.337,71.2168,2.42181,-193.337,0.170325
2816,2816,0A,0.739519,0.357364,0.545225,0.167726,71.18,2.45029,-192.332,71.18,2.45029,-192.332,0.166571
2832,2832,0A,0.740538,0.354689,0.546082,0.166115,71.1706,3.41197,-190.379,71.1706,3.41197,-190.379,0.153144
2840,2840,0A,0.741078,0.35397,0.5461,0.165177,71.1952,3.94055,-189.253,71.1952,3.94055,-189.253,0.138359
2848,2848,0A,0.741366,0.35331,0.546284,0.164689,71.1817,4.56397,-188.475,71.1817,4.56397,-188.475,0.147447
2856,2856,0A,0.741614,0.351912,0.546862,0.164647,71.1075,5.21609,-188.016,71.1075,5.21609,-188.016,0.155652
2864,2864,0A,0.741567,0.350765,0.54731,0.16581,71.1001,6.09648,-187.802,71.1001,6.09648,-187.802,0.135741
2872,2872,0A,0.741804,0.349754,0.547289,0.166955,71.1056,6.9548,-187.985,71.1056,6.9548,-187.985,0.130527
2880,2880,0A,0.74223,0.349356,0.546504,0.168461,71.1365,7.88774,-188.166,71.1365,7.88774,-188.166,0.133552
2888,2888,0A,0.742628,0.349116,0.545721,0.169734,71.1026,8.75868,-188.587,71.1026,8.75868,-188.587,0.130065
2896,2896,0A,0.742977,0.348917,0.545154,0.170437,71.1308,9.62626,-189.091,71.1308,9.62626,-189.091,0.137441
2904,2904,0A,0.74319,0.34934,0.544493,0.170759,71.1219,10.4656,-189.658,71.1219,10.4656,-189.658,0.112038
2912,2912,0A,0.742881,0.349532,0.544309,0.172291,71.1442,11.4321,-190.382,71.1442,11.4321,-190.382,0.116788
2920,2920,0A,0.742132,0.350246,0.544168,0.174495,71.1703,12.563,-191.11,71.1703,12.563,-191.11,0.12685
2928,2928,0A,0.741982,0.349518,0.544743,0.174801,71.1284,13.2618,-191.912,71.1284,13.2618,-191.912,0.1196
2936,2936,0A,0.741625,0.349343,0.544985,0.175907,71.1416,14.0813,-192.786,71.1416,14.0813,-192.786,0.117911
2944,2944,0A,0.741351,0.349304,0.545194,0.176491,71.1342,14.6965,-193.61,71.1342,14.6965,-193.61,0.122854
2952,2952,0A,0.74083,0.349784,0.545275,0.177475,71.1625,15.1824,-194.605,71.1625,15.1824,-194.605,0.130775
2960,2960,0A,0.739841,0.350436,0.54573,0.17891,71.247,15.685,-195.772,71.247,15.685,-195.772,0.115536
2968,2968,0A,0.73905,0.350291,0.546694,0.179518,71.1522,15.8755,-196.813,71.1522,15.8755,-196.813,0.11057
2976,2976,0A,0.738168,0.350722,0.547104,0.181052,71.1758,16.1596,-198.077,71.1758,16.1596,-198.077,0.12035
2984,2984,0A,0.737751,0.351579,0.546928,0.18162,71.2237,16.1177,-199.052,71.2237,16.1177,-199.052,0.129507
2992,2992,0A,0.737332,0.352309,0.546643,0.182761,71.2349,16.1434,-199.907,71.2349,16.1434,-199.907,0.131777
3000,3000,0A,0.737171,0.352554,0.546346,0.183822,71.2362,16.1541,-200.605,71.2362,16.1541,-200.605,0.116924
3008,3008,0A,0.736931,0.352606,0.54621,0.185083,71.226,16.047,-201.294,71.226,16.047,-201.294,0.123262
3016,3016,0A,0.736524,0.353668,0.546001,0.185296,71.2949,15.6515,-201.709,71.2949,15.6515,-201.709,0.111827
3024,3024,0A,0.736181,0.354099,0.546234,0.185148,71.2656,14.9848,-202.215,71.2656,14.9848,-202.215,0.116283
3032,3032,0A,0.735663,0.354707,0.546065,0.186534,71.2526,14.5024,-202.663,71.2526,14.5024,-202.663,0.142206
3040,3040,0A,0.735405,0.354416,0.54657,0.186631,71.2207,13.8609,-202.923,71.2207,13.8609,-202.923,0.14073
3048,3048,0A,0.735301,0.354622,0.546791,0.185999,71.3208,13.2117,-202.932,71.3208,13.2117,-202.932,0.133822
3056,3056,0A,0.734993,0.355519,0.54683,0.185388,71.3004,12.3684,-202.76,71.3004,12.3684,-202.76,0.121519
3064,3064,0A,0.734747,0.356793,0.546434,0.185082,71.3435,11.6666,-202.533,71.3435,11.6666,-202.533,0.135941
3072,3072,0A,0.734779,0.357137,0.546498,0.184099,71.2794,10.7575,-202.365,71.2794,10.7575,-202.365,0.146516
3080,3080,0A,0.735183,0.357323,0.546067,0.183404,71.3141,9.82404,-202,71.3141,9.82404,-202,0.15368
3088,3088,0A,0.735445,0.358171,0.545406,0.182666,71.2852,8.72801,-201.691,71.2852,8.72801,-201.691,0.124354
3096,3096,0A,0.734979,0.359843,0.544794,0.183082,71.3136,7.7725,-201.667,71.3136,7.7725,-201.667,0.150017
3104,3104,0A,0.734513,0.361358,0.544299,0.183436,71.3346,6.7226,-201.699,71.3346,6.7226,-201.699,0.151351
3112,3112,0A,0.735028,0.360963,0.544255,0.18228,71.372,5.50432,-201.38,71.372,5.50432,-201.38,0.15045
3120,3120,0A,0.73503,0.361326,0.544131,0.181923,71.3369,4.68649,-200.957,71.3369,4.68649,-200.957,0.14357
3128,3128,0A,0.734656,0.362069,0.544069,0.182141,71.349,3.8846,-200.416,71.349,3.8846,-200.416,0.152616
3136,3136,0A,0.734588,0.3622,0.544521,0.180802,71.3002,2.84814,-199.843,71.3002,2.84814,-199.843,0.162381
3144,3144,0A,0.735212,0.361696,0.544783,0.178469,71.2576,1.76222,-199.137,71.2576,1.76222,-199.137,0.153061
3152,3152,0A,0.735213,0.362548,0.544106,0.178801,71.2682,0.967848,-198.566,71.2682,0.967848,-198.566,0.157996
3160,3160,0A,0.734678,0.363844,0.543488,0.18024,71.3394,0.377085,-198.136,71.3394,0.377085,-198.136,0.162091
3168,3168,0A,0.734607,0.363853,0.543627,0.180092,71.3054,-0.436413,-197.743,71.3054,-0.436413,-197.743,0.161481
3176,3176,0A,0.734662,0.364376,0.543069,0.180494,71.3774,-1.16335,-197.505,71.3774,-1.16335,-197.505,0.170232
3184,3184,0A,0.734961,0.364571,0.542928,0.179305,71.3314,-2.21137,-197.309,71.3314,-2.21137,-197.309,0.169171
3192,3192,0A,0.735092,0.364343,0.543531,0.177392,71.3059,-3.2018,-197.061,71.3059,-3.2018,-197.061,0.173687
3200,3200,0A,0.734969,0.364761,0.543663,0.176637,71.3079,-4.00813,-196.975,71.3079,-4.00813,-196.975,0.161893
3208,3208,0A,0.734602,0.365218,0.543683,0.177156,71.2423,-4.77166,-197.013,71.2423,-4.77166,-197.013,0.158804
3216,3216,0A,0.7347,0.36545,0.543455,0.176971,71.2315,-5.60102,-196.788,71.2315,-5.60102,-196.788,0.171263
3224,3224,0A,0.734266,0.366373,0.543227,0.177565,71.2555,-6.1838,-196.846,71.2555,-6.1838,-196.846,0.171479
3232,3232,0A,0.734135,0.366877,0.543085,0.177501,71.3019,-6.80527,-196.796,71.3019,-6.80527,-196.796,0.174741
3240,3240,0A,0.733851,0.367966,0.542499,0.178213,71.3031,-7.17774,-196.933,71.3031,-7.17774,-196.933,0.170388
3248,3248,0A,0.733741,0.368483,0.54207,0.178898,71.3088,-7.53135,-197.348,71.3088,-7.53135,-197.348,0.186795
3256,3256,0A,0.733078,0.369572,0.54206,0.179398,71.3524,-7.78451,-197.675,71.3524,-7.78451,-197.675,0.188537
3264,3264,0A,0.732367,0.371611,0.540766,0.181976,71.5454,-6.43612,-198.054,71.5454,-6.43612,-198.054,0.249254
3272,3272,0A,0.732435,0.372027,0.540706,0.181031,71.3587,-8.16191,-198.595,71.3587,-8.16191,-198.595,0.17753
3280,3280,0A,0.732754,0.372411,0.539963,0.181168,71.3551,-8.30029,-199.058,71.3551,-8.30029,-199.058,0.179427
3288,3288,0A,0.731903,0.373747,0.539994,0.181763,71.376,-8.25214,-199.713,71.376,-8.25214,-199.713,0.168164
3296,3296,0A,0.73132,0.374295,0.540324,0.182004,71.4307,-8.20349,-200.285,71.4307,-8.20349,-200.285,0.171256
3304,3304,0A,0.730844,0.375357,0.539776,0.183345,71.3336,-8.08077,-200.9,71.3336,-8.08077,-200.9,0.168249
3312,3312,0A,0.730626,0.376507,0.538816,0.184678,71.3044,-7.89434,-201.531,71.3044,-7.89434,-201.531,0.163175
3320,3320,0A,0.730225,0.377104,0.538678,0.185446,71.3907,-7.77885,-202.147,71.3907,-7.77885,-202.147,0.168252
3328,3328,0A,0.729265,0.377336,0.539638,0.185961,71.4531,-7.46603,-202.767,71.4531,-7.46603,-202.767,0.180514
3336,3336,0A,0.72845,0.377773,0.540213,0.186598,71.4683,-7.10425,-203.353,71.4683,-7.10425,-203.353,0.163763
3344,3344,0A,0.728354,0.377972,0.540058,0.187013,71.4684,-6.99808,-203.948,71.4684,-6.99808,-203.948,0.177431
3352,3352,0A,0.727699,0.379714,0.539395,0.187951,71.4211,-6.91539,-204.957,71.4211,-6.91539,-204.957,0.1794
3360,3360,0A,0.727099,0.380239,0.539936,0.187655,71.4572,-7.12705,-205.771,71.4572,-7.12705,-205.771,0.189583
3368,3368,0A,0.725618,0.381006,0.541012,0.18873,71.4345,-7.18387,-206.973,71.4345,-7.18387,-206.973,0.16833
3376,3376,0A,0.724466,0.382011,0.541133,0.190768,71.4416,-7.23422,-208.203,71.4416,-7.23422,-208.203,0.177979
3384,3384,0A,0.724286,0.383109,0.54018,0.191947,71.4778,-7.53889,-209.05,71.4778,-7.53889,-209.05,0.181824
3392,3392,0A,0.723996,0.384005,0.539815,0.192274,71.4611,-7.93657,-209.836,71.4611,-7.93657,-209.836,0.167017
3400,3400,0A,0.723527,0.38415,0.540351,0.192247,71.4737,-8.44274,-210.608,71.4737,-8.44274,-210.608,0.170659
3408,3408,0A,0.722354,0.385289,0.540466,0.194046,71.5115,-8.48047,-211.379,71.5115,-8.48047,-211.379,0.156936
3416,3416,0A,0.722148,0.38526,0.541167,0.192911,71.5359,-9.20951,-211.594,71.5359,-9.20951,-211.594,0.167051
3424,3424,0A,0.721468,0.38667,0.541581,0.19147,71.516,-9.88922,-211.819,71.516,-9.88922,-211.819,0.167719
3432,3432,0A,0.720988,0.388186,0.541429,0.190637,71.5147,-10.5528,-212.041,71.5147,-10.5528,-212.041,0.169411
3440,3440,0A,0.720188,0.389711,0.541133,0.19139,71.4944,-10.9108,-212.264,71.4944,-10.9108,-212.264,0.158221
3448,3448,0A,0.720202,0.389802,0.541417,0.190348,71.5611,-11.631,-212.325,71.5611,-11.631,-212.325,0.175466
3456,3456,0A,0.720018,0.390457,0.541838,0.188491,71.5768,-12.432,-212.373,71.5768,-12.432,-212.373,0.188963
3464,3464,0A,0.719609,0.391834,0.541827,0.187223,71.548,-13.1863,-212.685,71.548,-13.1863,-212.685,0.164907
3472,3472,0A,0.71991,0.392496,0.541519,0.185564,71.6041,-13.8695,-212.634,71.6041,-13.8695,-212.634,0.173056
3480,3480,0A,0.720268,0.392562,0.5418,0.183198,71.596,-14.656,-212.571,71.596,-14.656,-212.571,0.183808
3488,3488,0A,0.719981,0.392701,0.542699,0.181359,71.5787,-15.1925,-212.366,71.5787,-15.1925,-212.366,0.182378
3496,3496,0A,0.719716,0.39277,0.543483,0.179908,71.5853,-15.6668,-211.954,71.5853,-15.6668,-211.954,0.181747
3504,3504,0A,0.719707,0.392759,0.543934,0.1786,71.6183,-16.0883,-211.457,71.6183,-16.0883,-211.457,0.191333
3512,3512,0A,0.719593,0.393083,0.544304,0.177213,71.6144,-16.5583,-210.894,71.6144,-16.5583,-210.894,0.176998
3520,3520,0A,0.719406,0.392935,0.545271,0.175316,71.5825,-16.8649,-210.318,71.5825,-16.8649,-210.318,0.183419
3528,3528,0A,0.71938,0.392862,0.545605,0.174551,71.5893,-17.0083,-209.613,71.5893,-17.0083,-209.613,0.199208
3536,3536,0A,0.720019,0.391712,0.546058,0.173077,71.5291,-17.0959,-208.448,71.5291,-17.0959,-208.448,0.18722
3544,3544,0A,0.720123,0.391896,0.546002,0.172403,71.5166,-17.0473,-207.572,71.5166,-17.0473,-207.572,0.198458
3552,3552,0A,0.720661,0.391526,0.546637,0.168949,71.4149,-17.3533,-206.313,71.4149,-17.3533,-206.313,0.155662
3560,3560,0A,0.720873,0.392051,0.546416,0.167536,71.5442,-17.2843,-205.706,71.5442,-17.2843,-205.706,0.165517
3568,3568,0A,0.720952,0.392038,0.546475,0.167032,71.579,-16.9789,-204.956,71.579,-16.9789,-204.956,0.169598
3576,3576,0A,0.721283,0.39039,0.547209,0.167059,71.4728,-16.5832,-204.36,71.4728,-16.5832,-204.36,0.177139
3584,3584,0A,0.721766,0.388164,0.547861,0.168019,71.4305,-16.0261,-203.499,71.4305,-16.0261,-203.499,0.177086
3592,3592,0A,0.722195,0.386683,0.548238,0.168364,71.3951,-15.3748,-202.673,71.3951,-15.3748,-202.673,0.178512
3600,3600,0A,0.722695,0.386163,0.548163,0.167654,71.3986,-14.8435,-201.714,71.3986,-14.8435,-201.714,0.189344
3608,3608,0A,0.722759,0.386306,0.547859,0.168039,71.3661,-14.0341,-201.056,71.3661,-14.0341,-201.056,0.165171
3616,3616,0A,0.723193,0.38503,0.548223,0.167917,71.3438,-13.3246,-200.364,71.3438,-13.3246,-200.364,0.16784
3624,3624,0A,0.723464,0.383689,0.548841,0.167799,71.3966,-12.5463,-199.909,71.3966,-12.5463,-199.909,0.167288
3632,3632,0A,0.723556,0.383264,0.548906,0.168161,71.4118,-11.7378,-199.563,71.4118,-11.7378,-199.563,0.173144
3640,3640,0A,0.723624,0.38368,0.548413,0.168524,71.2873,-10.9714,-199.415,71.2873,-10.9714,-199.415,0.164412
3648,3648,0A,0.724183,0.383066,0.547893,0.169213,71.309,-10.414,-199.202,71.309,-10.414,-199.202,0.183093
3656,3656,0A,0.724764,0.381757,0.547754,0.170131,71.2943,-9.73647,-198.874,71.2943,-9.73647,-198.874,0.174843
3664,3664,0A,0.724788,0.380467,0.548244,0.171338,71.179,-8.78432,-198.738,71.179,-8.78432,-198.738,0.139578
3672,3672,0A,0.724884,0.37984,0.54811,0.172744,71.2391,-7.76499,-198.588,71.2391,-7.76499,-198.588,0.145909
3680,3680,0A,0.724995,0.379436,0.548153,0.173032,71.2668,-6.98481,-198.509,71.2668,-6.98481,-198.509,0.175227
3688,3688,0A,0.724664,0.380495,0.547564,0.173952,71.35,-5.94988,-198.564,71.35,-5.94988,-198.564,0.181136
3696,3696,0A,0.724683,0.380447,0.547367,0.174596,71.388,-5.192,-198.678,71.388,-5.192,-198.678,0.195688
3704,3704,0A,0.724786,0.37989,0.547536,0.174851,71.3802,-4.48967,-198.777,71.3802,-4.48967,-198.777,0.174627
3712,3712,0A,0.724778,0.378844,0.547994,0.175718,71.3361,-3.75389,-198.893,71.3361,-3.75389,-198.893,0.173416
3720,3720,0A,0.724951,0.377849,0.548021,0.177055,71.2947,-3.015,-199.031,71.2947,-3.015,-199.031,0.175721
3728,3728,0A,0.724612,0.377242,0.54835,0.178712,71.2225,-2.01498,-199.254,71.2225,-2.01498,-199.254,0.152061
3736,3736,0A,0.724709,0.376555,0.548541,0.179179,71.2575,-1.09745,-199.291,71.2575,-1.09745,-199.291,0.153377
3744,3744,0A,0.724907,0.376015,0.548442,0.179816,71.2258,-0.215573,-199.546,71.2258,-0.215573,-199.546,0.151429
3752,3752,0A,0.725252,0.375933,0.547689,0.180889,71.2663,0.746807,-199.67,71.2663,0.746807,-199.67,0.1591
3760,3760,0A,0.725321,0.376302,0.546691,0.182853,71.3301,1.89326,-199.839,71.3301,1.89326,-199.839,0.154707
3768,3768,0A,0.724874,0.376371,0.54662,0.184688,71.339,3.1991,-200.29,71.339,3.1991,-200.29,0.16212
3776,3776,0A,0.724795,0.375785,0.547166,0.184574,71.2855,4.09285,-200.594,71.2855,4.09285,-200.594,0.161852
3784,3784,0A,0.724382,0.376539,0.546704,0.186021,71.3253,5.20975,-201.194,71.3253,5.20975,-201.194,0.145498
3792,3792,0A,0.724287,0.376843,0.54617,0.18734,71.3326,6.12568,-201.871,71.3326,6.12568,-201.871,0.145777
3800,3800,0A,0.723892,0.376892,0.546222,0.188611,71.3261,6.89384,-202.809,71.3261,6.89384,-202.809,0.141596
3808,3808,0A,0.723143,0.377329,0.546263,0.190483,71.3939,7.74019,-203.777,71.3939,7.74019,-203.777,0.149674
3816,3816,0A,0.722981,0.377291,0.546353,0.190916,71.3611,8.17631,-204.62,71.3611,8.17631,-204.62,0.128398
3824,3824,0A,0.722441,0.378254,0.545733,0.192818,71.3808,8.95327,-205.718,71.3808,8.95327,-205.718,0.140075
3832,3832,0A,0.721954,0.378582,0.545842,0.193692,71.3198,9.39851,-206.788,71.3198,9.39851,-206.788,0.142249
3840,3840,0A,0.721583,0.378716,0.546054,0.194209,71.3161,9.64229,-207.774,71.3161,9.64229,-207.774,0.146628
3848,3848,0A,0.72139,0.379152,0.545723,0.195004,71.3474,9.84584,-208.649,71.3474,9.84584,-208.649,0.1524
3856,3856,0A,0.720534,0.38064,0.545267,0.19654,71.3958,10.1067,-209.643,71.3958,10.1067,-209.643,0.141863
3864,3864,0A,0.719055,0.381297,0.546266,0.197907,71.4098,10.2636,-210.556,71.4098,10.2636,-210.556,0.132125
3872,3872,0A,0.718567,0.380121,0.548078,0.196928,71.4237,9.99908,-211.379,71.4237,9.99908,-211.379,0.136057
3880,3880,0A,0.717932,0.380578,0.548091,0.198317,71.4354,9.89404,-212.265,71.4354,9.89404,-212.265,0.139984
3888,3888,0A,0.717233,0.382348,0.54736,0.199456,71.4585,9.5416,-213.149,71.4585,9.5416,-213.149,0.140061
3896,3896,0A,0.716351,0.3835,0.547721,0.199425,71.4588,8.99723,-213.944,71.4588,8.99723,-213.944,0.137274
3904,3904,0A,0.715659,0.384261,0.548053,0.199534,71.4237,8.40199,-214.762,71.4237,8.40199,-214.762,0.1401
3920,3920,0A,0.715356,0.386707,0.547548,0.197271,71.4779,6.67222,-215.766,71.4779,6.67222,-215.766,0.14686
3928,3928,0A,0.714696,0.388358,0.547917,0.195385,71.492,5.61492,-216.3,71.492,5.61492,-216.3,0.165551
3936,3936,0A,0.714195,0.389399,0.548322,0.194003,71.5684,4.43993,-216.812,71.5684,4.43993,-216.812,0.150901
3944,3944,0A,0.713669,0.389335,0.548847,0.19458,71.5035,3.48284,-217.351,71.5035,3.48284,-217.351,0.157191
3952,3952,0A,0.713515,0.389305,0.548711,0.195589,71.4787,2.58289,-217.608,71.4787,2.58289,-217.608,0.168192
3960,3960,0A,0.713373,0.38964,0.54893,0.194822,71.4959,1.4193,-217.611,71.4959,1.4193,-217.611,0.156691
3968,3968,0A,0.712964,0.38983,0.54984,0.193366,71.5122,0.313357,-217.658,71.5122,0.313357,-217.658,0.162916
3976,3976,0A,0.713079,0.389717,0.550156,0.192268,71.4542,-0.783661,-217.503,71.4542,-0.783661,-217.503,0.165069
3984,3984,0A,0.713396,0.390372,0.549425,0.191856,71.4246,-1.64235,-217.205,71.4246,-1.64235,-217.205,0.172701
3992,3992,0A,0.713808,0.390606,0.549174,0.190558,71.4775,-2.71621,-216.661,71.4775,-2.71621,-216.661,0.170418
4000,4000,0A,0.713671,0.391599,0.548893,0.189841,71.5412,-3.76897,-216.319,71.5412,-3.76897,-216.319,0.164387
4008,4008,0A,0.713949,0.392375,0.54828,0.188965,71.5595,-4.90335,-216.108,71.5595,-4.90335,-216.108,0.171459
4016,4016,0A,0.714443,0.393143,0.54738,0.188111,71.5198,-5.97729,-215.955,71.5198,-5.97729,-215.955,0.172739
4024,4024,0A,0.714945,0.393472,0.547146,0.186185,71.5019,-7.25798,-215.63,71.5019,-7.25798,-215.63,0.16748
4032,4032,0A,0.714776,0.393995,0.547606,0.184365,71.5286,-8.50343,-215.517,71.5286,-8.50343,-215.517,0.174433
4040,4040,0A,0.715059,0.394583,0.547432,0.182518,71.5449,-9.78786,-215.347,71.5449,-9.78786,-215.347,0.170912
4048,4048,0A,0.715675,0.39427,0.547625,0.180185,71.5225,-11.0663,-215.036,71.5225,-11.0663,-215.036,0.169826
4056,4056,0A,0.716016,0.394339,0.547706,0.178428,71.5072,-12.1579,-214.798,71.5072,-12.1579,-214.798,0.162922
4064,4064,0A,0.716031,0.394442,0.548107,0.176902,71.456,-13.2503,-214.55,71.456,-13.2503,-214.55,0.170086
4072,4072,0A,0.715791,0.394817,0.548378,0.176192,71.5172,-14.149,-214.538,71.5172,-14.149,-214.538,0.164294
4080,4080,0A,0.715292,0.395481,0.548565,0.17615,71.5032,-14.9235,-214.835,71.5032,-14.9235,-214.835,0.158322
4088,4088,0A,0.714956,0.396608,0.548406,0.175475,71.4927,-15.8718,-215.396,71.4927,-15.8718,-215.396,0.160839
4096,4096,0A,0.714242,0.3989,0.54742,0.176263,71.5916,-16.5004,-216.443,71.5916,-16.5004,-216.443,0.174215
4104,4104,0A,0.713951,0.400764,0.546342,0.176558,71.7063,-17.3195,-217.535,71.7063,-17.3195,-217.535,0.175034
4112,4112,0A,0.71311,0.402028,0.546289,0.177246,71.6546,-17.8385,-218.82,71.6546,-17.8385,-218.82,0.173324
4120,4120,0A,0.712475,0.403035,0.546083,0.178144,71.6586,-18.1367,-220.08,71.6586,-18.1367,-220.08,0.1711
4128,4128,0A,0.711304,0.404153,0.546333,0.179518,71.642,-18.1092,-221.29,71.642,-18.1092,-221.29,0.187001
4136,4136,0A,0.710534,0.404735,0.546986,0.179268,71.6901,-17.9514,-222.28,71.6901,-17.9514,-222.28,0.186894
4144,4144,0A,0.709707,0.405361,0.547758,0.178775,71.634,-17.6016,-223.24,71.634,-17.6016,-223.24,0.17637
4152,4152,0A,0.709376,0.406327,0.547538,0.178566,71.7056,-17.3257,-224.035,71.7056,-17.3257,-224.035,0.152866
4160,4160,0A,0.708604,0.407502,0.547376,0.179451,71.7397,-16.8047,-225.174,71.7397,-16.8047,-225.174,0.166593
4176,4176,0A,0.706902,0.408415,0.548491,0.180679,71.9619,-15.4855,-227.533,71.9619,-15.4855,-227.533,0.169903
4184,4184,0A,0.706489,0.408473,0.5487,0.181523,72.0361,-14.8443,-228.437,72.0361,-14.8443,-228.437,0.162589
4192,4192,0A,0.70671,0.408583,0.548216,0.181882,72.0221,-14.2244,-229.194,72.0221,-14.2244,-229.194,0.165639
4200,4200,0A,0.706777,0.408966,0.547718,0.182257,72.0697,-13.5624,-229.682,72.0697,-13.5624,-229.682,0.1655
4208,4208,0A,0.706675,0.409459,0.547368,0.182599,71.9865,-12.8143,-230.14,71.9865,-12.8143,-230.14,0.166393
4216,4216,0A,0.707104,0.410338,0.546278,0.182228,72.0161,-12.1063,-230.381,72.0161,-12.1063,-230.381,0.160139
4224,4224,0A,0.707233,0.411072,0.545828,0.181418,72.0292,-11.4171,-230.421,72.0292,-11.4171,-230.421,0.156912
4232,4232,0A,0.707478,0.410361,0.546053,0.181397,72.1374,-10.6329,-230.137,72.1374,-10.6329,-230.137,0.166154
4240,4240,0A,0.70783,0.40786,0.547069,0.182599,71.9282,-9.60983,-229.785,71.9282,-9.60983,-229.785,0.162572
4248,4248,0A,0.708547,0.405807,0.547309,0.18367,71.9711,-8.5847,-228.739,71.9711,-8.5847,-228.739,0.162721
4256,4256,0A,0.708311,0.404338,0.548579,0.18403,71.9449,-7.49365,-227.905,71.9449,-7.49365,-227.905,0.157924
4264,4264,0A,0.708245,0.40339,0.549604,0.183304,71.9081,-6.61639,-226.907,71.9081,-6.61639,-226.907,0.158503
4272,4272,0A,0.708383,0.402825,0.549939,0.18301,71.8517,-5.70486,-226.012,71.8517,-5.70486,-226.012,0.161088
4280,4280,0A,0.709033,0.402193,0.549527,0.183119,71.9247,-4.75382,-224.916,71.9247,-4.75382,-224.916,0.155321
4288,4288,0A,0.709417,0.401733,0.549283,0.183376,71.8224,-3.80075,-224.136,71.8224,-3.80075,-224.136,0.154618
4296,4296,0A,0.710028,0.401064,0.54936,0.182241,71.8033,-2.99369,-223.144,71.8033,-2.99369,-223.144,0.149045
4304,4304,0A,0.710358,0.400445,0.549403,0.182183,71.8791,-1.90036,-222.349,71.8791,-1.90036,-222.349,0.156082
4312,4312,0A,0.711087,0.398803,0.549646,0.182213,71.7523,-0.885658,-221.528,71.7523,-0.885658,-221.528,0.143405
4320,4320,0A,0.711762,0.397674,0.549632,0.182086,71.7593,0.118128,-220.798,71.7593,0.118128,-220.798,0.152221
4328,4328,0A,0.712154,0.397157,0.549788,0.181207,71.8016,1.03263,-220.201,71.8016,1.03263,-220.201,0.149623
4336,4336,0A,0.71238,0.396515,0.549977,0.181148,71.8281,2.05664,-219.819,71.8281,2.05664,-219.819,0.145818
4344,4344,0A,0.712603,0.395684,0.549756,0.182755,71.7912,3.20952,-219.607,71.7912,3.20952,-219.607,0.135503
4352,4352,0A,0.712921,0.39498,0.549141,0.184877,71.7793,4.41217,-219.686,71.7793,4.41217,-219.686,0.145786
4360,4360,0A,0.713474,0.394798,0.54827,0.185715,71.8156,5.42,-219.728,71.8156,5.42,-219.728,0.145908
4368,4368,0A,0.71374,0.395439,0.547127,0.186698,71.8646,6.63194,-220.01,71.8646,6.63194,-220.01,0.144243
4376,4376,0A,0.714141,0.395878,0.546237,0.186837,71.8262,7.66081,-220.392,71.8262,7.66081,-220.392,0.148958
4384,4384,0A,0.714263,0.397126,0.545012,0.187303,71.8791,8.74157,-220.953,71.8791,8.74157,-220.953,0.138685
4392,4392,0A,0.71477,0.397648,0.543782,0.187833,71.9011,9.64384,-221.534,71.9011,9.64384,-221.534,0.137104
4400,4400,0A,0.714663,0.398446,0.542653,0.189804,71.9345,10.869,-222.439,71.9345,10.869,-222.439,0.133807
4408,4408,0A,0.714765,0.397976,0.542732,0.190181,71.9561,11.7803,-223.306,71.9561,11.7803,-223.306,0.133795
4416,4416,0A,0.714618,0.398307,0.542645,0.190288,72.0327,12.5188,-224.231,72.0327,12.5188,-224.231,0.130392
4424,4424,0A,0.714442,0.398705,0.542562,0.190352,72.0063,12.9925,-225.226,72.0063,12.9925,-225.226,0.117919
4432,4432,0A,0.714229,0.399692,0.54167,0.191614,72.0567,13.4677,-226.381,72.0567,13.4677,-226.381,0.138702
4440,4440,0A,0.713937,0.400025,0.54173,0.191842,71.999,13.5605,-227.433,71.999,13.5605,-227.433,0.131548
4448,4448,0A,0.713239,0.400383,0.542383,0.191843,72.1289,13.4431,-228.466,72.1289,13.4431,-228.466,0.126467
4456,4456,0A,0.712216,0.400802,0.543214,0.192417,72.1512,13.1807,-229.625,72.1512,13.1807,-229.625,0.126489
4464,4464,0A,0.71112,0.401142,0.543968,0.19363,72.096,12.8725,-230.803,72.096,12.8725,-230.803,0.138639
4472,4472,0A,0.71009,0.401058,0.545078,0.19446,72.0624,12.4158,-231.734,72.0624,12.4158,-231.734,0.130564
4480,4480,0A,0.708967,0.401812,0.545685,0.195295,72.1171,11.9451,-232.724,72.1171,11.9451,-232.724,0.131762
4488,4488,0A,0.708146,0.402356,0.546393,0.195174,72.1178,11.1677,-233.627,72.1178,11.1677,-233.627,0.130058
4496,4496,0A,0.707579,0.403369,0.546008,0.196215,72.1825,10.6094,-234.464,72.1825,10.6094,-234.464,0.124411
4504,4504,0A,0.707359,0.403849,0.545652,0.197011,72.0926,9.87566,-235.185,72.0926,9.87566,-235.185,0.127663
4512,4512,0A,0.706949,0.404385,0.545621,0.19747,72.1914,9.0709,-235.677,72.1914,9.0709,-235.677,0.144962
4520,4520,0A,0.706236,0.405186,0.546083,0.197099,72.1823,8.14482,-236.142,72.1823,8.14482,-236.142,0.140448
4528,4528,0A,0.705813,0.405838,0.546274,0.196744,72.2082,7.2357,-236.483,72.2082,7.2357,-236.483,0.136554
4536,4536,0A,0.705293,0.406136,0.546519,0.197316,72.1375,6.38366,-236.82,72.1375,6.38366,-236.82,0.137558
4544,4544,0A,0.705035,0.406212,0.546695,0.197591,72.1473,5.6274,-236.87,72.1473,5.6274,-236.87,0.141266
4552,4552,0A,0.704653,0.406466,0.547106,0.197295,72.1171,4.86618,-236.983,72.1171,4.86618,-236.983,0.15035
4560,4560,0A,0.703955,0.40748,0.54732,0.197102,72.1592,4.03131,-237.009,72.1592,4.03131,-237.009,0.148756
4568,4568,0A,0.703187,0.408459,0.547375,0.197663,72.1341,3.27776,-237.448,72.1341,3.27776,-237.448,0.141456
4576,4576,0A,0.703533,0.408886,0.546743,0.197295,72.1409,2.35614,-237.745,72.1409,2.35614,-237.745,0.14005
4584,4584,0A,0.703532,0.410376,0.545567,0.19746,72.2386,1.4398,-238.22,72.2386,1.4398,-238.22,0.155804
4592,4592,0A,0.703414,0.411383,0.545591,0.195711,72.3055,0.21463,-238.755,72.3055,0.21463,-238.755,0.152975
4600,4600,0A,0.702919,0.411867,0.546134,0.194958,72.2532,-0.802496,-239.558,72.2532,-0.802496,-239.558,0.148961
4608,4608,0A,0.702509,0.412711,0.545739,0.195757,72.2358,-1.58967,-240.273,72.2358,-1.58967,-240.273,0.144568
4616,4616,0A,0.702184,0.413682,0.545265,0.196194,72.319,-2.34389,-240.875,72.319,-2.34389,-240.875,0.156584
4624,4624,0A,0.701812,0.414564,0.54523,0.195758,72.307,-3.09522,-241.438,72.307,-3.09522,-241.438,0.146376
4632,4632,0A,0.701312,0.415811,0.544692,0.196402,72.3764,-3.55985,-242.163,72.3764,-3.55985,-242.163,0.152613
4640,4640,0A,0.701342,0.416477,0.543938,0.19697,72.3888,-3.96074,-242.709,72.3888,-3.96074,-242.709,0.145108
4648,4648,0A,0.701272,0.417259,0.543102,0.19787,72.2937,-4.03635,-243.618,72.2937,-4.03635,-243.618,0.15019
4656,4656,0A,0.700695,0.418426,0.543263,0.197008,72.3334,-4.224,-244.226,72.3334,-4.224,-244.226,0.149448
4664,4664,0A,0.699131,0.4193,0.544872,0.196263,72.4595,-4.2896,-244.982,72.4595,-4.2896,-244.982,0.143285
4672,4672,0A,0.698712,0.419604,0.545216,0.196145,72.4743,-4.26882,-245.921,72.4743,-4.26882,-245.921,0.146328
4680,4680,0A,0.699053,0.420719,0.543634,0.196936,72.4529,-3.82134,-246.865,72.4529,-3.82134,-246.865,0.150111
4688,4688,0A,0.699373,0.421411,0.542972,0.196143,72.4663,-3.53697,-247.171,72.4663,-3.53697,-247.171,0.143069
4696,4696,0A,0.698332,0.422103,0.543849,0.195933,72.5923,-3.06875,-247.785,72.5923,-3.06875,-247.785,0.151535
4704,4704,0A,0.697376,0.422634,0.544867,0.195368,72.5646,-2.46259,-248.411,72.5646,-2.46259,-248.411,0.135676
4712,4712,0A,0.697205,0.4234,0.544668,0.19487,72.5252,-1.70715,-248.894,72.5252,-1.70715,-248.894,0.135228
4720,4720,0A,0.697161,0.424208,0.544494,0.193753,72.5382,-0.94716,-248.835,72.5382,-0.94716,-248.835,0.132516
4728,4728,0A,0.695886,0.425051,0.545817,0.192766,72.4674,0.0881002,-249.179,72.4674,0.0881002,-249.179,0.138532
4736,4736,0A,0.695236,0.42418,0.547413,0.192505,72.6599,1.11545,-248.86,72.6599,1.11545,-248.86,0.124467
4744,4744,0A,0.695314,0.423972,0.547162,0.193391,72.7416,2.2624,-248.96,72.7416,2.2624,-248.96,0.142235
4752,4752,0A,0.695685,0.423558,0.547516,0.191959,72.5145,3.0257,-249.073,72.5145,3.0257,-249.073,0.131955
4760,4760,0A,0.695986,0.426179,0.546211,0.188754,72.8562,3.68889,-248.784,72.8562,3.68889,-248.784,0.139528
4768,4768,0A,0.695897,0.428791,0.546309,0.182791,72.8292,3.88628,-248.673,72.8292,3.88628,-248.673,0.133205
4776,4776,0A,0.695648,0.430796,0.546728,0.177703,72.8114,4.09701,-248.656,72.8114,4.09701,-248.656,0.131139
4784,4784,0A,0.694653,0.432089,0.546703,0.178528,72.9116,4.99229,-248.201,72.9116,4.99229,-248.201,0.135972
4792,4792,0A,0.692663,0.427934,0.551241,0.182275,72.6778,6.21251,-248.748,72.6778,6.21251,-248.748,0.127012
4800,4800,0A,0.691947,0.424408,0.553987,0.184892,72.4528,7.14446,-249.039,72.4528,7.14446,-249.039,0.12238
4808,4808,0A,0.692286,0.423652,0.55367,0.186305,72.6542,7.70544,-249.246,72.6542,7.70544,-249.246,0.123882
4816,4816,0A,0.693619,0.423976,0.55159,0.186776,72.7448,7.86155,-249.791,72.7448,7.86155,-249.791,0.112091
4824,4824,0A,0.694478,0.425578,0.548848,0.188015,72.7486,8.2009,-250.494,72.7486,8.2009,-250.494,0.131745
4832,4832,0A,0.694247,0.425158,0.549244,0.18866,72.7987,8.5498,-250.864,72.7987,8.5498,-250.864,0.121813
4840,4840,0A,0.693501,0.423309,0.5512,0.189852,72.7693,9.30857,-251.316,72.7693,9.30857,-251.316,0.123993
4848,4848,0A,0.693486,0.423186,0.551288,0.189928,72.6402,10.0872,-251.561,72.6402,10.0872,-251.561,0.111304
4856,4856,0A,0.694065,0.424259,0.550122,0.188793,72.7086,10.7058,-251.495,72.7086,10.7058,-251.495,0.116995
4864,4864,0A,0.694137,0.42417,0.55031,0.188181,72.7104,11.3139,-251.53,72.7104,11.3139,-251.53,0.114947
4872,4872,0A,0.694028,0.42317,0.550994,0.188836,72.7767,12.1232,-251.531,72.7767,12.1232,-251.531,0.116163
4880,4880,0A,0.694414,0.421802,0.551356,0.189416,72.72,12.7117,-251.604,72.72,12.7117,-251.604,0.118811
4888,4888,0A,0.694756,0.42171,0.550894,0.189714,72.7792,13.3269,-251.596,72.7792,13.3269,-251.596,0.119409
4896,4896,0A,0.694605,0.422068,0.550791,0.189769,72.8134,13.9346,-251.714,72.8134,13.9346,-251.714,0.111118
4904,4904,0A,0.694562,0.422289,0.550619,0.189934,72.82,14.4763,-251.881,72.82,14.4763,-251.881,0.11
4912,4912,0A,0.69488,0.422805,0.549591,0.190598,72.8325,15.0976,-251.944,72.8325,15.0976,-251.944,0.112882
4920,4920,0A,0.695516,0.423218,0.548479,0.190564,72.7388,15.9202,-251.816,72.7388,15.9202,-251.816,0.110828
4928,4928,0A,0.695906,0.424026,0.547712,0.189547,72.8247,16.7861,-251.564,72.8247,16.7861,-251.564,0.12207
4936,4936,0A,0.695665,0.424843,0.547689,0.18867,72.9637,17.7166,-251.283,72.9637,17.7166,-251.283,0.105662
4944,4944,0A,0.696089,0.424346,0.547872,0.187689,73.0209,18.7071,-250.957,73.0209,18.7071,-250.957,0.106024
4952,4952,0A,0.69693,0.423944,0.547388,0.186887,72.8883,19.7433,-250.631,72.8883,19.7433,-250.631,0.0956371
4960,4960,0A,0.697797,0.423948,0.546467,0.186332,72.8809,20.9256,-250.308,72.8809,20.9256,-250.308,0.104542
4968,4968,0A,0.69802,0.424678,0.54585,0.185645,72.8411,22.2752,-249.932,72.8411,22.2752,-249.932,0.0994326
4976,4976,0A,0.699005,0.423897,0.54572,0.184103,72.9529,23.3881,-249.497,72.9529,23.3881,-249.497,0.112809
4984,4984,0A,0.699802,0.423332,0.545192,0.183937,72.8601,24.7966,-249.04,72.8601,24.7966,-249.04,0.0923823
4992,4992,0A,0.700935,0.42279,0.54417,0.183894,73.0291,26.0326,-248.474,73.0291,26.0326,-248.474,0.119288
5000,5000,0A,0.701212,0.423005,0.54389,0.183172,73.0023,27.2228,-247.986,73.0023,27.2228,-247.986,0.0942549
5008,5008,0A,0.701676,0.42209,0.544341,0.182167,73.0631,28.4691,-247.554,73.0631,28.4691,-247.554,0.0853051
5016,5016,0A,0.701889,0.421638,0.544444,0.182084,72.958,29.9261,-247.171,72.958,29.9261,-247.171,0.0840305
5024,5024,0A,0.702576,0.42153,0.54379,0.181636,73.0426,31.1398,-246.803,73.0426,31.1398,-246.803,0.0845219
5032,5032,0A,0.702826,0.421373,0.543588,0.181639,73.0112,32.5303,-246.562,73.0112,32.5303,-246.562,0.084496
5040,5040,0A,0.703235,0.420956,0.543402,0.181578,73.0054,33.7317,-246.346,73.0054,33.7317,-246.346,0.0806638
5048,5048,0A,0.703555,0.420675,0.543272,0.181379,73.0417,34.8469,-246.232,73.0417,34.8469,-246.232,0.0799594
5056,5056,0A,0.704052,0.4202,0.543222,0.180704,73.1037,35.7908,-245.975,73.1037,35.7908,-245.975,0.0834516
5064,5064,0A,0.704462,0.419324,0.543483,0.180355,72.997,36.8049,-245.749,72.997,36.8049,-245.749,0.0807226
5072,5072,0A,0.704994,0.418883,0.543289,0.179882,73.0445,37.6958,-245.375,73.0445,37.6958,-245.375,0.0805727
5080,5080,0A,0.705097,0.41903,0.543376,0.178869,73.0741,38.5657,-244.95,73.0741,38.5657,-244.95,0.075532
5088,5088,0A,0.705454,0.418038,0.543553,0.179245,73.1122,39.4079,-244.346,73.1122,39.4079,-244.346,0.0700052
5096,5096,0A,0.706118,0.41572,0.54413,0.18027,73.0088,40.4012,-243.847,73.0088,40.4012,-243.847,0.0761232
5104,5104,0A,0.707166,0.414024,0.544059,0.18028,72.9461,41.1549,-242.904,72.9461,41.1549,-242.904,0.0689602
5112,5112,0A,0.707395,0.414014,0.544075,0.179351,72.9229,41.8451,-242.083,72.9229,41.8451,-242.083,0.0782339
5120,5120,0A,0.707441,0.414022,0.544631,0.177458,73.0466,42.195,-241.144,73.0466,42.195,-241.144,0.0676846
5128,5128,0A,0.707611,0.412948,0.545176,0.177608,72.9588,42.9003,-240.322,72.9588,42.9003,-240.322,0.0685848
5136,5136,0A,0.708885,0.410088,0.54559,0.177883,72.8393,43.2575,-239.365,72.8393,43.2575,-239.365,0.0619841
5144,5144,0A,0.709206,0.409393,0.545707,0.177842,72.7477,43.7788,-238.693,72.7477,43.7788,-238.693,0.0604179
5152,5152,0A,0.708968,0.410352,0.545951,0.175825,72.874,44.0201,-237.716,72.874,44.0201,-237.716,0.0633531
5160,5160,0A,0.708723,0.410565,0.546583,0.174343,72.9267,44.3023,-236.883,72.9267,44.3023,-236.883,0.0597787
5168,5168,0A,0.709261,0.408921,0.547077,0.17447,72.7422,44.6956,-236.156,72.7422,44.6956,-236.156,0.0550158
5176,5176,0A,0.709725,0.408502,0.546664,0.17486,72.7762,45.3284,-235.286,72.7762,45.3284,-235.286,0.0574282
5184,5184,0A,0.710073,0.40758,0.547286,0.173645,72.6846,45.6618,-234.358,72.6846,45.6618,-234.358,0.0611233
5192,5192,0A,0.710314,0.40736,0.547377,0.172891,72.8128,46.1778,-233.296,72.8128,46.1778,-233.296,0.067489
5200,5200,0A,0.710834,0.406268,0.547786,0.172025,72.7318,46.5875,-232.35,72.7318,46.5875,-232.35,0.0569258
5208,5208,0A,0.711542,0.404807,0.54806,0.171668,72.6882,47.0847,-231.349,72.6882,47.0847,-231.349,0.0621832
5216,5216,0A,0.711793,0.403886,0.548777,0.170498,72.6507,47.4705,-230.37,72.6507,47.4705,-230.37,0.0569358
5224,5224,0A,0.711994,0.403108,0.549419,0.169432,72.6337,47.8736,-229.324,72.6337,47.8736,-229.324,0.0544488
5232,5232,0A,0.712444,0.402045,0.54991,0.168471,72.5326,48.0875,-228.356,72.5326,48.0875,-228.356,0.0482199
5240,5240,0A,0.712625,0.401298,0.550231,0.168436,72.5593,48.3582,-227.42,72.5593,48.3582,-227.42,0.0546375
5248,5248,0A,0.712639,0.400185,0.551223,0.167781,72.5616,48.2298,-226.551,72.5616,48.2298,-226.551,0.0475486
5256,5256,0A,0.712681,0.398961,0.552069,0.167738,72.513,48.1085,-225.889,72.513,48.1085,-225.889,0.0556514
5264,5264,0A,0.713312,0.39814,0.551894,0.167582,72.4549,47.7053,-225.11,72.4549,47.7053,-225.11,0.0544043
5272,5272,0A,0.713817,0.397667,0.551614,0.16748,72.4016,47.1657,-224.465,72.4016,47.1657,-224.465,0.0607403
5280,5280,0A,0.71378,0.396731,0.552499,0.166938,72.3633,46.4638,-223.909,72.3633,46.4638,-223.909,0.0522317
5288,5288,0A,0.713799,0.395848,0.553179,0.1667,72.3388,45.7312,-223.37,72.3388,45.7312,-223.37,0.0534999
5296,5296,0A,0.714191,0.396049,0.552558,0.166599,72.3096,44.8196,-222.872,72.3096,44.8196,-222.872,0.0531054
5304,5304,0A,0.714447,0.397212,0.55124,0.167098,72.3121,43.8527,-222.536,72.3121,43.8527,-222.536,0.0532659
5312,5312,0A,0.714624,0.397309,0.551017,0.16685,72.2729,42.6486,-222.407,72.2729,42.6486,-222.407,0.0645365
5320,5320,0A,0.714449,0.397451,0.551103,0.166978,72.2818,41.5893,-222.254,72.2818,41.5893,-222.254,0.067325
5328,5328,0A,0.714359,0.397916,0.55089,0.166956,72.2936,40.532,-222.036,72.2936,40.532,-222.036,0.0647861
5336,5336,0A,0.714248,0.398739,0.550395,0.167099,72.2982,39.4839,-221.954,72.2982,39.4839,-221.954,0.0626264
5344,5344,0A,0.713906,0.399184,0.550565,0.166936,72.266,38.4006,-222.021,72.266,38.4006,-222.021,0.0689289
5352,5352,0A,0.713769,0.399407,0.550702,0.16654,72.2967,37.2754,-222.137,72.2967,37.2754,-222.137,0.0672195
5360,5360,0A,0.71374,0.40016,0.550115,0.166794,72.2269,36.3268,-222.12,72.2269,36.3268,-222.12,0.0679079
5368,5368,0A,0.713728,0.40054,0.549631,0.167529,72.2176,35.4365,-221.997,72.2176,35.4365,-221.997,0.073126
5376,5376,0A,0.713373,0.40028,0.550243,0.167656,72.2264,34.5575,-221.896,72.2264,34.5575,-221.896,0.0747278
5384,5384,0A,0.713202,0.39985,0.550844,0.167433,72.2326,33.655,-221.776,72.2326,33.655,-221.776,0.0834213
5392,5392,0A,0.713221,0.399783,0.55082,0.16759,72.193,32.8934,-221.487,72.193,32.8934,-221.487,0.080229
5400,5400,0A,0.713424,0.399065,0.551243,0.167045,72.1581,31.9728,-221.048,72.1581,31.9728,-221.048,0.0842218
5408,5408,0A,0.7131,0.399126,0.551711,0.166739,72.1326,31.3054,-220.599,72.1326,31.3054,-220.599,0.0845193
5416,5416,0A,0.713273,0.399422,0.551568,0.165761,72.1347,30.6167,-219.843,72.1347,30.6167,-219.843,0.0830533
5424,5424,0A,0.713514,0.399654,0.551266,0.165165,72.0765,30.203,-219.059,72.0765,30.203,-219.059,0.097109
5432,5432,0A,0.71408,0.399123,0.551316,0.163831,72.0725,29.8248,-217.978,72.0725,29.8248,-217.978,0.086188
5440,5440,0A,0.714603,0.398493,0.551491,0.16249,72.0912,29.7697,-216.995,72.0912,29.7697,-216.995,0.0908252
5448,5448,0A,0.715249,0.398502,0.551207,0.160579,72.1119,29.7237,-216.021,72.1119,29.7237,-216.021,0.0856618
5456,5456,0A,0.715714,0.399359,0.550243,0.159683,72.1425,30.039,-215.077,72.1425,30.039,-215.077,0.0861885
5464,5464,0A,0.716817,0.398632,0.549454,0.159268,72.1006,30.561,-214.106,72.1006,30.561,-214.106,0.0802481
5472,5472,0A,0.717518,0.397726,0.549238,0.159117,72.0252,31.3551,-213.427,72.0252,31.3551,-213.427,0.0808892
5480,5480,0A,0.717909,0.397657,0.549238,0.157521,72.1048,31.9061,-212.501,72.1048,31.9061,-212.501,0.0728514
5488,5488,0A,0.717792,0.398278,0.549429,0.155813,72.1317,32.5547,-212.121,72.1317,32.5547,-212.121,0.0803119
5496,5496,0A,0.717984,0.398881,0.548971,0.154998,72.1585,33.1648,-211.811,72.1585,33.1648,-211.811,0.07295
5504,5504,0A,0.718196,0.39877,0.548453,0.156129,72.1422,33.9954,-211.831,72.1422,33.9954,-211.831,0.0714592
5512,5512,0A,0.718927,0.397574,0.548144,0.1569,72.1181,34.7618,-211.711,72.1181,34.7618,-211.711,0.0745687
5520,5520,0A,0.719075,0.397512,0.547765,0.157697,72.0912,35.7566,-211.71,72.0912,35.7566,-211.71,0.0671464
5528,5528,0A,0.719232,0.397078,0.548072,0.157006,72.0961,36.5584,-211.544,72.0961,36.5584,-211.544,0.0643322
5536,5536,0A,0.719035,0.3972,0.548101,0.1575,72.1076,37.6642,-211.349,72.1076,37.6642,-211.349,0.0650864
5544,5544,0A,0.719395,0.396481,0.548158,0.157465,72.0944,38.5801,-210.961,72.0944,38.5801,-210.961,0.0651098
5552,5552,0A,0.719571,0.396273,0.5481,0.157394,72.1061,39.5192,-210.588,72.1061,39.5192,-210.588,0.0662139
5560,5560,0A,0.71984,0.395822,0.548395,0.156265,72.0849,40.2372,-210.046,72.0849,40.2372,-210.046,0.0604078
5568,5568,0A,0.720205,0.395644,0.548278,0.155438,72.1659,40.8519,-209.42,72.1659,40.8519,-209.42,0.0579873
5576,5576,0A,0.720655,0.395112,0.548292,0.154655,72.1136,41.1847,-208.758,72.1136,41.1847,-208.758,0.054438
5584,5584,0A,0.720968,0.394286,0.548446,0.154763,72.0686,41.4925,-208.009,72.0686,41.4925,-208.009,0.0593655
5592,5592,0A,0.721303,0.393076,0.548885,0.154722,72.0581,41.5484,-207.091,72.0581,41.5484,-207.091,0.0598618
5600,5600,0A,0.721587,0.391884,0.549306,0.154924,72.0368,41.5068,-206.123,72.0368,41.5068,-206.123,0.0541391
5608,5608,0A,0.721831,0.390291,0.550016,0.155294,71.9331,41.3568,-205.117,71.9331,41.3568,-205.117,0.0552879
5616,5616,0A,0.721829,0.388658,0.5512,0.155197,71.8516,41.0958,-204.132,71.8516,41.0958,-204.132,0.0567288
5624,5624,0A,0.721938,0.387491,0.552105,0.154391,71.8369,40.5056,-203.079,71.8369,40.5056,-203.079,0.0563419
5632,5632,0A,0.722276,0.387208,0.552001,0.153893,71.8121,39.8242,-202.139,71.8121,39.8242,-202.139,0.0571631
5648,5648,0A,0.723039,0.38581,0.552259,0.152891,71.714,38.1605,-200.159,71.714,38.1605,-200.159,0.0529218
5656,5656,0A,0.723027,0.384989,0.552815,0.153005,71.7321,37.2328,-199.282,71.7321,37.2328,-199.282,0.0609016
5664,5664,0A,0.723208,0.385111,0.552569,0.152735,71.713,36.3409,-198.418,71.713,36.3409,-198.418,0.0530572
5672,5672,0A,0.723449,0.385225,0.552318,0.152212,71.6853,35.4808,-197.625,71.6853,35.4808,-197.625,0.0550504
5680,5680,0A,0.723201,0.384819,0.553152,0.151386,71.6042,34.7066,-197.079,71.6042,34.7066,-197.079,0.0526161
5688,5688,0A,0.722679,0.384805,0.553834,0.151423,71.5702,34.0358,-196.625,71.5702,34.0358,-196.625,0.0574329
5696,5696,0A,0.722553,0.384891,0.553828,0.151822,71.5753,33.4133,-196.243,71.5753,33.4133,-196.243,0.0585824
5704,5704,0A,0.722634,0.385044,0.553504,0.152232,71.5482,32.86,-196.073,71.5482,32.86,-196.073,0.0630343
5712,5712,0A,0.722577,0.385142,0.553253,0.153168,71.5711,32.3837,-196.042,71.5711,32.3837,-196.042,0.0697406
5720,5720,0A,0.72241,0.385332,0.553417,0.152882,71.5583,31.9576,-195.988,71.5583,31.9576,-195.988,0.0733096
5728,5728,0A,0.722408,0.385877,0.553171,0.152406,71.5661,31.6281,-195.913,71.5661,31.6281,-195.913,0.0595292
5736,5736,0A,0.722379,0.386121,0.553103,0.152172,71.5422,31.2444,-195.988,71.5422,31.2444,-195.988,0.0536125
5744,5744,0A,0.722434,0.386204,0.552977,0.152157,71.5652,30.7727,-196.115,71.5652,30.7727,-196.115,0.0514345
5752,5752,0A,0.722091,0.386866,0.552449,0.154011,71.6137,31.2367,-196.467,71.6137,31.2367,-196.467,0.140677
5760,5760,0A,0.721949,0.387292,0.552277,0.154226,71.6079,30.7086,-196.537,71.6079,30.7086,-196.537,0.139309
5768,5768,0A,0.721553,0.388299,0.551868,0.155007,71.6172,30.1666,-196.661,71.6172,30.1666,-196.661,0.145657
5776,5776,0A,0.72134,0.388954,0.551589,0.155347,71.6238,29.5145,-196.805,71.6238,29.5145,-196.805,0.160584
5784,5784,0A,0.720974,0.390066,0.551111,0.155955,71.6082,28.9548,-196.92,71.6082,28.9548,-196.92,0.167335
5792,5792,0A,0.721119,0.388973,0.552822,0.151908,71.5362,26.8336,-197.16,71.5362,26.8336,-197.16,0.0650497
5800,5800,0A,0.720328,0.389316,0.553867,0.150968,71.561,25.9803,-197.359,71.561,25.9803,-197.359,0.0743415
5808,5808,0A,0.719882,0.389217,0.554865,0.149684,71.5741,24.6771,-197.654,71.5741,24.6771,-197.654,0.0741104
5816,5816,0A,0.719424,0.390084,0.554613,0.150561,71.6272,23.5437,-198.084,71.6272,23.5437,-198.084,0.0973456
5824,5824,0A,0.719402,0.389886,0.554776,0.150578,71.5823,22.2549,-198.395,71.5823,22.2549,-198.395,0.0951846
5832,5832,0A,0.718896,0.389755,0.555701,0.14992,71.5003,20.9408,-198.675,71.5003,20.9408,-198.675,0.101304
5840,5840,0A,0.718307,0.390776,0.55586,0.149494,71.5274,19.6235,-198.762,71.5274,19.6235,-198.762,0.0879262
5848,5848,0A,0.71779,0.392048,0.555701,0.14924,71.5603,18.3325,-199.049,71.5603,18.3325,-199.049,0.109286
5856,5856,0A,0.717316,0.392928,0.555843,0.148676,71.5572,16.9844,-199.368,71.5572,16.9844,-199.368,0.109112
5864,5864,0A,0.716915,0.39369,0.555903,0.148369,71.5818,15.6545,-199.703,71.5818,15.6545,-199.703,0.10505
5872,5872,0A,0.715966,0.39545,0.555444,0.149979,71.6574,14.4721,-200.4,71.6574,14.4721,-200.4,0.123885
5880,5880,0A,0.715087,0.39678,0.55526,0.151337,71.6715,13.4235,-201.312,71.6715,13.4235,-201.312,0.137581
5888,5888,0A,0.715094,0.396729,0.554973,0.152483,71.5832,12.5776,-202.143,71.5832,12.5776,-202.143,0.118632
5896,5896,0A,0.71473,0.396761,0.554772,0.154825,71.5526,12.2983,-202.874,71.5526,12.2983,-202.874,0.116467
5904,5904,0A,0.713927,0.3969,0.555595,0.155219,71.5773,12.1945,-203.403,71.5773,12.1945,-203.403,0.121365
5912,5912,0A,0.713333,0.397549,0.556041,0.154693,71.6206,12.2698,-203.882,71.6206,12.2698,-203.882,0.111569
5920,5920,0A,0.713273,0.398585,0.555507,0.154219,71.6604,12.5039,-204.296,71.6604,12.5039,-204.296,0.117251
5928,5928,0A,0.713322,0.399243,0.555152,0.153565,71.6604,12.8382,-204.726,71.6604,12.8382,-204.726,0.115893
5936,5936,0A,0.71321,0.39921,0.555332,0.153523,71.645,13.2906,-205.194,71.645,13.2906,-205.194,0.108819
5944,5944,0A,0.712795,0.399171,0.555372,0.155395,71.6736,14.0651,-205.716,71.6736,14.0651,-205.716,0.13121
5952,5952,0A,0.712784,0.398413,0.555974,0.155237,71.6489,14.622,-206.119,71.6489,14.622,-206.119,0.120439
5960,5960,0A,0.713025,0.398245,0.555929,0.154725,71.6442,15.0614,-206.622,71.6442,15.0614,-206.622,0.0935416
5968,5968,0A,0.713243,0.399323,0.554578,0.155785,71.6879,15.5476,-207.218,71.6879,15.5476,-207.218,0.113096
5976,5976,0A,0.712946,0.400208,0.554143,0.156421,71.6963,15.9997,-207.865,71.6963,15.9997,-207.865,0.116279
5984,5984,0A,0.712398,0.400026,0.554871,0.156801,71.7392,16.3617,-208.423,71.7392,16.3617,-208.423,0.122013
5992,5992,0A,0.712256,0.400157,0.554661,0.157852,71.7657,16.7648,-209.074,71.7657,16.7648,-209.074,0.116996
6000,6000,0A,0.712524,0.400573,0.553849,0.158437,71.7165,17.0096,-209.658,71.7165,17.0096,-209.658,0.113367
6008,6008,0A,0.712414,0.400593,0.553961,0.158488,71.7654,17.129,-210.176,71.7654,17.129,-210.176,0.113308
6016,6016,0A,0.7118,0.400915,0.554125,0.159853,71.8203,17.3156,-210.869,71.8203,17.3156,-210.869,0.119006
6024,6024,0A,0.711625,0.400312,0.554381,0.161255,71.8171,17.5448,-211.525,71.8171,17.5448,-211.525,0.105054
6032,6032,0A,0.711684,0.399517,0.554573,0.162296,71.7512,17.7399,-212.116,71.7512,17.7399,-212.116,0.101951
6040,6040,0A,0.711664,0.399916,0.553891,0.163727,71.7511,18.0589,-212.59,71.7511,18.0589,-212.59,0.108853
6048,6048,0A,0.711441,0.400494,0.553737,0.163808,71.7873,18.165,-213.129,71.7873,18.165,-213.129,0.118061
6056,6056,0A,0.711263,0.400553,0.553941,0.163743,71.8089,18.297,-213.402,71.8089,18.297,-213.402,0.104108
6064,6064,0A,0.711414,0.400916,0.553421,0.163953,71.7653,18.6665,-213.683,71.7653,18.6665,-213.683,0.1018
6072,6072,0A,0.711778,0.400501,0.553106,0.164452,71.7821,19.1344,-213.667,71.7821,19.1344,-213.667,0.118966
6080,6080,0A,0.711918,0.399862,0.553415,0.164363,71.7868,19.6689,-213.724,71.7868,19.6689,-213.724,0.108793
6088,6088,0A,0.712311,0.399676,0.553412,0.163118,71.7859,20.1089,-213.619,71.7859,20.1089,-213.619,0.0891891
6096,6096,0A,0.712629,0.400659,0.55243,0.162644,71.8238,20.6603,-213.581,71.8238,20.6603,-213.581,0.0871723
6104,6104,0A,0.713057,0.401283,0.551222,0.163329,71.9419,21.219,-213.474,71.9419,21.219,-213.474,0.111095
6112,6112,0A,0.712918,0.401349,0.551242,0.163705,71.8741,21.9487,-213.751,71.8741,21.9487,-213.751,0.09923
6120,6120,0A,0.712652,0.400929,0.552212,0.162621,71.8809,22.5864,-213.848,71.8809,22.5864,-213.848,0.100519
6128,6128,0A,0.712322,0.400763,0.553007,0.161768,71.8871,23.2535,-214.109,71.8871,23.2535,-214.109,0.0833896
6136,6136,0A,0.712458,0.400696,0.552835,0.161923,71.8515,23.8832,-214.37,71.8515,23.8832,-214.37,0.0783206
6144,6144,0A,0.712501,0.4008,0.552318,0.163239,71.8668,24.5792,-214.803,71.8668,24.5792,-214.803,0.105427
6152,6152,0A,0.712833,0.400244,0.552401,0.162871,71.8538,24.9494,-215.13,71.8538,24.9494,-215.13,0.0810127
6160,6160,0A,0.712386,0.400679,0.552222,0.164355,71.9178,25.4621,-215.868,71.9178,25.4621,-215.868,0.0868046
6168,6168,0A,0.71252,0.400457,0.552198,0.164399,71.9445,25.4702,-216.447,71.9445,25.4702,-216.447,0.0823694
6176,6176,0A,0.71208,0.401654,0.551209,0.166688,71.9392,25.7156,-217.359,71.9392,25.7156,-217.359,0.0969189
6184,6184,0A,0.712247,0.402046,0.550652,0.16687,71.9743,25.3876,-218.119,71.9743,25.3876,-218.119,0.095198
6192,6192,0A,0.711353,0.403237,0.550827,0.167234,72.0072,25.0965,-218.969,72.0072,25.0965,-218.969,0.0969342
6200,6200,0A,0.710355,0.403675,0.551691,0.167567,72.0042,24.6908,-219.695,72.0042,24.6908,-219.695,0.115003
6208,6208,0A,0.710063,0.403573,0.552136,0.167589,71.9926,24.1467,-220.337,71.9926,24.1467,-220.337,0.102488
6216,6216,0A,0.710589,0.4037,0.551325,0.167719,72.0419,23.409,-220.724,72.0419,23.409,-220.724,0.0986787
6224,6224,0A,0.710475,0.40443,0.550585,0.168873,71.9943,22.9266,-221.14,71.9943,22.9266,-221.14,0.109374
6232,6232,0A,0.710364,0.404285,0.550928,0.168568,71.9827,22.2472,-221.443,71.9827,22.2472,-221.443,0.106054
6248,6248,0A,0.709609,0.405207,0.551207,0.168621,72.0891,21.3204,-221.901,72.0891,21.3204,-221.901,0.103367
6256,6256,0A,0.709406,0.405852,0.550865,0.169041,72.1103,20.7796,-221.886,72.1103,20.7796,-221.886,0.111772
6264,6264,0A,0.709135,0.406603,0.550555,0.169387,72.1132,20.1578,-221.944,72.1132,20.1578,-221.944,0.107993
6272,6272,0A,0.70845,0.407128,0.550607,0.170816,72.1229,19.6976,-222.249,72.1229,19.6976,-222.249,0.113213
6280,6280,0A,0.708665,0.406494,0.550988,0.170201,72.1219,18.9396,-222.277,72.1219,18.9396,-222.277,0.112625
6288,6288,0A,0.708524,0.407254,0.550518,0.170494,72.1187,18.4974,-222.491,72.1187,18.4974,-222.491,0.110281
6296,6296,0A,0.708602,0.408034,0.550093,0.16967,72.1015,17.7144,-222.769,72.1015,17.7144,-222.769,0.109225
6304,6304,0A,0.708007,0.409359,0.549537,0.170763,72.2129,17.2418,-223.299,72.2129,17.2418,-223.299,0.116161
6312,6312,0A,0.707598,0.409433,0.549868,0.171213,72.1102,16.6558,-224.003,72.1102,16.6558,-224.003,0.113905
6320,6320,0A,0.706825,0.410292,0.549971,0.17202,72.0703,16.2758,-224.599,72.0703,16.2758,-224.599,0.114742
6328,6328,0A,0.706347,0.410971,0.55007,0.172044,72.0883,15.9575,-225.088,72.0883,15.9575,-225.088,0.115367
6336,6336,0A,0.705698,0.41265,0.549462,0.172629,72.133,15.7528,-225.58,72.133,15.7528,-225.58,0.112594
6344,6344,0A,0.705229,0.413646,0.549614,0.171677,72.2483,15.2465,-226.008,72.2483,15.2465,-226.008,0.119024
6352,6352,0A,0.704626,0.414325,0.549782,0.171983,72.2582,14.9502,-226.444,72.2582,14.9502,-226.444,0.120824
6360,6360,0A,0.704026,0.414847,0.550068,0.172261,72.2178,14.543,-226.935,72.2178,14.543,-226.935,0.121707
6368,6368,0A,0.702787,0.415442,0.551152,0.172422,72.2391,14.0919,-227.471,72.2391,14.0919,-227.471,0.121601
6376,6376,0A,0.701922,0.415436,0.552198,0.172616,72.2354,13.4493,-227.92,72.2354,13.4493,-227.92,0.118093
6384,6384,0A,0.701446,0.415795,0.552145,0.173849,72.2053,13.0525,-228.347,72.2053,13.0525,-228.347,0.118249
6392,6392,0A,0.70125,0.416127,0.552122,0.173924,72.1734,12.5213,-228.431,72.1734,12.5213,-228.431,0.119282
6400,6400,0A,0.700754,0.415852,0.553146,0.173321,72.1453,11.962,-228.266,72.1453,11.962,-228.266,0.125313
6408,6408,0A,0.700249,0.415467,0.554472,0.172044,72.1297,11.4107,-227.986,72.1297,11.4107,-227.986,0.117407
6416,6416,0A,0.700113,0.415297,0.555039,0.171179,72.0965,10.919,-227.363,72.0965,10.919,-227.363,0.116577
6424,6424,0A,0.699991,0.414754,0.555857,0.17034,72.055,10.5204,-226.715,72.055,10.5204,-226.715,0.125783
6432,6432,0A,0.69985,0.414546,0.556368,0.169753,72.0945,10.1572,-225.934,72.0945,10.1572,-225.934,0.123125
6440,6440,0A,0.700011,0.414445,0.556433,0.169121,72.0937,9.79319,-225.192,72.0937,9.79319,-225.192,0.130884
6448,6448,0A,0.700541,0.414026,0.556431,0.167956,72.0731,9.31266,-224.225,72.0731,9.31266,-224.225,0.126364
6456,6456,0A,0.700702,0.41405,0.556444,0.167181,72.0499,8.92691,-223.435,72.0499,8.92691,-223.435,0.132842
6464,6464,0A,0.700641,0.413803,0.556977,0.166269,72.0493,8.49507,-222.46,72.0493,8.49507,-222.46,0.127287
6472,6472,0A,0.700449,0.413491,0.557558,0.165906,71.9845,8.17603,-221.683,71.9845,8.17603,-221.683,0.127722
6480,6480,0A,0.7007,0.412824,0.55788,0.165426,71.9343,7.72754,-220.961,71.9343,7.72754,-220.961,0.138897
6488,6488,0A,0.701049,0.412351,0.557932,0.164954,71.9335,7.26464,-220.411,71.9335,7.26464,-220.411,0.131711
6496,6496,0A,0.701505,0.41193,0.557876,0.164252,71.9036,6.71336,-219.914,71.9036,6.71336,-219.914,0.128875
6504,6504,0A,0.701441,0.412222,0.557659,0.16453,71.9214,6.34802,-219.562,71.9214,6.34802,-219.562,0.134336
6512,6512,0A,0.701304,0.411781,0.558015,0.165015,71.8986,5.9477,-219.261,71.8986,5.9477,-219.261,0.136203
6520,6520,0A,0.70116,0.411681,0.557946,0.166103,71.876,5.65394,-219.173,71.876,5.65394,-219.173,0.132654
6528,6528,0A,0.70163,0.411682,0.557317,0.166228,71.8953,5.17936,-219.014,71.8953,5.17936,-219.014,0.130846
6536,6536,0A,0.701798,0.412188,0.556502,0.16699,71.93,4.90312,-219.042,71.93,4.90312,-219.042,0.13397
6544,6544,0A,0.701778,0.412033,0.556376,0.167873,71.9194,4.69376,-218.984,71.9194,4.69376,-218.984,0.137176
6552,6552,0A,0.701546,0.411878,0.556585,0.168532,71.891,4.52597,-219.136,71.891,4.52597,-219.136,0.144577
6560,6560,0A,0.701837,0.41254,0.555946,0.167808,71.8955,4.08981,-219.057,71.8955,4.08981,-219.057,0.130354
6568,6568,0A,0.7019,0.414106,0.554774,0.167563,71.9316,3.96723,-219.131,71.9316,3.96723,-219.131,0.135319
6576,6576,0A,0.701286,0.414696,0.554884,0.168312,72.0603,4.78628,-219.487,72.0603,4.78628,-219.487,0.191706
6584,6584,0A,0.701228,0.414711,0.555503,0.166466,71.9496,3.8313,-218.921,71.9496,3.8313,-218.921,0.138712
6592,6592,0A,0.701021,0.414844,0.556,0.165343,71.9168,3.76092,-218.853,71.9168,3.76092,-218.853,0.133334
6600,6600,0A,0.70112,0.415078,0.555645,0.165528,71.9797,3.82441,-218.857,71.9797,3.82441,-218.857,0.131855
6608,6608,0A,0.701933,0.414315,0.555346,0.164996,71.9266,3.76209,-218.96,71.9266,3.76209,-218.96,0.129386
6616,6616,0A,0.70219,0.413833,0.555077,0.166014,71.9524,3.98771,-219.13,71.9524,3.98771,-219.13,0.132251
6624,6624,0A,0.702191,0.412677,0.555944,0.165986,71.9432,4.03712,-219.107,71.9432,4.03712,-219.107,0.13727
6632,6632,0A,0.701751,0.412339,0.556567,0.166599,71.9934,4.32077,-219.259,71.9934,4.32077,-219.259,0.132907
6640,6640,0A,0.701841,0.411686,0.557187,0.16576,71.9075,4.36696,-219.277,71.9075,4.36696,-219.277,0.128218
6648,6648,0A,0.701651,0.411705,0.557545,0.165314,71.8887,4.55939,-219.333,71.8887,4.55939,-219.333,0.136485
6656,6656,0A,0.702359,0.411116,0.557483,0.163979,71.9537,4.57945,-218.812,71.9537,4.57945,-218.812,0.140942
6664,6664,0A,0.702853,0.410067,0.557458,0.164568,71.7424,5.09969,-218.86,71.7424,5.09969,-218.86,0.133091
6672,6672,0A,0.703927,0.409823,0.556665,0.163265,71.8741,5.29064,-218.302,71.8741,5.29064,-218.302,0.13695
6680,6680,0A,0.704312,0.409911,0.556493,0.161967,71.9231,5.54376,-218.083,71.9231,5.54376,-218.083,0.131571
6688,6688,0A,0.705618,0.408684,0.55623,0.160277,71.9822,5.62274,-217.429,71.9822,5.62274,-217.429,0.13722
6696,6696,0A,0.706658,0.407602,0.555738,0.16016,71.8155,6.0092,-217.085,71.8155,6.0092,-217.085,0.132506
6704,6704,0A,0.707548,0.407541,0.555037,0.158814,71.9379,6.12494,-216.281,71.9379,6.12494,-216.281,0.137334
6712,6712,0A,0.707221,0.407897,0.555376,0.158164,71.9607,6.30289,-215.901,71.9607,6.30289,-215.901,0.134892
6720,6720,0A,0.707252,0.407233,0.556027,0.157448,71.9223,6.50157,-215.37,71.9223,6.50157,-215.37,0.137349
6728,6728,0A,0.70755,0.406462,0.556169,0.157599,71.8699,6.9106,-214.917,71.8699,6.9106,-214.917,0.127571
6736,6736,0A,0.707939,0.406405,0.555977,0.156674,71.862,7.12832,-214.409,71.862,7.12832,-214.409,0.127944
6744,6744,0A,0.707814,0.407077,0.555812,0.15608,71.8954,7.42559,-213.993,71.8954,7.42559,-213.993,0.132082
6752,6752,0A,0.707838,0.406374,0.556091,0.156806,71.8329,7.96367,-213.683,71.8329,7.96367,-213.683,0.126493
6760,6760,0A,0.70896,0.404212,0.556053,0.157457,71.8601,8.44455,-213.012,71.8601,8.44455,-213.012,0.131276
6768,6768,0A,0.709947,0.403368,0.555496,0.157141,71.7886,8.9514,-212.448,71.7886,8.9514,-212.448,0.133606
6776,6776,0A,0.710416,0.404112,0.554806,0.155542,71.8644,9.28525,-211.671,71.8644,9.28525,-211.671,0.130018
6784,6784,0A,0.71048,0.404318,0.554948,0.154197,71.8924,9.57051,-211.092,71.8924,9.57051,-211.092,0.123237
6792,6792,0A,0.710732,0.403768,0.555215,0.15352,71.8572,9.80651,-210.898,71.8572,9.80651,-210.898,0.121046
6800,6800,0A,0.711247,0.403414,0.554923,0.153123,71.8663,9.89345,-210.755,71.8663,9.89345,-210.755,0.125458
6808,6808,0A,0.711885,0.403688,0.553914,0.153084,71.8554,9.90873,-210.736,71.8554,9.90873,-210.736,0.122464
6816,6816,0A,0.712456,0.403791,0.552943,0.153668,71.8571,10.0716,-210.769,71.8571,10.0716,-210.769,0.124192
6824,6824,0A,0.712607,0.404031,0.552551,0.153743,71.8622,10.282,-210.752,71.8622,10.282,-210.752,0.12313
6832,6832,0A,0.712605,0.404713,0.552351,0.152675,71.9191,10.3645,-210.626,71.9191,10.3645,-210.626,0.125197
6840,6840,0A,0.712926,0.405452,0.551625,0.151839,71.9483,10.3597,-210.501,71.9483,10.3597,-210.501,0.124276
6848,6848,0A,0.713293,0.406297,0.550385,0.152359,71.9496,10.4915,-210.558,71.9496,10.4915,-210.558,0.126901
6856,6856,0A,0.713937,0.406203,0.549796,0.151718,71.9403,10.3952,-210.408,71.9403,10.3952,-210.408,0.12664
6864,6864,0A,0.714154,0.406121,0.549612,0.151577,71.9852,10.47,-210.328,71.9852,10.47,-210.328,0.12116
6872,6872,0A,0.714662,0.405456,0.549405,0.151719,71.9984,10.5857,-210.232,71.9984,10.5857,-210.232,0.116251
6880,6880,0A,0.715206,0.404744,0.549127,0.152059,72.0045,10.7362,-210.153,72.0045,10.7362,-210.153,0.115281
6888,6888,0A,0.715628,0.404939,0.548455,0.15198,72.0077,10.9173,-210.159,72.0077,10.9173,-210.159,0.130261
6896,6896,0A,0.715989,0.406047,0.547602,0.150392,72.0042,11.0457,-210.062,72.0042,11.0457,-210.062,0.118777
6904,6904,0A,0.716457,0.406646,0.547089,0.148403,71.9952,11.2056,-209.906,71.9952,11.2056,-209.906,0.117756
6912,6912,0A,0.716695,0.406424,0.547038,0.148043,71.9916,11.5952,-209.899,71.9916,11.5952,-209.899,0.119261
6920,6920,0A,0.717271,0.405974,0.546759,0.147518,72.0247,11.8027,-209.823,72.0247,11.8027,-209.823,0.115967
6928,6928,0A,0.71806,0.406457,0.545305,0.14773,72.072,11.9359,-209.836,72.072,11.9359,-209.836,0.123188
6936,6936,0A,0.718981,0.406634,0.543925,0.147853,72.0642,11.9852,-209.964,72.0642,11.9852,-209.964,0.1162
6944,6944,0A,0.719551,0.406897,0.542931,0.148011,72.1258,12.1022,-210.022,72.1258,12.1022,-210.022,0.12106
6952,6952,0A,0.719729,0.406846,0.542796,0.14778,72.0906,12.1791,-210,72.0906,12.1791,-210,0.114995
6960,6960,0A,0.719533,0.406801,0.543083,0.147805,72.128,12.333,-209.958,72.128,12.333,-209.958,0.112518
6968,6968,0A,0.719638,0.406443,0.543243,0.147692,72.1434,12.3015,-209.919,72.1434,12.3015,-209.919,0.113599
6976,6976,0A,0.719758,0.405856,0.543271,0.148613,72.1152,12.3203,-210.063,72.1152,12.3203,-210.063,0.115079
6984,6984,0A,0.719663,0.405158,0.543828,0.14894,72.0973,12.3999,-210.111,72.0973,12.3999,-210.111,0.122809
6992,6992,0A,0.718783,0.404349,0.545663,0.148678,72.0318,12.572,-209.999,72.0318,12.572,-209.999,0.122112
7000,7000,0A,0.718037,0.403793,0.547311,0.147731,71.9854,12.6519,-209.794,71.9854,12.6519,-209.794,0.118546
7008,7008,0A,0.717586,0.404109,0.547803,0.147239,71.9626,12.7875,-209.693,71.9626,12.7875,-209.693,0.1121
7016,7016,0A,0.717747,0.404977,0.547035,0.146921,71.9937,12.8567,-209.738,71.9937,12.8567,-209.738,0.115859
7024,7024,0A,0.718091,0.405923,0.545828,0.147118,72.0598,12.9012,-209.742,72.0598,12.9012,-209.742,0.118433
7032,7032,0A,0.71841,0.406074,0.545176,0.147557,72.1202,12.8359,-209.733,72.1202,12.8359,-209.733,0.120241
7040,7040,0A,0.718493,0.405436,0.545303,0.148441,72.139,12.7861,-209.77,72.139,12.7861,-209.77,0.111212
7048,7048,0A,0.718453,0.405028,0.545349,0.149572,72.0956,12.7865,-209.829,72.0956,12.7865,-209.829,0.118035
7056,7056,0A,0.718188,0.40501,0.545726,0.149521,72.0349,12.7902,-209.841,72.0349,12.7902,-209.841,0.116361
7064,7064,0A,0.717288,0.405644,0.5467,0.148557,72.0206,12.8832,-209.743,72.0206,12.8832,-209.743,0.118855
7072,7072,0A,0.716774,0.405807,0.547758,0.146687,72.0233,12.7704,-209.556,72.0233,12.7704,-209.556,0.109973
7080,7080,0A,0.716793,0.406269,0.547454,0.146448,72.0552,12.9192,-209.568,72.0552,12.9192,-209.568,0.111347
7088,7088,0A,0.717377,0.406149,0.546676,0.146825,72.0148,12.9751,-209.708,72.0148,12.9751,-209.708,0.114266
7096,7096,0A,0.717891,0.406719,0.545338,0.147711,72.0624,13.0938,-209.76,72.0624,13.0938,-209.76,0.112513
7104,7104,0A,0.71852,0.406375,0.544655,0.148119,72.0856,12.9531,-209.76,72.0856,12.9531,-209.76,0.115401
7112,7112,0A,0.718654,0.405793,0.544631,0.149152,72.0614,12.9471,-209.805,72.0614,12.9471,-209.805,0.113376
7120,7120,0A,0.718589,0.404829,0.545372,0.149376,72.026,12.8774,-209.827,72.026,12.8774,-209.827,0.114841
7128,7128,0A,0.718047,0.404941,0.546072,0.14912,72.0537,12.9836,-209.723,72.0537,12.9836,-209.723,0.118641
7136,7136,0A,0.717371,0.406207,0.546287,0.148139,72.0993,13.0712,-209.72,72.0993,13.0712,-209.72,0.123766
7144,7144,0A,0.717058,0.407287,0.546279,0.146711,72.103,13.0949,-209.59,72.103,13.0949,-209.59,0.117514
7152,7152,0A,0.717417,0.407136,0.546088,0.146086,72.0904,13.1121,-209.663,72.0904,13.1121,-209.663,0.112793
7160,7160,0A,0.718046,0.406249,0.545651,0.14709,72.0527,13.2354,-209.823,72.0527,13.2354,-209.823,0.109111
7168,7168,0A,0.718766,0.405473,0.545088,0.147808,72.0498,13.2562,-209.991,72.0498,13.2562,-209.991,0.111705
7176,7176,0A,0.718792,0.405663,0.544769,0.148328,72.0909,13.395,-210.021,72.0909,13.395,-210.021,0.122296
7184,7184,0A,0.718405,0.405525,0.545453,0.148072,72.0625,13.3348,-209.95,72.0625,13.3348,-209.95,0.120548
7192,7192,0A,0.717758,0.405431,0.546402,0.147967,72.0406,13.3258,-209.854,72.0406,13.3258,-209.854,0.116218
7200,7200,0A,0.717053,0.405316,0.547594,0.147289,71.9903,13.2831,-209.813,71.9903,13.2831,-209.813,0.114789
7208,7208,0A,0.716495,0.405205,0.54844,0.147165,72.0229,13.3021,-209.616,72.0229,13.3021,-209.616,0.10806
7216,7216,0A,0.716726,0.40439,0.548746,0.147144,71.9684,13.2355,-209.507,71.9684,13.2355,-209.507,0.114335
7224,7224,0A,0.716937,0.404199,0.548472,0.14766,72.0076,13.2231,-209.425,72.0076,13.2231,-209.425,0.115299
7232,7232,0A,0.717037,0.403548,0.548942,0.147204,72.0379,13.0239,-209.28,72.0379,13.0239,-209.28,0.120573
7240,7240,0A,0.71714,0.402822,0.549133,0.14798,72.0159,13.2804,-209.032,72.0159,13.2804,-209.032,0.118334
7248,7248,0A,0.717632,0.401601,0.549454,0.147721,71.9784,13.4847,-208.542,71.9784,13.4847,-208.542,0.123082
7256,7256,0A,0.717611,0.40166,0.549682,0.146812,71.9824,13.6716,-207.916,71.9824,13.6716,-207.916,0.117529
7272,7272,0A,0.718483,0.401326,0.549457,0.144278,71.8356,13.7149,-206.559,71.8356,13.7149,-206.559,0.0946559
7280,7280,0A,0.719003,0.400294,0.549507,0.144367,71.7667,13.9319,-206.062,71.7667,13.9319,-206.062,0.0979883
7288,7288,0A,0.718752,0.399913,0.55013,0.144296,71.8054,14.1429,-205.643,71.8054,14.1429,-205.643,0.116349
7296,7296,0A,0.718344,0.399764,0.550946,0.143628,71.8698,14.3376,-205.009,71.8698,14.3376,-205.009,0.113189
7304,7304,0A,0.718257,0.399684,0.551095,0.143713,71.8435,14.5515,-204.695,71.8435,14.5515,-204.695,0.114808
7312,7312,0A,0.718906,0.398692,0.551145,0.14303,71.864,14.7491,-204.105,71.864,14.7491,-204.105,0.109933
7320,7320,0A,0.719442,0.396572,0.551729,0.143974,71.7592,15.1633,-203.775,71.7592,15.1633,-203.775,0.120402
7328,7328,0A,0.719671,0.39528,0.552272,0.144303,71.7436,15.6582,-203.176,71.7436,15.6582,-203.176,0.124436
7336,7336,0A,0.719627,0.395016,0.552946,0.142654,71.7837,15.9246,-202.654,71.7837,15.9246,-202.654,0.107169
7344,7344,0A,0.719223,0.396187,0.552915,0.141558,71.8096,16.1589,-202.34,71.8096,16.1589,-202.34,0.110912
7352,7352,0A,0.719198,0.397014,0.552544,0.140818,71.7892,16.222,-202.276,71.7892,16.222,-202.276,0.112145
7360,7360,0A,0.719714,0.396783,0.552097,0.140587,71.7467,16.3944,-202.197,71.7467,16.3944,-202.197,0.0922718
7368,7368,0A,0.720108,0.395786,0.552011,0.14171,71.7356,16.5346,-202.306,71.7356,16.5346,-202.306,0.113307
7376,7376,0A,0.720476,0.395103,0.551769,0.142686,71.7553,16.6202,-202.313,71.7553,16.6202,-202.313,0.106136
7384,7384,0A,0.720686,0.394356,0.551509,0.144685,71.7507,16.6085,-202.438,71.7507,16.6085,-202.438,0.122004
7392,7392,0A,0.720621,0.393558,0.551816,0.146003,71.7375,16.4957,-202.425,71.7375,16.4957,-202.425,0.115356
7400,7400,0A,0.720066,0.392721,0.55319,0.145792,71.7003,16.4151,-202.404,71.7003,16.4151,-202.404,0.121722
7408,7408,0A,0.719915,0.392273,0.553955,0.14484,71.6735,16.3327,-202.082,71.6735,16.3327,-202.082,0.095688
7416,7416,0A,0.720191,0.392835,0.553136,0.145076,71.6189,16.1849,-202.026,71.6189,16.1849,-202.026,0.103858
7424,7424,0A,0.72067,0.392447,0.553429,0.142604,71.7574,16.4144,-202.29,71.7574,16.4144,-202.29,0.124856
7432,7432,0A,0.720573,0.392774,0.553043,0.14369,71.7835,16.3536,-202.242,71.7835,16.3536,-202.242,0.124568
7440,7440,0A,0.72046,0.392579,0.553146,0.144391,71.7945,16.3555,-202.249,71.7945,16.3555,-202.249,0.125043
7448,7448,0A,0.720575,0.392144,0.55325,0.144601,71.7906,16.2982,-202.227,71.7906,16.2982,-202.227,0.123039
7456,7456,0A,0.720724,0.391793,0.553249,0.144809,71.7711,16.3087,-202.222,71.7711,16.3087,-202.222,0.114984
