24,24,0A,0.682457,0.340161,0.477531,0.436471,85.6171,62.0817,-160.64,85.6171,62.0817,-160.64,0.203
32,32,0A,0.682536,0.340334,0.477101,0.436682,85.6175,62.0628,-160.627,85.6175,62.0628,-160.627,0.208342
40,40,0A,0.682365,0.340901,0.476298,0.437384,85.6967,62.2394,-160.578,85.6967,62.2394,-160.578,0.21638
48,48,0A,0.682776,0.340913,0.476406,0.436615,85.6921,62.2081,-160.585,85.6921,62.2081,-160.585,0.217247
56,56,0A,0.683228,0.34092,0.476854,0.435412,85.6361,62.1074,-160.604,85.6361,62.1074,-160.604,0.215997
64,64,0A,0.683282,0.34137,0.476945,0.434874,85.672,62.2297,-160.583,85.672,62.2297,-160.583,0.214183
72,72,0A,0.683495,0.341498,0.477472,0.43386,85.6659,62.1984,-160.614,85.6659,62.1984,-160.614,0.214537
80,80,0A,0.685724,0.33894,0.480137,0.429385,85.2478,61.3692,-160.82,85.2478,61.3692,-160.82,0.223769
88,88,0A,0.683634,0.343016,0.479658,0.430016,85.586,62.2313,-160.534,85.586,62.2313,-160.534,0.219659
96,96,0A,0.683012,0.345777,0.482021,0.426133,85.548,62.3481,-160.359,85.548,62.3481,-160.359,0.236944
104,104,0A,0.682493,0.349228,0.487099,0.418303,85.4677,62.3746,-160.17,85.4677,62.3746,-160.17,0.240193
112,112,0A,0.681154,0.354005,0.493975,0.408287,85.3978,62.4502,-159.824,85.3978,62.4502,-159.824,0.236319
120,120,0A,0.678672,0.359401,0.502189,0.397544,85.2499,62.5075,-159.509,85.2499,62.5075,-159.509,0.238966
128,128,0A,0.673943,0.366437,0.510473,0.388513,85.1537,62.7416,-158.96,85.1537,62.7416,-158.96,0.275373
136,136,0A,0.668191,0.373695,0.52131,0.376975,85.0216,62.7212,-158.441,85.0216,62.7212,-158.441,0.28013
144,144,0A,0.661605,0.379965,0.533334,0.365322,84.8885,62.7346,-157.633,84.8885,62.7346,-157.633,0.280067
152,152,0A,0.655103,0.383577,0.546867,0.353052,84.7015,62.6175,-157.119,84.7015,62.6175,-157.119,0.282346
160,160,0A,0.64817,0.38557,0.560464,0.342186,84.5546,62.5929,-156.536,84.5546,62.5929,-156.536,0.273521
168,168,0A,0.64136,0.385672,0.573697,0.332846,84.4305,62.4111,-155.968,84.4305,62.4111,-155.968,0.26792
176,176,0A,0.634741,0.384461,0.585609,0.326122,84.2898,62.0903,-155.572,84.2898,62.0903,-155.572,0.26609
184,184,0A,0.627973,0.382716,0.595199,0.323908,84.145,61.799,-155.187,84.145,61.799,-155.187,0.273589
192,192,0A,0.621516,0.379799,0.602795,0.325744,84.0257,61.6005,-154.869,84.0257,61.6005,-154.869,0.272216
200,200,0A,0.615133,0.377415,0.6067,0.333295,83.9712,61.3504,-154.757,83.9712,61.3504,-154.757,0.296282
208,208,0A,0.609855,0.373988,0.60812,0.344095,83.9168,61.1045,-154.72,83.9168,61.1045,-154.72,0.303129
216,216,0A,0.606865,0.368385,0.607154,0.356892,83.908,60.8101,-154.8,83.908,60.8101,-154.8,0.326663
224,224,0A,0.606438,0.360199,0.60371,0.371517,83.9215,60.5134,-155.37,83.9215,60.5134,-155.37,0.338701
232,232,0A,0.607408,0.35131,0.597159,0.388636,84.006,60.2596,-155.834,84.006,60.2596,-155.834,0.344188
240,240,0A,0.608784,0.342933,0.587124,0.408735,84.2035,60.2539,-156.322,84.2035,60.2539,-156.322,0.346824
248,248,0A,0.612426,0.333109,0.575904,0.426975,84.3925,60.0881,-157.005,84.3925,60.0881,-157.005,0.337113
256,256,0A,0.61912,0.321412,0.563217,0.442913,84.6702,60.016,-157.797,84.6702,60.016,-157.797,0.286909
264,264,0A,0.626702,0.310911,0.548217,0.458298,84.971,60.1472,-158.584,84.971,60.1472,-158.584,0.253694
272,272,0A,0.635934,0.301286,0.532674,0.470184,85.3035,60.3113,-159.377,85.3035,60.3113,-159.377,0.207694
280,280,0A,0.645997,0.29287,0.517344,0.478822,85.5274,60.1292,-160.149,85.5274,60.1292,-160.149,0.194336
288,288,0A,0.656032,0.286529,0.50255,0.484734,85.7108,60.1823,-160.889,85.7108,60.1823,-160.889,0.179339
296,296,0A,0.666315,0.282246,0.489389,0.486682,85.939,60.3083,-161.414,85.939,60.3083,-161.414,0.174332
304,304,0A,0.677303,0.280183,0.478888,0.483141,86.0793,60.5469,-161.835,86.0793,60.5469,-161.835,0.159038
312,312,0A,0.687782,0.281249,0.470649,0.475756,86.1676,60.7732,-162.129,86.1676,60.7732,-162.129,0.160511
320,320,0A,0.699342,0.283758,0.466426,0.461356,86.2326,61.1848,-162.287,86.2326,61.1848,-162.287,0.155662
328,328,0A,0.711645,0.286228,0.46797,0.438907,86.1986,61.3102,-162.321,86.1986,61.3102,-162.321,0.156874
336,336,0A,0.721846,0.290612,0.472684,0.413586,86.1136,61.5768,-162.186,86.1136,61.5768,-162.186,0.144396
344,344,0A,0.727536,0.298292,0.478679,0.390613,86.1794,62.1264,-161.783,86.1794,62.1264,-161.783,0.184697
352,352,0A,0.730417,0.306847,0.487785,0.366608,85.9433,62.3274,-161.393,85.9433,62.3274,-161.393,0.177
360,360,0A,0.729605,0.316345,0.497704,0.346255,85.7719,62.5667,-160.998,85.7719,62.5667,-160.998,0.192889
368,368,0A,0.727795,0.323849,0.511209,0.322647,85.6565,62.7878,-160.359,85.6565,62.7878,-160.359,0.193178
376,376,0A,0.723917,0.33037,0.52704,0.298377,85.4364,62.8144,-159.792,85.4364,62.8144,-159.792,0.174572
384,384,0A,0.717248,0.337068,0.542579,0.278475,85.3144,63.0573,-159.061,85.3144,63.0573,-159.061,0.193986
392,392,0A,0.70911,0.343,0.559402,0.258038,85.1358,62.9655,-158.269,85.1358,62.9655,-158.269,0.188785
400,400,0A,0.699155,0.348818,0.575585,0.241269,84.9135,62.9332,-157.458,84.9135,62.9332,-157.458,0.170733
408,408,0A,0.687668,0.355445,0.589064,0.231895,84.7715,62.8891,-156.675,84.7715,62.8891,-156.675,0.168332
416,416,0A,0.675855,0.361321,0.600531,0.2281,84.627,62.7626,-155.995,84.627,62.7626,-155.995,0.163924
424,424,0A,0.664912,0.364528,0.610501,0.228689,84.4762,62.6076,-155.43,84.4762,62.6076,-155.43,0.169126
432,432,0A,0.654727,0.365878,0.618578,0.234152,84.3438,62.4006,-155.008,84.3438,62.4006,-155.008,0.190063
440,440,0A,0.645413,0.366713,0.623832,0.244535,84.2409,62.2113,-154.568,84.2409,62.2113,-154.568,0.211471
448,448,0A,0.637284,0.367468,0.625353,0.260325,84.1201,61.9128,-154.413,84.1201,61.9128,-154.413,0.232221
456,456,0A,0.629139,0.370382,0.621602,0.283923,84.03,61.7063,-154.427,84.03,61.7063,-154.427,0.258926
464,464,0A,0.620227,0.376248,0.612156,0.314676,83.9786,61.5055,-154.438,83.9786,61.5055,-154.438,0.291331
472,472,0A,0.609992,0.385679,0.595055,0.353655,84.0175,61.3831,-154.955,84.0175,61.3831,-154.955,0.306041
480,480,0A,0.598949,0.395168,0.574241,0.394145,84.1227,61.3436,-155.397,84.1227,61.3436,-155.397,0.346064
488,488,0A,0.588112,0.403247,0.552865,0.431111,84.1811,61.193,-155.848,84.1811,61.193,-155.848,0.342348
496,496,0A,0.572427,0.415772,0.525602,0.472444,84.2454,60.9534,-156.33,84.2454,60.9534,-156.33,0.34155
504,504,0A,0.55179,0.430194,0.493772,0.516381,84.3214,61.2507,-156.991,84.3214,61.2507,-156.991,0.326745
512,512,0A,0.530496,0.443432,0.463078,0.554527,84.3895,61.2086,-157.416,84.3895,61.2086,-157.416,0.353865
520,520,0A,0.508024,0.457469,0.431756,0.588405,84.3582,61.0433,-157.673,84.3582,61.0433,-157.673,0.312632
528,528,0A,0.481219,0.473918,0.396225,0.621961,84.3328,61.2035,-158.014,84.3328,61.2035,-158.014,0.293509
536,536,0A,0.457631,0.488122,0.365027,0.647353,84.2224,61.1352,-158.254,84.2224,61.1352,-158.254,0.276613
544,544,0A,0.440048,0.499324,0.34057,0.664113,84.3838,61.532,-158.176,84.3838,61.532,-158.176,0.314646
552,552,0A,0.425379,0.510657,0.319022,0.675653,84.2247,61.1054,-158.141,84.2247,61.1054,-158.141,0.237156
560,560,0A,0.405068,0.525077,0.289238,0.69033,84.2384,61.6021,-158.086,84.2384,61.6021,-158.086,0.255835
568,568,0A,0.39771,0.534432,0.274849,0.693302,84.2707,61.6662,-157.883,84.2707,61.6662,-157.883,0.242614
576,576,0A,0.409157,0.536495,0.284596,0.681006,84.3137,62.165,-157.686,84.3137,62.165,-157.686,0.27781
584,584,0A,0.44026,0.529047,0.319576,0.651269,84.4133,62.1844,-157.274,84.4133,62.1844,-157.274,0.277875
592,592,0A,0.477689,0.515962,0.363477,0.611131,84.2642,61.8673,-157.265,84.2642,61.8673,-157.265,0.257257
600,600,0A,0.51347,0.498833,0.408931,0.565941,84.4094,62.1924,-156.924,84.4094,62.1924,-156.924,0.298714
608,608,0A,0.547526,0.477432,0.456298,0.513874,84.6186,62.5808,-156.201,84.6186,62.5808,-156.201,0.365642
616,616,0A,0.577882,0.452439,0.501043,0.458593,84.5505,62.5185,-155.841,84.5505,62.5185,-155.841,0.340171
624,624,0A,0.600492,0.428405,0.536138,0.410407,84.4139,62.1608,-155.761,84.4139,62.1608,-155.761,0.287636
632,632,0A,0.614636,0.409163,0.560392,0.375193,84.3265,62.0348,-155.672,84.3265,62.0348,-155.672,0.281804
640,640,0A,0.6248,0.391376,0.580614,0.345452,84.245,62.0494,-155.69,84.245,62.0494,-155.69,0.266971
648,648,0A,0.632284,0.37582,0.596637,0.320938,84.1108,61.6206,-155.466,84.1108,61.6206,-155.466,0.254912
656,656,0A,0.639777,0.357645,0.61327,0.294406,84.0565,61.6149,-155.609,84.0565,61.6149,-155.609,0.249056
664,664,0A,0.653031,0.323152,0.641055,0.241188,83.9699,61.1324,-154.906,83.9699,61.1324,-154.906,0.255138
672,672,0A,0.661338,0.293737,0.660541,0.200089,83.8521,60.9398,-154.85,83.8521,60.9398,-154.85,0.217395
680,680,0A,0.662682,0.28806,0.662335,0.197954,83.8753,60.9392,-155.115,83.8753,60.9392,-155.115,0.222861
688,688,0A,0.661712,0.290932,0.658106,0.210697,83.921,61.1287,-155.149,83.921,61.1287,-155.149,0.231726
696,696,0A,0.662208,0.289754,0.655624,0.218357,83.8828,60.914,-155.25,83.8828,60.914,-155.25,0.240747
704,704,0A,0.662695,0.289098,0.651703,0.229216,83.8888,60.773,-155.524,83.8888,60.773,-155.524,0.261851
712,712,0A,0.663461,0.289422,0.645442,0.243843,83.9357,60.7033,-155.675,83.9357,60.7033,-155.675,0.272911
720,720,0A,0.663296,0.293413,0.634634,0.26681,84.0426,60.7116,-155.924,84.0426,60.7116,-155.924,0.29687
728,728,0A,0.663256,0.29804,0.619882,0.294976,84.1908,60.7504,-156.354,84.1908,60.7504,-156.354,0.300612
736,736,0A,0.65916,0.308852,0.59763,0.336091,84.3912,60.9904,-157.044,84.3912,60.9904,-157.044,0.299089
744,744,0A,0.644608,0.331002,0.564961,0.394636,84.664,61.2433,-157.588,84.664,61.2433,-157.588,0.303901
752,752,0A,0.618786,0.35939,0.522541,0.463567,84.9134,61.1513,-158.103,84.9134,61.1513,-158.103,0.305015
760,760,0A,0.57598,0.393492,0.46406,0.545948,85.0811,61.2922,-158.75,85.0811,61.2922,-158.75,0.276862
768,768,0A,0.504918,0.433412,0.379878,0.642577,84.8385,60.8691,-159.688,84.8385,60.8691,-159.688,0.181534
776,776,0A,0.414257,0.466957,0.279366,0.729587,84.7423,61.7554,-160.394,84.7423,61.7554,-160.394,0.201536
784,784,0A,0.349308,0.480476,0.209664,0.776639,84.7422,61.7622,-160.601,84.7422,61.7622,-160.601,0.168566
792,792,0A,0.324692,0.482493,0.181198,0.79306,84.8505,61.7591,-160.621,84.8505,61.7591,-160.621,0.137223
800,800,0A,0.322776,0.482812,0.175585,0.794908,84.9287,61.7525,-160.646,84.9287,61.7525,-160.646,0.132134
808,808,0A,0.328908,0.485424,0.177467,0.790373,84.951,61.8434,-160.554,84.951,61.8434,-160.554,0.138641
816,816,0A,0.338584,0.48957,0.18313,0.782397,84.9684,61.974,-160.33,84.9684,61.974,-160.33,0.139452
824,824,0A,0.352914,0.494473,0.193903,0.770292,84.782,61.9421,-160.136,84.782,61.9421,-160.136,0.160783
832,832,0A,0.377386,0.498181,0.21643,0.750036,84.7759,62.1984,-159.901,84.7759,62.1984,-159.901,0.179566
840,840,0A,0.419111,0.497225,0.25918,0.7141,84.8079,62.2962,-159.514,84.8079,62.2962,-159.514,0.216208
848,848,0A,0.474181,0.485287,0.321352,0.660592,84.7323,62.1639,-159.054,84.7323,62.1639,-159.054,0.22439
856,856,0A,0.535185,0.460312,0.396197,0.587127,84.7921,62.5735,-158.661,84.7921,62.5735,-158.661,0.307429
864,864,0A,0.588854,0.426446,0.472672,0.497972,85.0387,62.8698,-157.494,85.0387,62.8698,-157.494,0.415038
872,872,0A,0.627231,0.389915,0.536596,0.408182,84.8286,62.1423,-156.38,84.8286,62.1423,-156.38,0.381435
880,880,0A,0.644486,0.365092,0.571947,0.352453,84.3261,61.5414,-156.668,84.3261,61.5414,-156.668,0.259091
888,888,0A,0.650522,0.352091,0.588571,0.326248,84.3394,61.9351,-156.445,84.3394,61.9351,-156.445,0.297179
896,896,0A,0.659906,0.331172,0.608909,0.289965,84.3018,61.835,-155.968,84.3018,61.835,-155.968,0.295246
904,904,0A,0.669185,0.308047,0.626659,0.254157,84.1639,61.2046,-155.98,84.1639,61.2046,-155.98,0.243275
912,912,0A,0.672203,0.298368,0.631833,0.244759,84.1328,61.1713,-156.139,84.1328,61.1713,-156.139,0.258681
920,920,0A,0.675049,0.291302,0.633963,0.23988,84.0804,61.0598,-156.308,84.0804,61.0598,-156.308,0.255049
928,928,0A,0.675999,0.290132,0.631922,0.243973,84.1001,61.113,-156.288,84.1001,61.113,-156.288,0.257446
936,936,0A,0.67548,0.293419,0.626576,0.255018,84.1363,61.0978,-156.539,84.1363,61.0978,-156.539,0.258668
944,944,0A,0.675245,0.29633,0.620707,0.266376,84.2247,61.1984,-156.699,84.2247,61.1984,-156.699,0.25439
952,952,0A,0.676136,0.296893,0.617057,0.271909,84.2768,61.2055,-156.84,84.2768,61.2055,-156.84,0.27484
960,960,0A,0.67756,0.296423,0.615204,0.273073,84.2988,61.2485,-156.828,84.2988,61.2485,-156.828,0.279315
968,968,0A,0.678503,0.296979,0.613247,0.274528,84.3575,61.3649,-156.908,84.3575,61.3649,-156.908,0.272003
976,976,0A,0.67842,0.298892,0.610944,0.27777,84.3395,61.3334,-156.991,84.3395,61.3334,-156.991,0.269336
984,984,0A,0.67795,0.301018,0.608506,0.281946,84.3951,61.3999,-157.04,84.3951,61.3999,-157.04,0.268626
992,992,0A,0.678108,0.301291,0.607442,0.283563,84.3978,61.3917,-157.093,84.3978,61.3917,-157.093,0.270615
1000,1000,0A,0.678375,0.301089,0.606596,0.284944,84.407,61.384,-157.119,84.407,61.384,-157.119,0.269765
1008,1008,0A,0.678094,0.301526,0.60516,0.288188,84.415,61.3348,-157.158,84.415,61.3348,-157.158,0.262283
1016,1016,0A,0.677077,0.303328,0.602777,0.29363,84.4206,61.365,-157.196,84.4206,61.365,-157.196,0.268783
1024,1024,0A,0.676315,0.304537,0.601361,0.297021,84.4344,61.3889,-157.275,84.4344,61.3889,-157.275,0.283854
1032,1032,0A,0.675798,0.30536,0.601095,0.297887,84.4567,61.4601,-157.174,84.4567,61.4601,-157.174,0.277131
1040,1040,0A,0.675684,0.305509,0.602055,0.296048,84.4389,61.4006,-157.135,84.4389,61.4006,-157.135,0.267922
1048,1048,0A,0.675313,0.305981,0.602958,0.294568,84.4138,61.3612,-157.102,84.4138,61.3612,-157.102,0.268223
1056,1056,0A,0.674504,0.307357,0.603296,0.294297,84.4164,61.3848,-157.06,84.4164,61.3848,-157.06,0.280734
1064,1064,0A,0.673557,0.308937,0.603353,0.294693,84.414,61.4907,-156.97,84.414,61.4907,-156.97,0.280387
1072,1072,0A,0.672624,0.310809,0.602483,0.296631,84.3986,61.4355,-156.942,84.3986,61.4355,-156.942,0.283183
1080,1080,0A,0.671902,0.312453,0.60069,0.300155,84.4113,61.4388,-157.004,84.4113,61.4388,-157.004,0.276213
1088,1088,0A,0.670901,0.315181,0.597092,0.306651,84.4306,61.3602,-157.007,84.4306,61.3602,-157.007,0.294417
1096,1096,0A,0.669125,0.319969,0.590488,0.318144,84.4089,61.2471,-157.227,84.4089,61.2471,-157.227,0.302914
1104,1104,0A,0.667041,0.325418,0.581542,0.333119,84.579,61.5758,-157.287,84.579,61.5758,-157.287,0.302195
1112,1112,0A,0.667309,0.328127,0.574656,0.341763,84.6113,61.6063,-157.642,84.6113,61.6063,-157.642,0.279722
1120,1120,0A,0.668468,0.330346,0.568324,0.347893,84.699,61.7122,-157.751,84.699,61.7122,-157.751,0.289167
1128,1128,0A,0.671298,0.33078,0.563881,0.349259,84.7207,61.7504,-157.981,84.7207,61.7504,-157.981,0.287276
1136,1136,0A,0.67409,0.331023,0.560562,0.348993,84.7227,61.8132,-158.181,84.7227,61.8132,-158.181,0.267824
1144,1144,0A,0.676867,0.331285,0.55831,0.346975,84.8093,61.833,-158.226,84.8093,61.833,-158.226,0.270802
1152,1152,0A,0.679318,0.332402,0.556398,0.344176,84.8665,61.9991,-158.224,84.8665,61.9991,-158.224,0.273569
1160,1160,0A,0.681466,0.334563,0.554956,0.340141,84.8737,62.1652,-158.171,84.8737,62.1652,-158.171,0.285323
1168,1168,0A,0.684353,0.336173,0.555428,0.331887,84.8424,62.2179,-158.22,84.8424,62.2179,-158.22,0.262741
1176,1176,0A,0.686753,0.338374,0.555592,0.324332,84.9084,62.3502,-158.174,84.9084,62.3502,-158.174,0.25562
1184,1184,0A,0.68847,0.341359,0.554861,0.318767,84.957,62.5075,-158.166,84.957,62.5075,-158.166,0.257101
1192,1192,0A,0.690414,0.343568,0.554147,0.313388,84.9588,62.6188,-158.209,84.9588,62.6188,-158.209,0.251595
1200,1200,0A,0.692632,0.344837,0.554096,0.307123,84.9687,62.6322,-158.209,84.9687,62.6322,-158.209,0.239494
1208,1208,0A,0.694276,0.346389,0.553968,0.301851,85.0193,62.7727,-158.127,85.0193,62.7727,-158.127,0.232814
1216,1216,0A,0.695965,0.347281,0.554561,0.295788,85.0222,62.7769,-158.171,85.0222,62.7769,-158.171,0.219411
1224,1224,0A,0.697522,0.347737,0.555087,0.290553,85.0281,62.7785,-158.11,85.0281,62.7785,-158.11,0.206232
1232,1232,0A,0.698819,0.34786,0.555186,0.287079,85.0129,62.7672,-158.233,85.0129,62.7672,-158.233,0.197732
1240,1240,0A,0.699873,0.347939,0.554112,0.286489,85.0662,62.8942,-158.244,85.0662,62.8942,-158.244,0.205226
1248,1248,0A,0.701505,0.346882,0.553225,0.285491,85.0959,62.8379,-158.294,85.0959,62.8379,-158.294,0.199165
1256,1256,0A,0.702602,0.34592,0.55118,0.287908,85.1137,62.8407,-158.405,85.1137,62.8407,-158.405,0.209838
1264,1264,0A,0.703539,0.344792,0.5482,0.292623,85.1103,62.7628,-158.503,85.1103,62.7628,-158.503,0.208788
1272,1272,0A,0.703614,0.344251,0.54323,0.302193,85.197,62.9223,-158.582,85.197,62.9223,-158.582,0.220997
1280,1280,0A,0.704444,0.341992,0.538162,0.311741,85.239,62.8032,-158.794,85.239,62.8032,-158.794,0.218068
1288,1288,0A,0.705222,0.338981,0.531609,0.324264,85.3151,62.8453,-159.126,85.3151,62.8453,-159.126,0.242521
1296,1296,0A,0.706906,0.333925,0.526232,0.334453,85.3047,62.5319,-159.497,85.3047,62.5319,-159.497,0.236446
1304,1304,0A,0.705465,0.331748,0.51987,0.349283,85.4069,62.5843,-159.693,85.4069,62.5843,-159.693,0.248184
1312,1312,0A,0.703141,0.329403,0.51647,0.361033,85.4414,62.4585,-159.84,85.4414,62.4585,-159.84,0.241148
1320,1320,0A,0.699728,0.327671,0.51476,0.37153,85.4303,62.3303,-159.869,85.4303,62.3303,-159.869,0.23974
1328,1328,0A,0.696119,0.325485,0.515568,0.379034,85.3319,62.0481,-159.899,85.3319,62.0481,-159.899,0.253374
1336,1336,0A,0.692796,0.322725,0.518251,0.383795,85.3135,61.8967,-159.899,85.3135,61.8967,-159.899,0.246014
1344,1344,0A,0.688627,0.320589,0.520695,0.389733,85.3169,61.9665,-159.735,85.3169,61.9665,-159.735,0.251279
1352,1352,0A,0.684447,0.318138,0.524023,0.394614,85.3135,61.8163,-159.639,85.3135,61.8163,-159.639,0.257128
1360,1360,0A,0.680547,0.314953,0.528465,0.397977,85.2411,61.4894,-159.577,85.2411,61.4894,-159.577,0.245665
1368,1368,0A,0.675831,0.312797,0.532438,0.402394,85.198,61.3258,-159.475,85.198,61.3258,-159.475,0.263056
1376,1376,0A,0.671605,0.310582,0.536969,0.405155,85.1597,61.2744,-159.267,85.1597,61.2744,-159.267,0.248503
1384,1384,0A,0.667533,0.30817,0.541941,0.407101,85.1622,61.2501,-159.131,85.1622,61.2501,-159.131,0.241058
1392,1392,0A,0.663089,0.306309,0.547577,0.408226,85.021,60.9031,-159,85.021,60.9031,-159,0.254623
1400,1400,0A,0.658333,0.304749,0.553186,0.409526,84.9228,60.6527,-158.869,84.9228,60.6527,-158.869,0.273391
1408,1408,0A,0.654508,0.302433,0.559358,0.408988,84.8956,60.5601,-158.556,84.8956,60.5601,-158.556,0.256003
1416,1416,0A,0.650104,0.301412,0.564799,0.409291,84.8752,60.3819,-158.35,84.8752,60.3819,-158.35,0.269749
1424,1424,0A,0.646158,0.300664,0.569873,0.409055,84.8126,60.2882,-158.184,84.8126,60.2882,-158.184,0.284521
1432,1432,0A,0.643529,0.299693,0.57488,0.4069,84.73,60.1495,-158.038,84.73,60.1495,-158.038,0.285766
1440,1440,0A,0.641294,0.299704,0.578499,0.405288,84.7196,60.2867,-157.814,84.7196,60.2867,-157.814,0.281563
1448,1448,0A,0.640071,0.299709,0.581605,0.402763,84.6739,60.1552,-157.725,84.6739,60.1552,-157.725,0.285188
1456,1456,0A,0.639819,0.29901,0.584103,0.400062,84.6455,60.1705,-157.628,84.6455,60.1705,-157.628,0.267359
1464,1464,0A,0.639618,0.299016,0.585163,0.398827,84.6396,60.0941,-157.597,84.6396,60.0941,-157.597,0.274813
1472,1472,0A,0.639348,0.29958,0.584877,0.399256,84.6357,60.1126,-157.681,84.6357,60.1126,-157.681,0.292939
1480,1480,0A,0.640216,0.299129,0.584679,0.398491,84.6239,60.0598,-157.688,84.6239,60.0598,-157.688,0.28212
1488,1488,0A,0.640936,0.299348,0.582996,0.399633,84.6547,60.1137,-157.735,84.6547,60.1137,-157.735,0.296443
1496,1496,0A,0.642743,0.298677,0.580975,0.400176,84.6901,60.1861,-157.731,84.6901,60.1861,-157.731,0.295734
1504,1504,0A,0.645145,0.29806,0.578313,0.400626,84.6908,60.1886,-157.888,84.6908,60.1886,-157.888,0.284811
1512,1512,0A,0.648104,0.297339,0.57469,0.4016,84.779,60.2322,-158.092,84.779,60.2322,-158.092,0.265887
1520,1520,0A,0.651136,0.297446,0.569796,0.403585,84.8355,60.2876,-158.3,84.8355,60.2876,-158.3,0.264553
1528,1528,0A,0.654194,0.298113,0.563885,0.406439,84.8762,60.3661,-158.55,84.8762,60.3661,-158.55,0.270245
1536,1536,0A,0.657704,0.298844,0.557627,0.408864,84.9718,60.5745,-158.767,84.9718,60.5745,-158.767,0.271669
1544,1544,0A,0.662494,0.298665,0.552009,0.408884,85.0642,60.6804,-158.947,85.0642,60.6804,-158.947,0.261153
1552,1552,0A,0.667444,0.298842,0.545835,0.408995,85.1348,60.8295,-159.217,85.1348,60.8295,-159.217,0.251669
1560,1560,0A,0.672736,0.298513,0.539945,0.408381,85.1946,60.8233,-159.474,85.1946,60.8233,-159.474,0.247323
1568,1568,0A,0.677697,0.298846,0.533159,0.408853,85.3066,61.0462,-159.673,85.3066,61.0462,-159.673,0.241238
1576,1576,0A,0.682731,0.299183,0.526202,0.409242,85.4358,61.333,-159.937,85.4358,61.333,-159.937,0.225862
1584,1584,0A,0.68782,0.299072,0.520033,0.408687,85.5163,61.3364,-160.204,85.5163,61.3364,-160.204,0.225301
1592,1592,0A,0.692646,0.299144,0.514751,0.407168,85.5651,61.2961,-160.443,85.5651,61.2961,-160.443,0.226968
1600,1600,0A,0.696268,0.300638,0.509394,0.406627,85.6591,61.5226,-160.532,85.6591,61.5226,-160.532,0.232735
1608,1608,0A,0.699469,0.302707,0.505867,0.403993,85.8042,61.9008,-160.517,85.8042,61.9008,-160.517,0.242376
1616,1616,0A,0.704025,0.303543,0.507569,0.393172,85.6831,61.896,-160.655,85.6831,61.896,-160.655,0.217392
1624,1624,0A,0.706868,0.306498,0.51062,0.381659,85.6202,61.8919,-160.522,85.6202,61.8919,-160.522,0.226146
1632,1632,0A,0.708463,0.310365,0.514324,0.370439,85.5183,61.9809,-160.348,85.5183,61.9809,-160.348,0.230652
1640,1640,0A,0.70805,0.315383,0.51766,0.362253,85.5067,62.2583,-160.104,85.5067,62.2583,-160.104,0.232699
1648,1648,0A,0.707081,0.31974,0.522278,0.353594,85.4778,62.3565,-159.819,85.4778,62.3565,-159.819,0.244964
1656,1656,0A,0.705703,0.323407,0.528307,0.343923,85.3951,62.368,-159.531,85.3951,62.368,-159.531,0.244044
1664,1664,0A,0.703545,0.327177,0.534535,0.335042,85.2819,62.4815,-159.253,85.2819,62.4815,-159.253,0.244312
1672,1672,0A,0.701483,0.329763,0.541125,0.326131,85.1776,62.3971,-158.99,85.1776,62.3971,-158.99,0.244217
1680,1680,0A,0.698466,0.332886,0.546417,0.320564,85.1416,62.574,-158.675,85.1416,62.574,-158.675,0.250761
1688,1688,0A,0.695915,0.33442,0.55167,0.315479,85.0715,62.5706,-158.4,85.0715,62.5706,-158.4,0.250106
1696,1696,0A,0.693548,0.335107,0.556175,0.312032,84.9613,62.3655,-158.359,84.9613,62.3655,-158.359,0.249661
1704,1704,0A,0.691034,0.335758,0.559232,0.311446,84.94,62.3616,-158.136,84.94,62.3616,-158.136,0.254558
1712,1712,0A,0.688991,0.335644,0.561793,0.311487,84.9177,62.3618,-158.038,84.9177,62.3618,-158.038,0.257322
1720,1720,0A,0.687536,0.33482,0.563536,0.312437,84.8749,62.2293,-157.944,84.8749,62.2293,-157.944,0.256041
1728,1728,0A,0.686001,0.334433,0.564184,0.315047,84.8378,62.2301,-157.956,84.8378,62.2301,-157.956,0.277326
1736,1736,0A,0.685045,0.333521,0.565273,0.316139,84.8499,62.2787,-157.962,84.8499,62.2787,-157.962,0.261322
1744,1744,0A,0.684425,0.332804,0.566051,0.316845,84.8289,62.1156,-157.874,84.8289,62.1156,-157.874,0.268751
1752,1752,0A,0.683862,0.332562,0.566859,0.316871,84.8267,62.1883,-157.896,84.8267,62.1883,-157.896,0.258293
1760,1760,0A,0.683441,0.332717,0.567312,0.316805,84.76,62.1062,-157.864,84.76,62.1062,-157.864,0.266435
1768,1768,0A,0.683343,0.332989,0.567516,0.316365,84.7851,62.122,-157.889,84.7851,62.122,-157.889,0.265502
1776,1776,0A,0.683244,0.333225,0.567757,0.315896,84.7765,62.1732,-157.866,84.7765,62.1732,-157.866,0.258752
1784,1784,0A,0.683184,0.33346,0.567924,0.315477,84.7636,62.1837,-157.852,84.7636,62.1837,-157.852,0.260245
1792,1792,0A,0.683242,0.333508,0.567883,0.315374,84.7718,62.1257,-157.842,84.7718,62.1257,-157.842,0.26747
1800,1800,0A,0.683294,0.333455,0.567515,0.31598,84.7871,62.1599,-157.845,84.7871,62.1599,-157.845,0.265513
1808,1808,0A,0.68347,0.333227,0.566909,0.316926,84.7591,62.1264,-157.842,84.7591,62.1264,-157.842,0.258534
1816,1816,0A,0.682686,0.334827,0.565196,0.319976,84.4251,61.1108,-158.382,84.4251,61.1108,-158.382,0.288564
1824,1824,0A,0.684018,0.333098,0.564128,0.320819,84.8475,62.2457,-158.043,84.8475,62.2457,-158.043,0.259404
1832,1832,0A,0.683962,0.333364,0.563051,0.322549,84.835,62.1704,-158.031,84.835,62.1704,-158.031,0.272177
1840,1840,0A,0.683963,0.333302,0.562892,0.32289,84.8596,62.2601,-158.043,84.8596,62.2601,-158.043,0.264113
1848,1848,0A,0.684155,0.333006,0.563229,0.322198,84.889,62.1883,-157.977,84.889,62.1883,-157.977,0.26233
1856,1856,0A,0.684288,0.332499,0.564077,0.320954,84.8743,62.1856,-158.054,84.8743,62.1856,-158.054,0.247737
1864,1864,0A,0.683781,0.332783,0.564166,0.321584,84.8146,62.1225,-158.009,84.8146,62.1225,-158.009,0.268649
1872,1872,0A,0.683456,0.332808,0.564271,0.322064,84.8376,62.2227,-157.927,84.8376,62.2227,-157.927,0.270656
1880,1880,0A,0.683155,0.332879,0.564434,0.322343,84.8671,62.1994,-157.951,84.8671,62.1994,-157.951,0.267042
1888,1888,0A,0.683484,0.33253,0.564613,0.321693,84.4862,61.1875,-158.466,84.4862,61.1875,-158.466,0.298569
1896,1896,0A,0.683552,0.332905,0.564005,0.322226,84.8535,62.2051,-157.998,84.8535,62.2051,-157.998,0.263259
1904,1904,0A,0.683513,0.33272,0.564281,0.322017,84.8438,62.1922,-158.004,84.8438,62.1922,-158.004,0.259156
