32,32,0A,0.570097,0.35615,0.658345,0.338718,-11.7813,-9.14788,-210.212,-11.7813,-9.14788,-210.212,0.0780745
40,40,0A,0.570203,0.356771,0.657163,0.340177,-11.8255,-9.4747,-210.458,-11.8255,-9.4747,-210.458,0.0741585
48,48,0A,0.570545,0.356623,0.657546,0.339016,-11.7483,-10.133,-210.672,-11.7483,-10.133,-210.672,0.0863112
56,56,0A,0.57015,0.357311,0.658446,0.337206,-11.7982,-10.8106,-210.937,-11.7982,-10.8106,-210.937,0.0843075
64,64,0A,0.569287,0.358689,0.658965,0.336186,-11.9818,-11.4194,-211.093,-11.9818,-11.4194,-211.093,0.0814957
72,72,0A,0.570362,0.358137,0.659438,0.334016,-11.7745,-12.3644,-210.806,-11.7745,-12.3644,-210.806,0.0808152
80,80,0A,0.570602,0.358396,0.659769,0.332673,-11.7689,-13.1256,-210.743,-11.7689,-13.1256,-210.743,0.080523
88,88,0A,0.57064,0.358837,0.660007,0.331659,-11.8106,-13.7918,-210.729,-11.8106,-13.7918,-210.729,0.081739
96,96,0A,0.571051,0.359126,0.65989,0.330869,-11.7934,-14.4653,-210.741,-11.7934,-14.4653,-210.741,0.0732137
104,104,0A,0.570957,0.358887,0.659822,0.331424,-11.7692,-14.918,-210.744,-11.7692,-14.918,-210.744,0.0794977
112,112,0A,0.570033,0.358031,0.660455,0.33268,-11.8284,-15.1463,-210.813,-11.8284,-15.1463,-210.813,0.0876703
120,120,0A,0.56934,0.356828,0.661123,0.333831,-11.8106,-15.382,-210.765,-11.8106,-15.382,-210.765,0.0845582
128,128,0A,0.568566,0.356414,0.661301,0.335236,-11.8617,-15.4538,-210.789,-11.8617,-15.4538,-210.789,0.0754123
136,136,0A,0.568262,0.355462,0.66172,0.335933,-11.8371,-15.5189,-210.815,-11.8371,-15.5189,-210.815,0.0798832
144,144,0A,0.568025,0.354459,0.662363,0.336129,-11.817,-15.5968,-210.848,-11.817,-15.5968,-210.848,0.0788142
152,152,0A,0.56775,0.353983,0.662625,0.336577,-11.8134,-15.6054,-210.898,-11.8134,-15.6054,-210.898,0.074745
160,160,0A,0.567793,0.354361,0.66303,0.335309,-11.8204,-15.9049,-211.111,-11.8204,-15.9049,-211.111,0.0845301
168,168,0A,0.568247,0.354495,0.663105,0.334245,-11.8086,-16.0602,-211.215,-11.8086,-16.0602,-211.215,0.0762522
176,176,0A,0.568489,0.355261,0.662588,0.334046,-11.9254,-16.1347,-211.54,-11.9254,-16.1347,-211.54,0.0915099
184,184,0A,0.569491,0.354684,0.662298,0.333528,-11.853,-16.2652,-211.502,-11.853,-16.2652,-211.502,0.0734284
192,192,0A,0.569888,0.354793,0.661951,0.333423,-11.8265,-16.3828,-211.706,-11.8265,-16.3828,-211.706,0.0854972
200,200,0A,0.569685,0.355252,0.662131,0.332922,-11.879,-16.497,-211.921,-11.879,-16.497,-211.921,0.0863704
208,208,0A,0.569726,0.354857,0.662364,0.332811,-11.8499,-16.6539,-211.895,-11.8499,-16.6539,-211.895,0.0821367
216,216,0A,0.569477,0.354748,0.662435,0.33321,-11.8885,-16.7473,-211.991,-11.8885,-16.7473,-211.991,0.0837466
224,224,0A,0.569489,0.354432,0.662605,0.33319,-11.8413,-16.9168,-212.076,-11.8413,-16.9168,-212.076,0.0837866
232,232,0A,0.569302,0.354587,0.662929,0.3327,-11.8724,-17.1304,-212.209,-11.8724,-17.1304,-212.209,0.0851121
240,240,0A,0.569124,0.354674,0.663157,0.332457,-11.8813,-17.2652,-212.228,-11.8813,-17.2652,-212.228,0.0832676
248,248,0A,0.569019,0.354433,0.66328,0.332649,-11.859,-17.3249,-212.257,-11.859,-17.3249,-212.257,0.0856524
256,256,0A,0.568812,0.354185,0.663489,0.332849,-11.8491,-17.3262,-212.238,-11.8491,-17.3262,-212.238,0.0805626
264,264,0A,0.568605,0.353673,0.663888,0.332952,-11.8648,-17.3505,-212.262,-11.8648,-17.3505,-212.262,0.0811505
272,272,0A,0.568354,0.353838,0.664095,0.332791,-11.9521,-17.3743,-212.405,-11.9521,-17.3743,-212.405,0.0926499
280,280,0A,0.568648,0.353521,0.664232,0.332353,-11.8787,-17.5293,-212.381,-11.8787,-17.5293,-212.381,0.081935
288,288,0A,0.568441,0.353376,0.664559,0.332207,-11.8937,-17.5509,-212.37,-11.8937,-17.5509,-212.37,0.0814613
296,296,0A,0.567947,0.353299,0.665284,0.331682,-11.8876,-17.5958,-212.339,-11.8876,-17.5958,-212.339,0.0833791
304,304,0A,0.5674,0.353284,0.665923,0.331354,-11.8815,-17.5997,-212.291,-11.8815,-17.5997,-212.291,0.0867287
312,312,0A,0.566956,0.353272,0.666283,0.3314,-11.8536,-17.5845,-212.321,-11.8536,-17.5845,-212.321,0.0801187
320,320,0A,0.566676,0.352996,0.666645,0.331447,-11.8714,-17.5904,-212.293,-11.8714,-17.5904,-212.293,0.0886069
328,328,0A,0.566625,0.35331,0.666576,0.331337,-11.9523,-17.7358,-212.245,-11.9523,-17.7358,-212.245,0.0818733
336,336,0A,0.568056,0.354164,0.665494,0.33015,-11.9589,-18.0111,-212.282,-11.9589,-18.0111,-212.282,0.0829342
344,344,0A,0.568102,0.354622,0.665398,0.329771,-12.0091,-18.1141,-212.288,-12.0091,-18.1141,-212.288,0.0846165
352,352,0A,0.567684,0.35486,0.665692,0.329642,-12.0377,-18.0849,-212.287,-12.0377,-18.0849,-212.287,0.0832509
360,360,0A,0.567943,0.354306,0.666046,0.329077,-12.0379,-18.2298,-212.067,-12.0379,-18.2298,-212.067,0.0750884
368,368,0A,0.568889,0.354833,0.665385,0.328209,-12.1899,-18.4345,-211.781,-12.1899,-18.4345,-211.781,0.0753032
376,376,0A,0.569058,0.355064,0.665361,0.327715,-12.1426,-18.619,-211.579,-12.1426,-18.619,-211.579,0.083132
384,384,0A,0.568781,0.354894,0.665578,0.327939,-11.9319,-18.7994,-211.532,-11.9319,-18.7994,-211.532,0.0802658
392,392,0A,0.568768,0.354672,0.665563,0.328234,-11.912,-18.9797,-211.532,-11.912,-18.9797,-211.532,0.0820454
400,400,0A,0.568145,0.354793,0.665727,0.328848,-12.0204,-19.0323,-211.552,-12.0204,-19.0323,-211.552,0.0874595
408,408,0A,0.568498,0.354665,0.665924,0.327975,-11.992,-19.3494,-211.366,-11.992,-19.3494,-211.366,0.0849684
416,416,0A,0.567631,0.354667,0.66661,0.328084,-11.9563,-19.4023,-211.371,-11.9563,-19.4023,-211.371,0.0834291
424,424,0A,0.566828,0.354114,0.667665,0.327923,-11.954,-19.4785,-211.327,-11.954,-19.4785,-211.327,0.0827913
432,432,0A,0.566437,0.353647,0.668204,0.328005,-11.9478,-19.5414,-211.27,-11.9478,-19.5414,-211.27,0.0842314
440,440,0A,0.566347,0.353643,0.668062,0.328453,-11.9466,-19.6281,-211.355,-11.9466,-19.6281,-211.355,0.0852155
448,448,0A,0.566564,0.353528,0.667817,0.328702,-11.9437,-19.8103,-211.407,-11.9437,-19.8103,-211.407,0.084332
456,456,0A,0.566555,0.353815,0.667862,0.328315,-11.9875,-20.1498,-211.379,-11.9875,-20.1498,-211.379,0.0771342
464,464,0A,0.566916,0.353536,0.668538,0.326613,-11.9574,-20.5462,-211.19,-11.9574,-20.5462,-211.19,0.0830002
472,472,0A,0.565754,0.354051,0.669352,0.326402,-12.0139,-20.7318,-211.155,-12.0139,-20.7318,-211.155,0.0823816
480,480,0A,0.565768,0.354116,0.669588,0.325822,-11.9549,-21.2147,-210.844,-11.9549,-21.2147,-210.844,0.0892563
488,488,0A,0.566831,0.354246,0.66921,0.324607,-11.889,-21.6783,-210.71,-11.889,-21.6783,-210.71,0.0934577
496,496,0A,0.566711,0.354282,0.669719,0.323727,-12.0103,-21.9539,-210.4,-12.0103,-21.9539,-210.4,0.0907972
504,504,0A,0.565992,0.353894,0.670615,0.323556,-11.9339,-22.1571,-210.184,-11.9339,-22.1571,-210.184,0.0803844
512,512,0A,0.565464,0.35391,0.670767,0.324144,-11.8984,-22.366,-210.028,-11.8984,-22.366,-210.028,0.0847835
520,520,0A,0.566271,0.354643,0.669893,0.323741,-11.9843,-22.6804,-209.747,-11.9843,-22.6804,-209.747,0.0858057
528,528,0A,0.566975,0.354806,0.669628,0.32288,-11.9981,-22.9464,-209.554,-11.9981,-22.9464,-209.554,0.0955833
536,536,0A,0.566499,0.354381,0.670527,0.322315,-11.9513,-23.174,-209.383,-11.9513,-23.174,-209.383,0.0878891
544,544,0A,0.565952,0.354182,0.671064,0.322378,-11.9107,-23.4081,-209.158,-11.9107,-23.4081,-209.158,0.0779467
552,552,0A,0.56666,0.354441,0.670512,0.321995,-11.9959,-23.6729,-208.889,-11.9959,-23.6729,-208.889,0.0794932
560,560,0A,0.567131,0.354225,0.670583,0.321257,-11.9503,-24.0998,-208.443,-11.9503,-24.0998,-208.443,0.0861615
568,568,0A,0.566331,0.353979,0.671452,0.321125,-11.969,-24.4577,-208.278,-11.969,-24.4577,-208.278,0.0794258
576,576,0A,0.567406,0.353511,0.671325,0.320006,-11.9076,-24.9641,-207.979,-11.9076,-24.9641,-207.979,0.0930128
584,584,0A,0.567766,0.353862,0.670906,0.319857,-12.0083,-25.1758,-207.742,-12.0083,-25.1758,-207.742,0.0841125
592,592,0A,0.567129,0.353669,0.67144,0.320081,-12.0103,-25.5591,-207.393,-12.0103,-25.5591,-207.393,0.0711081
600,600,0A,0.567714,0.353238,0.67151,0.319372,-11.912,-26.036,-207.066,-11.912,-26.036,-207.066,0.0783395
608,608,0A,0.567703,0.352748,0.671716,0.319501,-11.8799,-26.3703,-206.951,-11.8799,-26.3703,-206.951,0.0852863
616,616,0A,0.567363,0.353048,0.671383,0.320471,-11.9886,-26.6011,-206.909,-11.9886,-26.6011,-206.909,0.076971
624,624,0A,0.569339,0.352711,0.670893,0.318358,-11.9642,-27.2146,-206.263,-11.9642,-27.2146,-206.263,0.0875122
632,632,0A,0.568861,0.35305,0.671549,0.317449,-11.9273,-27.6159,-205.883,-11.9273,-27.6159,-205.883,0.0784418
640,640,0A,0.568233,0.353398,0.671906,0.317433,-11.861,-27.9721,-205.652,-11.861,-27.9721,-205.652,0.0787618
648,648,0A,0.568527,0.352999,0.671948,0.317263,-11.8332,-28.4034,-205.288,-11.8332,-28.4034,-205.288,0.0904188
656,656,0A,0.568904,0.353142,0.671255,0.317895,-11.9368,-28.6019,-204.904,-11.9368,-28.6019,-204.904,0.0858231
664,664,0A,0.569739,0.352921,0.671075,0.317023,-11.9712,-28.9383,-204.249,-11.9712,-28.9383,-204.249,0.0888851
672,672,0A,0.569566,0.352891,0.671833,0.315758,-11.9165,-29.2575,-203.911,-11.9165,-29.2575,-203.911,0.0811399
680,680,0A,0.568633,0.352972,0.672986,0.314893,-11.8899,-29.5096,-203.627,-11.8899,-29.5096,-203.627,0.0794114
688,688,0A,0.567895,0.352846,0.674032,0.314129,-11.9009,-29.6588,-203.435,-11.9009,-29.6588,-203.435,0.0866451
696,696,0A,0.568016,0.353082,0.673695,0.314367,-11.9914,-29.6497,-203.318,-11.9914,-29.6497,-203.318,0.0773091
704,704,0A,0.568813,0.352659,0.67337,0.314098,-11.9518,-29.8492,-203.03,-11.9518,-29.8492,-203.03,0.0840459
712,712,0A,0.568713,0.352812,0.673345,0.31416,-11.906,-29.8965,-202.987,-11.906,-29.8965,-202.987,0.086604
720,720,0A,0.568235,0.353123,0.673794,0.313711,-11.9195,-29.9136,-202.917,-11.9195,-29.9136,-202.917,0.0831285
728,728,0A,0.567808,0.353017,0.674308,0.313499,-11.9978,-29.8864,-202.841,-11.9978,-29.8864,-202.841,0.0798662
736,736,0A,0.568641,0.352439,0.674483,0.31226,-12.025,-30.0491,-202.582,-12.025,-30.0491,-202.582,0.0828294
744,744,0A,0.568421,0.35212,0.674775,0.312391,-11.9933,-30.145,-202.529,-11.9933,-30.145,-202.529,0.0783322
752,752,0A,0.568131,0.351942,0.674961,0.312719,-11.9792,-30.1927,-202.553,-11.9792,-30.1927,-202.553,0.078322
760,760,0A,0.568541,0.350912,0.675014,0.313016,-11.8247,-30.3984,-202.321,-11.8247,-30.3984,-202.321,0.0963749
768,768,0A,0.569745,0.351963,0.6738,0.31226,-12.0889,-30.4522,-202.004,-12.0889,-30.4522,-202.004,0.0913582
776,776,0A,0.569702,0.351965,0.674372,0.3111,-11.9897,-30.6175,-201.531,-11.9897,-30.6175,-201.531,0.0829266
784,784,0A,0.569386,0.352082,0.675102,0.309959,-11.8862,-30.8706,-201.201,-11.8862,-30.8706,-201.201,0.0814556
792,792,0A,0.56876,0.352526,0.675637,0.30944,-11.9345,-30.9898,-201.022,-11.9345,-30.9898,-201.022,0.0772818
800,800,0A,0.569189,0.352081,0.676203,0.307917,-11.9814,-31.1954,-200.652,-11.9814,-31.1954,-200.652,0.0904666
808,808,0A,0.570808,0.352547,0.674772,0.307526,-11.9811,-31.3867,-200.277,-11.9811,-31.3867,-200.277,0.0731425
816,816,0A,0.570902,0.352164,0.67494,0.30742,-11.9083,-31.6774,-199.924,-11.9083,-31.6774,-199.924,0.0888765
824,824,0A,0.569767,0.352193,0.675997,0.307172,-11.9311,-31.8387,-199.802,-11.9311,-31.8387,-199.802,0.0872917
832,832,0A,0.570381,0.35096,0.676041,0.307345,-11.7646,-31.9882,-199.134,-11.7646,-31.9882,-199.134,0.0789199
840,840,0A,0.570895,0.351208,0.675079,0.308221,-11.9519,-31.9672,-198.795,-11.9519,-31.9672,-198.795,0.0690227
848,848,0A,0.571654,0.350793,0.675285,0.306831,-11.9699,-32.1992,-198.115,-11.9699,-32.1992,-198.115,0.0743981
856,856,0A,0.570677,0.351297,0.676524,0.305343,-11.9956,-32.2731,-197.711,-11.9956,-32.2731,-197.711,0.0822243
864,864,0A,0.569445,0.350928,0.678707,0.303215,-11.9095,-32.3871,-197.44,-11.9095,-32.3871,-197.44,0.0860104
872,872,0A,0.569,0.349994,0.679563,0.303214,-11.8437,-32.2259,-196.839,-11.8437,-32.2259,-196.839,0.0582572
880,880,0A,0.569737,0.35044,0.678384,0.303951,-12.0475,-32.0718,-196.439,-12.0475,-32.0718,-196.439,0.0799672
888,888,0A,0.570308,0.351299,0.677484,0.303897,-12.0992,-31.9524,-196.076,-12.0992,-31.9524,-196.076,0.0866551
896,896,0A,0.570173,0.351192,0.678328,0.302389,-11.9416,-32.0013,-195.853,-11.9416,-32.0013,-195.853,0.0812774
904,904,0A,0.569747,0.35097,0.679549,0.300705,-11.9155,-31.9435,-195.686,-11.9155,-31.9435,-195.686,0.082487
912,912,0A,0.569822,0.350399,0.679966,0.300282,-11.946,-31.905,-195.534,-11.946,-31.905,-195.534,0.0855437
920,920,0A,0.570214,0.351204,0.679061,0.300648,-12.0571,-31.8207,-195.483,-12.0571,-31.8207,-195.483,0.0900864
928,928,0A,0.570504,0.350746,0.679364,0.299945,-11.8729,-31.9863,-195.161,-11.8729,-31.9863,-195.161,0.0836261
936,936,0A,0.570642,0.350859,0.678719,0.301011,-11.9643,-31.8614,-194.97,-11.9643,-31.8614,-194.97,0.0813458
944,944,0A,0.571711,0.350673,0.678148,0.300484,-12.2009,-31.8251,-194.144,-12.2009,-31.8251,-194.144,0.0913936
952,952,0A,0.571494,0.349514,0.679485,0.299223,-11.9535,-31.982,-193.714,-11.9535,-31.982,-193.714,0.0790741
960,960,0A,0.570674,0.349747,0.680384,0.298474,-11.9253,-32.0657,-193.525,-11.9253,-32.0657,-193.525,0.0801729
968,968,0A,0.570196,0.349941,0.68072,0.298392,-11.9001,-32.109,-193.451,-11.9001,-32.109,-193.451,0.0834316
976,976,0A,0.570839,0.349377,0.680533,0.298249,-11.9035,-32.132,-193.272,-11.9035,-32.132,-193.272,0.0884596
984,984,0A,0.571875,0.350275,0.678551,0.299725,-12.1146,-31.8637,-193.182,-12.1146,-31.8637,-193.182,0.0863436
992,992,0A,0.572591,0.349881,0.678387,0.299191,-11.9458,-31.9351,-192.929,-11.9458,-31.9351,-192.929,0.0809377
1000,1000,0A,0.572042,0.350772,0.679043,0.297705,-11.9227,-31.9269,-192.844,-11.9227,-31.9269,-192.844,0.0765456
1008,1008,0A,0.571995,0.350477,0.679846,0.296307,-11.8869,-31.9201,-192.541,-11.8869,-31.9201,-192.541,0.0883192
1016,1016,0A,0.573093,0.34894,0.67867,0.298685,-11.8238,-31.5101,-191.891,-11.8238,-31.5101,-191.891,0.0579818
1024,1024,0A,0.573943,0.348309,0.677612,0.300189,-11.8558,-31.2905,-191.499,-11.8558,-31.2905,-191.499,0.0786776
1032,1032,0A,0.573731,0.348303,0.678342,0.298949,-11.8238,-31.361,-191.135,-11.8238,-31.361,-191.135,0.0807964
1040,1040,0A,0.573287,0.348558,0.678911,0.29821,-11.8012,-31.3586,-190.908,-11.8012,-31.3586,-190.908,0.0805442
1048,1048,0A,0.573453,0.347779,0.678783,0.299091,-11.7931,-31.297,-190.586,-11.7931,-31.297,-190.586,0.0684008
1056,1056,0A,0.573945,0.347363,0.67815,0.300064,-11.8621,-31.1907,-190.303,-11.8621,-31.1907,-190.303,0.0816265
1064,1064,0A,0.574055,0.347367,0.678158,0.299831,-11.8602,-31.2467,-190.078,-11.8602,-31.2467,-190.078,0.0793019
1072,1072,0A,0.573796,0.347349,0.678797,0.298898,-11.8275,-31.3171,-189.878,-11.8275,-31.3171,-189.878,0.0759715
1080,1080,0A,0.573998,0.346506,0.679188,0.298602,-11.7635,-31.3088,-189.552,-11.7635,-31.3088,-189.552,0.0800277
1088,1088,0A,0.574323,0.34626,0.678634,0.299522,-11.8873,-31.0927,-189.218,-11.8873,-31.0927,-189.218,0.076151
1096,1096,0A,0.574651,0.346026,0.678499,0.299471,-11.8712,-31.0485,-188.851,-11.8712,-31.0485,-188.851,0.079532
1104,1104,0A,0.574492,0.346227,0.67878,0.298905,-11.8238,-31.0764,-188.72,-11.8238,-31.0764,-188.72,0.0801886
1112,1112,0A,0.57448,0.346508,0.678656,0.298882,-11.815,-31.0373,-188.723,-11.815,-31.0373,-188.723,0.083618
1120,1120,0A,0.574502,0.346343,0.678361,0.299699,-11.8437,-30.9468,-188.667,-11.8437,-30.9468,-188.667,0.0788458
1128,1128,0A,0.574609,0.346406,0.677902,0.300461,-11.8846,-30.8633,-188.621,-11.8846,-30.8633,-188.621,0.0790423
1136,1136,0A,0.574845,0.346684,0.677485,0.300631,-11.8483,-30.8589,-188.62,-11.8483,-30.8589,-188.62,0.0774814
1144,1144,0A,0.574818,0.346917,0.677542,0.300282,-11.8235,-30.8706,-188.569,-11.8235,-30.8706,-188.569,0.0770066
1152,1152,0A,0.574588,0.346546,0.678024,0.300063,-11.8047,-30.7962,-188.402,-11.8047,-30.7962,-188.402,0.0764702
1160,1160,0A,0.574374,0.346634,0.678035,0.300344,-11.8523,-30.6711,-188.239,-11.8523,-30.6711,-188.239,0.0753024
1168,1168,0A,0.57423,0.346774,0.678015,0.300505,-11.833,-30.6412,-188.152,-11.833,-30.6412,-188.152,0.0805305
1176,1176,0A,0.574412,0.346394,0.678018,0.30059,-11.7975,-30.6394,-188.043,-11.7975,-30.6394,-188.043,0.0758396
1184,1184,0A,0.574329,0.34609,0.677895,0.301376,-11.8417,-30.5253,-187.885,-11.8417,-30.5253,-187.885,0.0731394
1192,1192,0A,0.574175,0.346032,0.677849,0.301837,-11.8443,-30.4839,-187.7,-11.8443,-30.4839,-187.7,0.0800561
1200,1200,0A,0.574288,0.345608,0.67804,0.301679,-11.8348,-30.4803,-187.483,-11.8348,-30.4803,-187.483,0.0735568
1208,1208,0A,0.574334,0.345652,0.677782,0.302121,-11.8437,-30.3458,-187.321,-11.8437,-30.3458,-187.321,0.0759036
1216,1216,0A,0.574629,0.345216,0.677672,0.302305,-11.799,-30.2343,-187.128,-11.799,-30.2343,-187.128,0.075457
1224,1224,0A,0.57471,0.345457,0.67718,0.302977,-11.8318,-29.9768,-187.02,-11.8318,-29.9768,-187.02,0.0762062
1232,1232,0A,0.575118,0.345798,0.676595,0.303121,-11.8194,-29.8311,-186.9,-11.8194,-29.8311,-186.9,0.0771915
1240,1240,0A,0.575257,0.345956,0.676003,0.303996,-11.8142,-29.5086,-186.796,-11.8142,-29.5086,-186.796,0.0711923
1248,1248,0A,0.57519,0.345304,0.67572,0.30549,-11.7625,-29.088,-186.711,-11.7625,-29.088,-186.711,0.0765436
1256,1256,0A,0.574919,0.344874,0.675613,0.306721,-11.7765,-28.6905,-186.593,-11.7765,-28.6905,-186.593,0.0759632
1264,1264,0A,0.575074,0.345038,0.675319,0.306891,-11.7885,-28.4639,-186.425,-11.7885,-28.4639,-186.425,0.0739004
1272,1272,0A,0.575399,0.345521,0.675108,0.306203,-11.7716,-28.3929,-186.298,-11.7716,-28.3929,-186.298,0.0764269
1280,1280,0A,0.575782,0.345807,0.674866,0.305695,-11.7602,-28.3312,-186.292,-11.7602,-28.3312,-186.292,0.0778099
1288,1288,0A,0.575983,0.345487,0.674398,0.306709,-11.7759,-28.0911,-186.248,-11.7759,-28.0911,-186.248,0.0725366
1296,1296,0A,0.576142,0.345007,0.674114,0.307572,-11.7691,-27.9356,-186.225,-11.7691,-27.9356,-186.225,0.0766453
1304,1304,0A,0.576264,0.344899,0.674088,0.307522,-11.7599,-27.8862,-186.19,-11.7599,-27.8862,-186.19,0.0766161
1312,1312,0A,0.576251,0.344591,0.674315,0.307395,-11.7264,-27.8434,-186.123,-11.7264,-27.8434,-186.123,0.0743459
1320,1320,0A,0.575989,0.34414,0.67465,0.307657,-11.7725,-27.7403,-185.938,-11.7725,-27.7403,-185.938,0.0712906
1328,1328,0A,0.576123,0.343766,0.674649,0.307825,-11.7479,-27.6782,-185.644,-11.7479,-27.6782,-185.644,0.0755693
1336,1336,0A,0.576297,0.343453,0.674757,0.307612,-11.7316,-27.5899,-185.34,-11.7316,-27.5899,-185.34,0.0796065
1344,1344,0A,0.576559,0.343216,0.674663,0.307592,-11.7448,-27.4706,-185.013,-11.7448,-27.4706,-185.013,0.0736668
1352,1352,0A,0.576854,0.343301,0.674494,0.307314,-11.7543,-27.4234,-184.726,-11.7543,-27.4234,-184.726,0.0727345
1360,1360,0A,0.576958,0.343199,0.674667,0.306853,-11.7247,-27.4284,-184.515,-11.7247,-27.4284,-184.515,0.0739243
1368,1368,0A,0.577192,0.342901,0.674491,0.307133,-11.7341,-27.3561,-184.279,-11.7341,-27.3561,-184.279,0.0692834
1376,1376,0A,0.577403,0.342953,0.673912,0.307947,-11.7832,-27.2266,-184.045,-11.7832,-27.2266,-184.045,0.0737259
1384,1384,0A,0.577568,0.342989,0.673953,0.30751,-11.7712,-27.213,-183.832,-11.7712,-27.213,-183.832,0.0770254
1392,1392,0A,0.577706,0.342669,0.674357,0.306719,-11.7244,-27.2242,-183.616,-11.7244,-27.2242,-183.616,0.0751873
1400,1400,0A,0.577809,0.342693,0.674165,0.30692,-11.7737,-27.0563,-183.421,-11.7737,-27.0563,-183.421,0.07029
1408,1408,0A,0.578071,0.342486,0.674046,0.306921,-11.7703,-26.9156,-183.213,-11.7703,-26.9156,-183.213,0.0753434
1416,1416,0A,0.578033,0.342583,0.674,0.306984,-11.7591,-26.7297,-183.118,-11.7591,-26.7297,-183.118,0.072746
1424,1424,0A,0.578213,0.342718,0.673592,0.307389,-11.7727,-26.5167,-183.072,-11.7727,-26.5167,-183.072,0.0725039
1432,1432,0A,0.578552,0.342694,0.672926,0.308237,-11.7524,-26.2309,-183.066,-11.7524,-26.2309,-183.066,0.0732144
1440,1440,0A,0.578508,0.342537,0.672562,0.309285,-11.7557,-25.896,-183.004,-11.7557,-25.896,-183.004,0.0778216
1448,1448,0A,0.578209,0.342522,0.672337,0.31035,-11.7835,-25.4909,-182.892,-11.7835,-25.4909,-182.892,0.0762745
1456,1456,0A,0.578284,0.342212,0.672212,0.310822,-11.7407,-25.185,-182.774,-11.7407,-25.185,-182.774,0.0755632
1464,1464,0A,0.57816,0.34241,0.671831,0.311656,-11.7508,-24.8177,-182.724,-11.7508,-24.8177,-182.724,0.0737871
1472,1472,0A,0.578221,0.342259,0.671564,0.312286,-11.7702,-24.5264,-182.618,-11.7702,-24.5264,-182.618,0.0769877
1480,1480,0A,0.578247,0.342266,0.671231,0.312943,-11.7474,-24.2675,-182.545,-11.7474,-24.2675,-182.545,0.0753243
1488,1488,0A,0.578217,0.342017,0.671203,0.31333,-11.7549,-24.0747,-182.412,-11.7549,-24.0747,-182.412,0.0683178
1496,1496,0A,0.578245,0.342031,0.67111,0.313462,-11.7551,-23.9131,-182.335,-11.7551,-23.9131,-182.335,0.072771
1504,1504,0A,0.578338,0.342186,0.671011,0.313335,-11.734,-23.8114,-182.266,-11.734,-23.8114,-182.266,0.0781728
1512,1512,0A,0.578311,0.342426,0.670783,0.31361,-11.7303,-23.6756,-182.231,-11.7303,-23.6756,-182.231,0.0725358
1520,1520,0A,0.578278,0.342277,0.670833,0.313726,-11.7399,-23.5885,-182.136,-11.7399,-23.5885,-182.136,0.0751547
1528,1528,0A,0.578315,0.342051,0.670806,0.313963,-11.7072,-23.4892,-182.077,-11.7072,-23.4892,-182.077,0.0719829
1536,1536,0A,0.578411,0.341378,0.67096,0.314189,-11.712,-23.3922,-181.977,-11.712,-23.3922,-181.977,0.073488
1544,1544,0A,0.578256,0.341111,0.670974,0.314734,-11.7284,-23.2618,-181.868,-11.7284,-23.2618,-181.868,0.0742673
1552,1552,0A,0.578141,0.340302,0.671115,0.31552,-11.7269,-23.0972,-181.561,-11.7269,-23.0972,-181.561,0.0693095
1560,1560,0A,0.578117,0.339471,0.671142,0.316399,-11.7385,-22.9183,-181.254,-11.7385,-22.9183,-181.254,0.0710508
1568,1568,0A,0.577896,0.339108,0.671455,0.316529,-11.787,-22.8331,-180.971,-11.787,-22.8331,-180.971,0.0716108
1576,1576,0A,0.577691,0.338599,0.672152,0.315967,-11.7265,-22.8578,-180.796,-11.7265,-22.8578,-180.796,0.0709985
1584,1584,0A,0.577454,0.338608,0.672381,0.315905,-11.7325,-22.818,-180.768,-11.7325,-22.818,-180.768,0.0742128
1592,1592,0A,0.577549,0.338766,0.672087,0.316187,-11.7337,-22.768,-180.82,-11.7337,-22.768,-180.82,0.0730081
1600,1600,0A,0.577785,0.338435,0.671938,0.316425,-11.7291,-22.7289,-180.799,-11.7291,-22.7289,-180.799,0.0707572
1608,1608,0A,0.577787,0.338262,0.671624,0.317275,-11.7405,-22.5782,-180.807,-11.7405,-22.5782,-180.807,0.0727857
1616,1616,0A,0.577776,0.338164,0.671258,0.31817,-11.7425,-22.4214,-180.773,-11.7425,-22.4214,-180.773,0.0732054
1624,1624,0A,0.577555,0.338027,0.671292,0.318647,-11.7544,-22.2561,-180.706,-11.7544,-22.2561,-180.706,0.0731133
1632,1632,0A,0.57726,0.337934,0.671682,0.318459,-11.7671,-22.1399,-180.609,-11.7671,-22.1399,-180.609,0.0714325
1640,1640,0A,0.577283,0.337901,0.671763,0.318279,-11.744,-22.0418,-180.568,-11.744,-22.0418,-180.568,0.0724444
1648,1648,0A,0.577465,0.33807,0.671436,0.318462,-11.7303,-21.9456,-180.552,-11.7303,-21.9456,-180.552,0.0705238
1656,1656,0A,0.577529,0.337809,0.671328,0.318849,-11.7012,-21.7825,-180.511,-11.7012,-21.7825,-180.511,0.0714105
1664,1664,0A,0.57714,0.3375,0.671525,0.319466,-11.7462,-21.5347,-180.43,-11.7462,-21.5347,-180.43,0.0707037
1680,1680,0A,0.577328,0.337239,0.671173,0.32014,-11.7222,-21.246,-180.48,-11.7222,-21.246,-180.48,0.0739309
1688,1688,0A,0.577454,0.336993,0.671009,0.320513,-11.7276,-21.0867,-180.466,-11.7276,-21.0867,-180.466,0.072094
1696,1696,0A,0.577032,0.33626,0.671632,0.320741,-11.7139,-20.8904,-180.349,-11.7139,-20.8904,-180.349,0.0735635
1704,1704,0A,0.576576,0.336101,0.672137,0.320669,-11.7277,-20.7721,-180.314,-11.7277,-20.7721,-180.314,0.0748717
1712,1712,0A,0.576374,0.336547,0.671972,0.320908,-11.721,-20.7931,-180.271,-11.721,-20.7931,-180.271,0.0706145
1720,1720,0A,0.576393,0.336299,0.671989,0.321099,-11.7026,-20.8612,-180.254,-11.7026,-20.8612,-180.254,0.0732742
1728,1728,0A,0.575913,0.335982,0.672469,0.321288,-11.7036,-20.875,-180.265,-11.7036,-20.875,-180.265,0.0727201
1736,1736,0A,0.575589,0.335248,0.673115,0.321282,-11.7247,-20.9779,-180.262,-11.7247,-20.9779,-180.262,0.0740456
1744,1744,0A,0.575313,0.337087,0.671584,0.323051,-11.7337,-21.0812,-180.153,-11.7337,-21.0812,-180.153,0.0700105
1752,1752,0A,0.575259,0.337978,0.67048,0.324508,-11.7139,-21.24,-180.225,-11.7139,-21.24,-180.225,0.0686847
1760,1760,0A,0.575765,0.337926,0.670184,0.324274,-11.7384,-21.4632,-180.356,-11.7384,-21.4632,-180.356,0.0785256
1776,1776,0A,0.577503,0.337249,0.670882,0.320424,-11.7467,-23.2256,-180.974,-11.7467,-23.2256,-180.974,0.0719473
1784,1784,0A,0.577472,0.33774,0.670935,0.319851,-11.7411,-23.7104,-181.113,-11.7411,-23.7104,-181.113,0.0675021
1792,1792,0A,0.577346,0.338511,0.670642,0.319877,-11.7426,-24.0976,-181.432,-11.7426,-24.0976,-181.432,0.0738393
1800,1800,0A,0.577913,0.338866,0.670396,0.318993,-11.7082,-24.6511,-181.683,-11.7082,-24.6511,-181.683,0.0708199
1808,1808,0A,0.577829,0.340901,0.669523,0.318808,-11.7814,-25.1333,-182.248,-11.7814,-25.1333,-182.248,0.0755549
1816,1816,0A,0.578103,0.341756,0.669461,0.317525,-11.7438,-25.7207,-182.789,-11.7438,-25.7207,-182.789,0.0679115
1824,1824,0A,0.57802,0.342331,0.669589,0.316786,-11.715,-26.2407,-183.391,-11.715,-26.2407,-183.391,0.0706295
1832,1832,0A,0.577538,0.342868,0.669863,0.316503,-11.752,-26.6497,-183.843,-11.752,-26.6497,-183.843,0.07105
1840,1840,0A,0.57708,0.343063,0.670158,0.316504,-11.7573,-26.9832,-184.231,-11.7573,-26.9832,-184.231,0.0697502
1848,1848,0A,0.577098,0.342834,0.670497,0.316,-11.7631,-27.3994,-184.37,-11.7631,-27.3994,-184.37,0.0650169
1856,1856,0A,0.576927,0.343216,0.670478,0.315938,-11.7954,-27.7831,-184.617,-11.7954,-27.7831,-184.617,0.0792031
1864,1864,0A,0.576868,0.343424,0.670563,0.315639,-11.7918,-28.1515,-184.741,-11.7918,-28.1515,-184.741,0.0766855
1872,1872,0A,0.576857,0.344065,0.670152,0.315835,-11.7798,-28.4508,-184.961,-11.7798,-28.4508,-184.961,0.0692053
1880,1880,0A,0.577097,0.344209,0.66986,0.315858,-11.8097,-28.7885,-185.166,-11.8097,-28.7885,-185.166,0.072115
1888,1888,0A,0.577226,0.345179,0.669214,0.315935,-11.7967,-29.1015,-185.531,-11.7967,-29.1015,-185.531,0.0720466
1896,1896,0A,0.577124,0.3467,0.66844,0.316095,-11.789,-29.4407,-185.979,-11.789,-29.4407,-185.979,0.0736193
1904,1904,0A,0.577134,0.347543,0.667791,0.31652,-11.771,-29.8284,-186.385,-11.771,-29.8284,-186.385,0.0734661
1912,1912,0A,0.577269,0.346896,0.668163,0.316199,-11.7845,-30.1166,-186.664,-11.7845,-30.1166,-186.664,0.078112
1920,1920,0A,0.577235,0.346564,0.668487,0.315941,-11.7842,-30.3571,-186.752,-11.7842,-30.3571,-186.752,0.0698629
1928,1928,0A,0.576883,0.347599,0.668175,0.316106,-11.861,-30.4513,-187.1,-11.861,-30.4513,-187.1,0.0745687
1936,1936,0A,0.576965,0.347655,0.668369,0.315485,-11.784,-30.6939,-187.242,-11.784,-30.6939,-187.242,0.0783762
1944,1944,0A,0.57637,0.349001,0.668148,0.315554,-11.8822,-30.6338,-187.718,-11.8822,-30.6338,-187.718,0.0729868
1952,1952,0A,0.576279,0.349258,0.668534,0.314616,-11.871,-30.7769,-188.141,-11.871,-30.7769,-188.141,0.0793482
1960,1960,0A,0.576024,0.34978,0.668466,0.314648,-11.8755,-30.7028,-188.671,-11.8755,-30.7028,-188.671,0.0788181
1968,1968,0A,0.576173,0.350243,0.667809,0.315256,-11.8341,-30.6428,-189.08,-11.8341,-30.6428,-189.08,0.0845615
1976,1976,0A,0.576108,0.35077,0.667547,0.315343,-11.8648,-30.5529,-189.419,-11.8648,-30.5529,-189.419,0.0863062
1984,1984,0A,0.57622,0.350385,0.667826,0.314975,-11.8045,-30.6085,-189.7,-11.8045,-30.6085,-189.7,0.0828498
1992,1992,0A,0.576466,0.350702,0.667117,0.315674,-11.7517,-30.6051,-189.89,-11.7517,-30.6051,-189.89,0.0842832
2000,2000,0A,0.576616,0.350549,0.666965,0.315892,-11.7718,-30.6581,-189.917,-11.7718,-30.6581,-189.917,0.0816709
2008,2008,0A,0.576017,0.350727,0.667281,0.316119,-11.8214,-30.6391,-189.963,-11.8214,-30.6391,-189.963,0.0878401
2016,2016,0A,0.575298,0.350757,0.667953,0.315975,-11.845,-30.6084,-189.907,-11.845,-30.6084,-189.907,0.0961533
2024,2024,0A,0.575826,0.350516,0.667928,0.315334,-11.8703,-30.641,-189.534,-11.8703,-30.641,-189.534,0.0780096
2032,2032,0A,0.576594,0.348381,0.669815,0.312279,-11.8492,-30.6522,-189.382,-11.8492,-30.6522,-189.382,0.0740333
2040,2040,0A,0.576854,0.348357,0.66977,0.311922,-11.8224,-30.6338,-189.248,-11.8224,-30.6338,-189.248,0.0585902
2048,2048,0A,0.576446,0.34979,0.668775,0.313204,-11.8217,-30.2369,-188.572,-11.8217,-30.2369,-188.572,0.0890144
2056,2056,0A,0.577053,0.348418,0.668936,0.313272,-11.7558,-29.9798,-187.98,-11.7558,-29.9798,-187.98,0.0792619
2064,2064,0A,0.577509,0.347143,0.669055,0.313591,-11.8222,-29.5995,-187.418,-11.8222,-29.5995,-187.418,0.0823105
2072,2072,0A,0.578123,0.346412,0.668947,0.313501,-11.7815,-29.2402,-186.876,-11.7815,-29.2402,-186.876,0.0729325
2080,2080,0A,0.578307,0.345542,0.668942,0.314132,-11.7391,-28.8267,-186.282,-11.7391,-28.8267,-186.282,0.0795754
2088,2088,0A,0.578374,0.344479,0.669244,0.314533,-11.7984,-28.3033,-185.611,-11.7984,-28.3033,-185.611,0.0725047
2096,2096,0A,0.578685,0.34349,0.669787,0.313885,-11.7737,-27.8912,-185.03,-11.7737,-27.8912,-185.03,0.074082
2104,2104,0A,0.579207,0.342392,0.670283,0.313062,-11.7397,-27.5692,-184.523,-11.7397,-27.5692,-184.523,0.0729192
2112,2112,0A,0.579383,0.342044,0.669998,0.313727,-11.7645,-27.0824,-184.054,-11.7645,-27.0824,-184.054,0.0757783
2120,2120,0A,0.579971,0.341382,0.669563,0.31429,-11.7084,-26.6164,-183.597,-11.7084,-26.6164,-183.597,0.0731562
2128,2128,0A,0.580174,0.34043,0.669641,0.314781,-11.7891,-25.9989,-183.169,-11.7891,-25.9989,-183.169,0.0682657
2136,2136,0A,0.580399,0.339813,0.669646,0.315022,-11.7947,-25.499,-182.87,-11.7947,-25.499,-182.87,0.0719617
2144,2144,0A,0.580896,0.338985,0.669735,0.314808,-11.7144,-25.142,-182.507,-11.7144,-25.142,-182.507,0.0658086
2152,2152,0A,0.581313,0.338549,0.669309,0.315412,-11.6852,-24.6115,-182.245,-11.6852,-24.6115,-182.245,0.0686113
2160,2160,0A,0.581127,0.338331,0.668759,0.317151,-11.7078,-23.9792,-182.054,-11.7078,-23.9792,-182.054,0.0710817
2168,2168,0A,0.580866,0.338123,0.668335,0.318741,-11.7456,-23.3006,-182.034,-11.7456,-23.3006,-182.034,0.0831841
2176,2176,0A,0.581012,0.337716,0.668238,0.319112,-11.7283,-22.9079,-181.996,-11.7283,-22.9079,-181.996,0.0767731
2184,2184,0A,0.580942,0.337453,0.668166,0.319666,-11.7505,-22.4911,-182.045,-11.7505,-22.4911,-182.045,0.0746849
2192,2192,0A,0.580692,0.337254,0.668086,0.320497,-11.7444,-22.0187,-182.145,-11.7444,-22.0187,-182.145,0.0730772
2200,2200,0A,0.580445,0.337239,0.667948,0.321247,-11.7296,-21.6427,-182.249,-11.7296,-21.6427,-182.249,0.0725887
2208,2208,0A,0.580336,0.337978,0.667351,0.321907,-11.751,-21.2968,-182.329,-11.751,-21.2968,-182.329,0.0665174
2216,2216,0A,0.581061,0.338578,0.666643,0.321434,-11.7397,-21.0663,-182.323,-11.7397,-21.0663,-182.323,0.0725523
2224,2224,0A,0.581877,0.337348,0.667836,0.318763,-11.7505,-21.9335,-182.274,-11.7505,-21.9335,-182.274,0.0586306
2232,2232,0A,0.581666,0.338941,0.666793,0.319641,-11.7284,-21.6579,-182.312,-11.7284,-21.6579,-182.312,0.052245
2240,2240,0A,0.581548,0.33785,0.667451,0.319639,-11.7323,-21.73,-182.127,-11.7323,-21.73,-182.127,0.0728537
2248,2248,0A,0.581623,0.338184,0.667191,0.319692,-11.739,-21.4763,-182.168,-11.739,-21.4763,-182.168,0.0721438
2256,2256,0A,0.581651,0.338329,0.667033,0.319816,-11.7331,-21.2277,-182.209,-11.7331,-21.2277,-182.209,0.0715657
2264,2264,0A,0.581692,0.338543,0.666848,0.319901,-11.7351,-21.0217,-182.242,-11.7351,-21.0217,-182.242,0.0703426
2272,2272,0A,0.581632,0.338632,0.66675,0.320121,-11.7348,-20.8076,-182.278,-11.7348,-20.8076,-182.278,0.0719676
2280,2280,0A,0.581574,0.338714,0.666676,0.320293,-11.7386,-20.6069,-182.291,-11.7386,-20.6069,-182.291,0.072507
2288,2288,0A,0.581581,0.338743,0.666652,0.3203,-11.7365,-20.4461,-182.298,-11.7365,-20.4461,-182.298,0.0721929
2296,2296,0A,0.581568,0.338764,0.666604,0.320402,-11.7407,-20.2933,-182.304,-11.7407,-20.2933,-182.304,0.072961
2304,2304,0A,0.581436,0.338823,0.666532,0.320727,-11.7576,-20.1196,-182.328,-11.7576,-20.1196,-182.328,0.0740054
2312,2312,0A,0.581255,0.338853,0.666511,0.321067,-11.7769,-19.9393,-182.352,-11.7769,-19.9393,-182.352,0.0740989
2320,2320,0A,0.581089,0.338879,0.666498,0.321368,-11.7822,-19.7715,-182.365,-11.7822,-19.7715,-182.365,0.073926
2328,2328,0A,0.580998,0.338867,0.666507,0.321526,-11.7786,-19.6148,-182.368,-11.7786,-19.6148,-182.368,0.073819
2336,2336,0A,0.581068,0.338776,0.666415,0.321685,-11.7577,-19.4723,-182.319,-11.7577,-19.4723,-182.319,0.0765288
2344,2344,0A,0.581068,0.338695,0.66635,0.321906,-11.7401,-19.2916,-182.261,-11.7401,-19.2916,-182.261,0.0798388
2352,2352,0A,0.581287,0.337956,0.666295,0.322401,-11.7026,-18.3748,-181.54,-11.7026,-18.3748,-181.54,0.0734707
2360,2360,0A,0.581314,0.338222,0.666451,0.321751,-11.7308,-18.1764,-181.29,-11.7308,-18.1764,-181.29,0.0680042
2368,2368,0A,0.58139,0.33876,0.666419,0.321113,-11.6726,-18.0769,-181.206,-11.6726,-18.0769,-181.206,0.072653
2376,2376,0A,0.581439,0.339111,0.666212,0.321083,-11.6807,-17.8609,-181.246,-11.6807,-17.8609,-181.246,0.0767557
2384,2384,0A,0.581371,0.338798,0.666387,0.321173,-11.6898,-17.6974,-181.305,-11.6898,-17.6974,-181.305,0.0733488
2392,2392,0A,0.582021,0.339289,0.665758,0.320782,-11.6735,-17.6313,-181.289,-11.6735,-17.6313,-181.289,0.0751516
2400,2400,0A,0.582328,0.340056,0.665279,0.320407,-11.6978,-17.5494,-181.305,-11.6978,-17.5494,-181.305,0.0743071
2408,2408,0A,0.58308,0.337538,0.666758,0.318623,-11.6694,-17.9985,-181.183,-11.6694,-17.9985,-181.183,0.0943532
2416,2416,0A,0.583275,0.337591,0.666881,0.317949,-11.6892,-17.8654,-181.136,-11.6892,-17.8654,-181.136,0.0907704
2424,2424,0A,0.582189,0.339271,0.665927,0.320144,-11.6886,-17.7699,-181.227,-11.6886,-17.7699,-181.227,0.0738373
2432,2432,0A,0.582394,0.339622,0.66575,0.319769,-11.6937,-17.6661,-181.226,-11.6937,-17.6661,-181.226,0.07257
2440,2440,0A,0.582618,0.339897,0.665592,0.319396,-11.7078,-17.5627,-181.228,-11.7078,-17.5627,-181.228,0.0735419
2448,2448,0A,0.582932,0.340016,0.665413,0.319068,-11.7046,-17.4441,-181.225,-11.7046,-17.4441,-181.225,0.0722767
2456,2456,0A,0.583326,0.340271,0.665147,0.318633,-11.699,-17.3557,-181.209,-11.699,-17.3557,-181.209,0.0718761
2464,2464,0A,0.583505,0.340632,0.664916,0.318402,-11.7251,-17.2269,-181.233,-11.7251,-17.2269,-181.233,0.0724949
2472,2472,0A,0.583513,0.340836,0.664874,0.318256,-11.7655,-17.0691,-181.289,-11.7655,-17.0691,-181.289,0.0733024
2480,2480,0A,0.583563,0.34085,0.664831,0.318238,-11.7875,-16.8973,-181.313,-11.7875,-16.8973,-181.313,0.0730848
2488,2488,0A,0.583683,0.340763,0.664747,0.318285,-11.8038,-16.7099,-181.329,-11.8038,-16.7099,-181.329,0.0722437
2496,2496,0A,0.584484,0.338377,0.665614,0.317549,-11.8551,-16.0413,-181.657,-11.8551,-16.0413,-181.657,0.0440928
2504,2504,0A,0.584592,0.337857,0.665713,0.317696,-11.8679,-15.8145,-181.73,-11.8679,-15.8145,-181.73,0.040547
2512,2512,0A,0.584899,0.337743,0.665422,0.317866,-11.8718,-15.532,-181.796,-11.8718,-15.532,-181.796,0.0414574
2520,2520,0A,0.584666,0.337507,0.665484,0.318412,-11.8827,-15.2081,-181.829,-11.8827,-15.2081,-181.829,0.0486083
2528,2528,0A,0.584496,0.337931,0.665132,0.31901,-11.8815,-14.8756,-181.903,-11.8815,-14.8756,-181.903,0.0536274
2536,2536,0A,0.584258,0.33865,0.664619,0.31975,-11.8831,-14.5801,-181.935,-11.8831,-14.5801,-181.935,0.0542367
2544,2544,0A,0.583711,0.341682,0.662234,0.322462,-11.7533,-13.242,-182.123,-11.7533,-13.242,-182.123,0.0714844
2552,2552,0A,0.583865,0.341218,0.662572,0.321979,-11.8317,-14.1485,-181.826,-11.8317,-14.1485,-181.826,0.143976
2560,2560,0A,0.583408,0.341758,0.661993,0.323423,-11.799,-13.7545,-181.849,-11.799,-13.7545,-181.849,0.147927
2568,2568,0A,0.583597,0.34086,0.662162,0.323682,-11.7432,-11.978,-182.181,-11.7432,-11.978,-182.181,0.0693573
2576,2576,0A,0.584043,0.341881,0.661483,0.323189,-11.704,-11.709,-182.367,-11.704,-11.709,-182.367,0.0637008
2584,2584,0A,0.584208,0.341479,0.661729,0.322813,-11.7565,-12.7335,-182.049,-11.7565,-12.7335,-182.049,0.145681
2592,2592,0A,0.584242,0.341912,0.661251,0.323273,-11.7583,-12.3811,-182.14,-11.7583,-12.3811,-182.14,0.14722
2600,2600,0A,0.583522,0.342444,0.660971,0.324579,-11.7604,-12.0178,-182.224,-11.7604,-12.0178,-182.224,0.150545
2608,2608,0A,0.583883,0.341164,0.661329,0.324549,-11.7508,-10.4837,-182.882,-11.7508,-10.4837,-182.882,0.0692917
2616,2616,0A,0.58458,0.341555,0.660366,0.324844,-11.7337,-10.3895,-182.929,-11.7337,-10.3895,-182.929,0.0732003
2624,2624,0A,0.58591,0.339479,0.661614,0.322074,-11.7439,-11.0343,-182.775,-11.7439,-11.0343,-182.775,0.0317725
2632,2632,0A,0.585388,0.340407,0.661122,0.323051,-11.7582,-10.7825,-182.863,-11.7582,-10.7825,-182.863,0.0338044
2640,2640,0A,0.584959,0.339928,0.66154,0.323477,-11.761,-10.5604,-182.889,-11.761,-10.5604,-182.889,0.0371465
2648,2648,0A,0.584941,0.339621,0.66159,0.32373,-11.7665,-10.349,-182.96,-11.7665,-10.349,-182.96,0.0359844
2656,2656,0A,0.584762,0.341781,0.658835,0.327376,-11.6866,-9.81375,-183.073,-11.6866,-9.81375,-183.073,0.0714643
2664,2664,0A,0.585338,0.342749,0.657354,0.328311,-11.7215,-9.70855,-183.19,-11.7215,-9.70855,-183.19,0.065695
2672,2672,0A,0.585303,0.342452,0.65756,0.32827,-11.6962,-9.4853,-183.277,-11.6962,-9.4853,-183.277,0.06294
2680,2680,0A,0.58363,0.34203,0.658797,0.329207,-11.7479,-9.08609,-183.484,-11.7479,-9.08609,-183.484,0.0756079
2688,2688,0A,0.584481,0.340541,0.659993,0.326838,-11.7725,-9.46457,-183.4,-11.7725,-9.46457,-183.4,0.0273812
2696,2696,0A,0.584664,0.339966,0.65998,0.327137,-11.7649,-9.24072,-183.566,-11.7649,-9.24072,-183.566,0.0236428
2704,2704,0A,0.583105,0.340819,0.65914,0.330705,-11.7078,-8.46249,-184.147,-11.7078,-8.46249,-184.147,0.0734354
2712,2712,0A,0.584481,0.339007,0.66029,0.327832,-11.7467,-8.8433,-183.926,-11.7467,-8.8433,-183.926,0.0238521
2720,2720,0A,0.582406,0.340757,0.659244,0.331792,-11.7046,-7.77086,-184.785,-11.7046,-7.77086,-184.785,0.0670293
2728,2728,0A,0.582304,0.340538,0.659246,0.332193,-11.6662,-7.49888,-185.19,-11.6662,-7.49888,-185.19,0.067147
2736,2736,0A,0.583394,0.340665,0.657992,0.332635,-11.6591,-7.33607,-185.483,-11.6591,-7.33607,-185.483,0.0626786
2744,2744,0A,0.583633,0.34196,0.656521,0.333791,-11.7485,-6.9865,-185.991,-11.7485,-6.9865,-185.991,0.0723033
2752,2752,0A,0.582676,0.341265,0.657506,0.334235,-11.7297,-6.83688,-186.221,-11.7297,-6.83688,-186.221,0.0639047
2760,2760,0A,0.58202,0.342041,0.657063,0.335454,-11.7296,-6.35749,-186.651,-11.7296,-6.35749,-186.651,0.0688263
2768,2768,0A,0.582874,0.342068,0.656157,0.335717,-11.7006,-6.21816,-186.832,-11.7006,-6.21816,-186.832,0.0593749
2776,2776,0A,0.582674,0.342377,0.655559,0.336914,-11.6865,-5.96596,-187.228,-11.6865,-5.96596,-187.228,0.059218
2784,2784,0A,0.582493,0.34293,0.655278,0.337213,-11.7101,-5.83792,-187.596,-11.7101,-5.83792,-187.596,0.0586498
2792,2792,0A,0.582038,0.343762,0.654904,0.337875,-11.732,-5.52693,-188.003,-11.732,-5.52693,-188.003,0.057253
2800,2800,0A,0.582063,0.343404,0.654754,0.338487,-11.6743,-5.48898,-188.232,-11.6743,-5.48898,-188.232,0.0603296
2808,2808,0A,0.582699,0.343905,0.653166,0.339948,-11.7002,-5.338,-188.486,-11.7002,-5.338,-188.486,0.0698005
2816,2816,0A,0.583466,0.344156,0.651595,0.341392,-11.6651,-5.33477,-188.689,-11.6651,-5.33477,-188.689,0.0743702
2824,2824,0A,0.582837,0.344178,0.651658,0.342322,-11.7147,-5.30302,-188.968,-11.7147,-5.30302,-188.968,0.0782084
2832,2832,0A,0.581457,0.343729,0.652878,0.342796,-11.6857,-5.20638,-189.257,-11.6857,-5.20638,-189.257,0.0640838
2840,2840,0A,0.580618,0.343699,0.65343,0.343195,-11.692,-5.17126,-189.55,-11.692,-5.17126,-189.55,0.0672705
2848,2848,0A,0.580237,0.343926,0.653011,0.344407,-11.733,-5.04115,-190.137,-11.733,-5.04115,-190.137,0.0636828
2864,2864,0A,0.579069,0.345338,0.651872,0.347108,-11.7572,-4.57134,-191.373,-11.7572,-4.57134,-191.373,0.0808474
2872,2872,0A,0.578557,0.345012,0.652798,0.346545,-11.6997,-4.55361,-191.846,-11.6997,-4.55361,-191.846,0.0750935
2880,2880,0A,0.578428,0.345256,0.652684,0.346732,-11.7369,-4.40628,-192.268,-11.7369,-4.40628,-192.268,0.0675645
2888,2888,0A,0.578236,0.34615,0.651706,0.347998,-11.6819,-4.29045,-192.734,-11.6819,-4.29045,-192.734,0.0683683
2896,2896,0A,0.578132,0.347057,0.650492,0.349537,-11.6648,-4.12042,-193.235,-11.6648,-4.12042,-193.235,0.0653988
2904,2904,0A,0.577652,0.347024,0.650669,0.350033,-11.5407,-4.08387,-193.722,-11.5407,-4.08387,-193.722,0.0581915
2912,2912,0A,0.577065,0.347539,0.651183,0.349531,-11.5841,-4.0968,-194.116,-11.5841,-4.0968,-194.116,0.0601344
2920,2920,0A,0.577327,0.348041,0.650408,0.350044,-11.6393,-4.04833,-194.48,-11.6393,-4.04833,-194.48,0.0740941
2928,2928,0A,0.577763,0.348826,0.648986,0.351183,-11.6635,-3.96818,-194.693,-11.6635,-3.96818,-194.693,0.0710183
2936,2936,0A,0.577703,0.348824,0.648776,0.351668,-11.6485,-4.00273,-194.907,-11.6485,-4.00273,-194.907,0.0659943
2944,2944,0A,0.577325,0.348995,0.648621,0.352404,-11.7178,-3.96286,-195.039,-11.7178,-3.96286,-195.039,0.0730296
2952,2952,0A,0.576688,0.349292,0.648712,0.352987,-11.8184,-4.00872,-195.316,-11.8184,-4.00872,-195.316,0.0820666
2960,2960,0A,0.576497,0.349303,0.648445,0.353779,-11.7829,-4.03705,-195.403,-11.7829,-4.03705,-195.403,0.0714482
2968,2968,0A,0.576451,0.349511,0.647587,0.355215,-11.742,-3.95016,-195.608,-11.742,-3.95016,-195.608,0.0681927
2976,2976,0A,0.57566,0.349675,0.64783,0.355892,-11.7386,-3.97754,-195.848,-11.7386,-3.97754,-195.848,0.0785839
2984,2984,0A,0.574724,0.350468,0.647187,0.357791,-11.7111,-3.86082,-196.086,-11.7111,-3.86082,-196.086,0.0645012
2992,2992,0A,0.574694,0.350718,0.646513,0.35881,-11.7084,-3.85434,-196.384,-11.7084,-3.85434,-196.384,0.068074
3008,3008,0A,0.572993,0.351178,0.647646,0.359037,-11.7986,-3.62287,-196.974,-11.7986,-3.62287,-196.974,0.0720117
3016,3016,0A,0.573185,0.352031,0.646208,0.360484,-11.7977,-3.40685,-197.384,-11.7977,-3.40685,-197.384,0.069248
3024,3024,0A,0.572311,0.353493,0.646011,0.360797,-11.768,-3.29624,-198.139,-11.768,-3.29624,-198.139,0.0881035
3032,3032,0A,0.570504,0.353306,0.647434,0.361288,-11.6851,-3.10398,-198.877,-11.6851,-3.10398,-198.877,0.0718821
3040,3040,0A,0.569887,0.353732,0.646966,0.362683,-11.7597,-2.77206,-199.398,-11.7597,-2.77206,-199.398,0.0732843
3048,3048,0A,0.570115,0.353892,0.646645,0.362739,-11.8168,-2.7512,-199.848,-11.8168,-2.7512,-199.848,0.0799879
3056,3056,0A,0.570333,0.353602,0.646019,0.363793,-11.6944,-2.70978,-200.158,-11.6944,-2.70978,-200.158,0.0672782
3064,3064,0A,0.570151,0.354368,0.645929,0.363493,-11.8148,-2.84948,-200.48,-11.8148,-2.84948,-200.48,0.0855558
3072,3072,0A,0.568968,0.354659,0.646684,0.363719,-11.7915,-2.81815,-200.713,-11.7915,-2.81815,-200.713,0.0696222
3080,3080,0A,0.567749,0.355412,0.648017,0.362517,-11.9139,-2.88378,-200.977,-11.9139,-2.88378,-200.977,0.0766352
3088,3088,0A,0.566816,0.355824,0.649085,0.361658,-11.6882,-3.21182,-201.456,-11.6882,-3.21182,-201.456,0.0670873
3096,3096,0A,0.567006,0.357532,0.647927,0.361755,-11.7238,-3.3754,-202.007,-11.7238,-3.3754,-202.007,0.0706771
3104,3104,0A,0.567131,0.358115,0.647153,0.362366,-11.6413,-3.55885,-202.301,-11.6413,-3.55885,-202.301,0.073702
3112,3112,0A,0.566812,0.358587,0.646902,0.362847,-11.7146,-3.65188,-202.49,-11.7146,-3.65188,-202.49,0.0735474
3120,3120,0A,0.566499,0.359365,0.646741,0.362851,-11.7179,-3.79967,-202.73,-11.7179,-3.79967,-202.73,0.0753169
3128,3128,0A,0.565917,0.360505,0.646457,0.363135,-11.7063,-3.98068,-203.14,-11.7063,-3.98068,-203.14,0.0763602
3136,3136,0A,0.565734,0.361528,0.645445,0.364202,-11.6882,-3.98618,-203.628,-11.6882,-3.98618,-203.628,0.076717
3144,3144,0A,0.565566,0.3622,0.644945,0.364683,-11.7074,-4.00479,-204.153,-11.7074,-4.00479,-204.153,0.0762483
3152,3152,0A,0.56464,0.36294,0.645215,0.364904,-11.7504,-4.02142,-204.798,-11.7504,-4.02142,-204.798,0.0776443
3160,3160,0A,0.564086,0.363969,0.644985,0.365142,-11.7358,-4.12959,-205.444,-11.7358,-4.12959,-205.444,0.0689088
3168,3168,0A,0.563694,0.365204,0.644324,0.365679,-11.7271,-4.21488,-206.091,-11.7271,-4.21488,-206.091,0.0766846
3176,3176,0A,0.563442,0.365394,0.644484,0.365595,-11.743,-4.37967,-206.473,-11.743,-4.37967,-206.473,0.0800229
3184,3184,0A,0.562871,0.365781,0.644928,0.365305,-11.7959,-4.50738,-206.656,-11.7959,-4.50738,-206.656,0.0774767
3192,3192,0A,0.562404,0.366512,0.645318,0.364602,-11.8095,-4.80864,-206.785,-11.8095,-4.80864,-206.785,0.0813706
3200,3200,0A,0.561921,0.367727,0.645165,0.364394,-11.805,-5.10623,-207.103,-11.805,-5.10623,-207.103,0.0802601
3208,3208,0A,0.562218,0.368048,0.645131,0.363673,-11.7874,-5.56706,-207.381,-11.7874,-5.56706,-207.381,0.0776024
3216,3216,0A,0.562082,0.368708,0.645114,0.363245,-11.7876,-5.92736,-207.515,-11.7876,-5.92736,-207.515,0.076594
3224,3224,0A,0.562025,0.368874,0.645387,0.362679,-11.7461,-6.32013,-207.513,-11.7461,-6.32013,-207.513,0.0785539
3232,3232,0A,0.561796,0.369791,0.645127,0.362561,-11.7808,-6.69084,-207.755,-11.7808,-6.69084,-207.755,0.0721934
3240,3240,0A,0.562221,0.370862,0.644548,0.361837,-11.7138,-7.30073,-208.165,-11.7138,-7.30073,-208.165,0.0822236
3248,3248,0A,0.562175,0.371902,0.64394,0.361926,-11.7502,-7.68159,-208.539,-11.7502,-7.68159,-208.539,0.0789535
3256,3256,0A,0.561852,0.372826,0.64367,0.361956,-11.8461,-7.94393,-208.843,-11.8461,-7.94393,-208.843,0.0780236
3264,3264,0A,0.561442,0.373325,0.644372,0.360827,-11.823,-8.39964,-209.148,-11.823,-8.39964,-209.148,0.0789087
3272,3272,0A,0.561018,0.374132,0.64461,0.360225,-11.7534,-8.80247,-209.546,-11.7534,-8.80247,-209.546,0.0782635
3280,3280,0A,0.560987,0.374649,0.644304,0.360283,-11.7492,-9.09971,-209.743,-11.7492,-9.09971,-209.743,0.0791279
3288,3288,0A,0.560966,0.374703,0.644669,0.359607,-11.7656,-9.53094,-209.849,-11.7656,-9.53094,-209.849,0.0788822
3296,3296,0A,0.560356,0.374832,0.64557,0.358805,-11.843,-9.95857,-210.079,-11.843,-9.95857,-210.079,0.0798382
3304,3304,0A,0.560439,0.37496,0.646239,0.357336,-11.7866,-10.6137,-210.22,-11.7866,-10.6137,-210.22,0.0815293
3312,3312,0A,0.56026,0.375496,0.646622,0.35636,-11.8014,-11.2583,-210.321,-11.8014,-11.2583,-210.321,0.080262
3320,3320,0A,0.560173,0.376094,0.646711,0.355704,-11.7988,-11.8529,-210.376,-11.7988,-11.8529,-210.376,0.0770453
3328,3328,0A,0.560219,0.375775,0.647365,0.354776,-11.7845,-12.4602,-210.272,-11.7845,-12.4602,-210.272,0.0808739
3336,3336,0A,0.559771,0.376092,0.647648,0.354632,-11.7801,-12.848,-210.156,-11.7801,-12.848,-210.156,0.0794404
3344,3344,0A,0.560051,0.376284,0.647592,0.354088,-11.7371,-13.2429,-210.205,-11.7371,-13.2429,-210.205,0.081824
3352,3352,0A,0.560297,0.376708,0.647409,0.353582,-11.7727,-13.5673,-210.302,-11.7727,-13.5673,-210.302,0.0785441
3360,3360,0A,0.560666,0.377175,0.647412,0.352491,-11.7654,-14.0011,-210.524,-11.7654,-14.0011,-210.524,0.0791595
3368,3368,0A,0.560859,0.377436,0.647305,0.352102,-11.7608,-14.1846,-210.642,-11.7608,-14.1846,-210.642,0.0753999
3376,3376,0A,0.560871,0.377917,0.647122,0.351903,-11.8509,-14.1586,-210.79,-11.8509,-14.1586,-210.79,0.0814764
3384,3384,0A,0.560856,0.378114,0.647386,0.35123,-11.7662,-14.1602,-210.88,-11.7662,-14.1602,-210.88,0.0805053
3392,3392,0A,0.561127,0.378167,0.647477,0.350572,-11.7922,-14.2138,-210.945,-11.7922,-14.2138,-210.945,0.0780623
3400,3400,0A,0.561132,0.378843,0.647241,0.350268,-11.7866,-14.1307,-211.128,-11.7866,-14.1307,-211.128,0.0834541
3408,3408,0A,0.560792,0.379183,0.647577,0.349825,-11.8041,-13.9343,-211.314,-11.8041,-13.9343,-211.314,0.0868813
3416,3416,0A,0.560435,0.379735,0.647604,0.349748,-11.7859,-13.5558,-211.479,-11.7859,-13.5558,-211.479,0.0831599
3424,3424,0A,0.560537,0.379861,0.647459,0.349716,-11.7829,-13.0846,-211.528,-11.7829,-13.0846,-211.528,0.0842242
3432,3432,0A,0.560447,0.379249,0.6471,0.351184,-11.7593,-12.2401,-211.481,-11.7593,-12.2401,-211.481,0.0832838
3440,3440,0A,0.559989,0.377938,0.647354,0.352857,-11.8394,-11.2329,-211.323,-11.8394,-11.2329,-211.323,0.0847578
3448,3448,0A,0.559638,0.376802,0.647789,0.353829,-11.8018,-10.2269,-210.918,-11.8018,-10.2269,-210.918,0.0798537
3456,3456,0A,0.559537,0.375876,0.648498,0.353675,-11.8027,-9.34548,-210.302,-11.8027,-9.34548,-210.302,0.0774554
3464,3464,0A,0.559812,0.375562,0.648455,0.353653,-11.7688,-8.5262,-209.586,-11.7688,-8.5262,-209.586,0.0758784
3472,3472,0A,0.560492,0.375336,0.648016,0.35362,-11.7946,-7.87234,-208.813,-11.7946,-7.87234,-208.813,0.0768948
3480,3480,0A,0.560996,0.374974,0.647865,0.353481,-11.7717,-7.35357,-208.197,-11.7717,-7.35357,-208.197,0.0741564
3488,3488,0A,0.560871,0.374877,0.64818,0.353204,-11.7945,-6.99658,-207.934,-11.7945,-6.99658,-207.934,0.0756498
3496,3496,0A,0.560705,0.374938,0.648241,0.353292,-11.7618,-6.86948,-207.885,-11.7618,-6.86948,-207.885,0.0740341
3504,3504,0A,0.561235,0.374674,0.647777,0.353582,-11.7421,-6.85101,-207.961,-11.7421,-6.85101,-207.961,0.0754591
3512,3512,0A,0.560881,0.375458,0.647183,0.354399,-11.9143,-6.95419,-208.201,-11.9143,-6.95419,-208.201,0.0773752
3520,3520,0A,0.561175,0.375597,0.647172,0.353807,-11.759,-7.49365,-208.512,-11.759,-7.49365,-208.512,0.0746867
3528,3528,0A,0.560986,0.37617,0.64719,0.353464,-11.763,-8.01661,-208.85,-11.763,-8.01661,-208.85,0.0759485
3536,3536,0A,0.560911,0.376638,0.647014,0.353407,-11.7252,-8.54962,-209.094,-11.7252,-8.54962,-209.094,0.0809141
3544,3544,0A,0.560564,0.377168,0.647046,0.353334,-11.7756,-8.97428,-209.347,-11.7756,-8.97428,-209.347,0.0746749
3552,3552,0A,0.560045,0.378337,0.647206,0.352614,-11.823,-9.44605,-209.897,-11.823,-9.44605,-209.897,0.0802952
3560,3560,0A,0.559709,0.379852,0.64676,0.352334,-11.7937,-9.90538,-210.492,-11.7937,-9.90538,-210.492,0.0787822
3568,3568,0A,0.560292,0.380677,0.645268,0.353251,-11.6981,-10.1599,-211.032,-11.6981,-10.1599,-211.032,0.0774826
3576,3576,0A,0.560355,0.380898,0.64456,0.354207,-11.8355,-10.2906,-211.438,-11.8355,-10.2906,-211.438,0.0725218
3584,3584,0A,0.559797,0.381304,0.644951,0.35394,-11.8613,-10.4805,-211.914,-11.8613,-10.4805,-211.914,0.0862824
3592,3592,0A,0.559686,0.381443,0.645228,0.353459,-11.817,-10.7078,-212.201,-11.817,-10.7078,-212.201,0.0776659
3600,3600,0A,0.559895,0.381497,0.644934,0.353607,-11.8182,-10.8274,-212.362,-11.8182,-10.8274,-212.362,0.0851769
3608,3608,0A,0.559477,0.38153,0.645361,0.353455,-11.8454,-10.9515,-212.413,-11.8454,-10.9515,-212.413,0.0816989
3616,3616,0A,0.559287,0.381495,0.646008,0.35261,-11.8359,-11.1032,-212.401,-11.8359,-11.1032,-212.401,0.0812203
3624,3624,0A,0.559343,0.381263,0.646667,0.351562,-11.8474,-11.3469,-212.301,-11.8474,-11.3469,-212.301,0.0856643
3632,3632,0A,0.559158,0.381692,0.646595,0.351523,-11.8253,-11.5168,-212.3,-11.8253,-11.5168,-212.3,0.0822868
3640,3640,0A,0.559384,0.381804,0.646418,0.351369,-11.8643,-11.8008,-212.305,-11.8643,-11.8008,-212.305,0.0765647
3648,3648,0A,0.55968,0.382054,0.646153,0.351111,-11.8795,-12.0386,-212.344,-11.8795,-12.0386,-212.344,0.0779301
3656,3656,0A,0.559771,0.382086,0.64622,0.35081,-11.8654,-12.3883,-212.331,-11.8654,-12.3883,-212.331,0.0804828
3664,3664,0A,0.559861,0.382554,0.645821,0.35089,-11.8499,-12.6287,-212.415,-11.8499,-12.6287,-212.415,0.0814633
3672,3672,0A,0.560099,0.382667,0.645758,0.350502,-11.8611,-12.9746,-212.504,-11.8611,-12.9746,-212.504,0.0808051
3680,3680,0A,0.560271,0.382744,0.645986,0.349722,-11.8191,-13.2993,-212.524,-11.8191,-13.2993,-212.524,0.0805353
3688,3688,0A,0.560337,0.383021,0.646277,0.348774,-11.8155,-13.6959,-212.514,-11.8155,-13.6959,-212.514,0.0791575
3696,3696,0A,0.560397,0.383394,0.646316,0.348193,-11.7817,-14.0553,-212.512,-11.7817,-14.0553,-212.512,0.0788657
3704,3704,0A,0.560267,0.383739,0.646312,0.348031,-11.7966,-14.4161,-212.587,-11.7966,-14.4161,-212.587,0.0849925
3712,3712,0A,0.560665,0.384137,0.646131,0.347288,-11.7596,-14.8135,-212.641,-11.7596,-14.8135,-212.641,0.081096
3720,3720,0A,0.560589,0.384669,0.646315,0.346478,-11.8151,-15.2183,-212.686,-11.8151,-15.2183,-212.686,0.0859979
3728,3728,0A,0.560147,0.384726,0.647021,0.345811,-11.8299,-15.5489,-212.571,-11.8299,-15.5489,-212.571,0.0803536
3736,3736,0A,0.559827,0.384635,0.647528,0.345483,-11.8201,-15.8795,-212.464,-11.8201,-15.8795,-212.464,0.0808707
3744,3744,0A,0.560392,0.385057,0.647218,0.344677,-11.7776,-16.2339,-212.471,-11.7776,-16.2339,-212.471,0.0848361
3752,3752,0A,0.561181,0.385306,0.647123,0.343289,-11.799,-16.6704,-212.413,-11.799,-16.6704,-212.413,0.0821718
3760,3760,0A,0.561139,0.385249,0.647618,0.342488,-11.7764,-16.9945,-212.328,-11.7764,-16.9945,-212.328,0.0853728
3768,3768,0A,0.560381,0.384823,0.648465,0.342604,-11.8087,-17.1335,-212.254,-11.8087,-17.1335,-212.254,0.08199
3776,3776,0A,0.560219,0.384454,0.648486,0.343243,-11.8365,-17.1403,-212.327,-11.8365,-17.1403,-212.327,0.0816777
3784,3784,0A,0.560489,0.383939,0.648455,0.343437,-11.8176,-17.2357,-212.378,-11.8176,-17.2357,-212.378,0.0819218
3792,3792,0A,0.560361,0.383396,0.649009,0.343207,-11.7996,-17.3263,-212.372,-11.7996,-17.3263,-212.372,0.0817092
3800,3800,0A,0.560293,0.383122,0.649708,0.342299,-11.7737,-17.5413,-212.388,-11.7737,-17.5413,-212.388,0.0815847
3808,3808,0A,0.559553,0.38334,0.650317,0.342109,-11.857,-17.5844,-212.456,-11.857,-17.5844,-212.456,0.0852438
3816,3816,0A,0.559137,0.382852,0.651327,0.341414,-11.8719,-17.6825,-212.387,-11.8719,-17.6825,-212.387,0.082899
3824,3824,0A,0.558727,0.3825,0.65196,0.341272,-11.8372,-17.7131,-212.354,-11.8372,-17.7131,-212.354,0.0854253
3832,3832,0A,0.558532,0.382271,0.65205,0.341673,-11.8292,-17.8019,-212.368,-11.8292,-17.8019,-212.368,0.0837896
3840,3840,0A,0.558149,0.381939,0.652129,0.342519,-11.875,-17.8486,-212.391,-11.875,-17.8486,-212.391,0.0852721
3848,3848,0A,0.557773,0.381045,0.652733,0.342978,-11.8767,-17.9591,-212.314,-11.8767,-17.9591,-212.314,0.0826851
3856,3856,0A,0.557189,0.380238,0.653417,0.343521,-11.8951,-18.0281,-212.366,-11.8951,-18.0281,-212.366,0.0801795
3864,3864,0A,0.556967,0.379287,0.653827,0.34415,-11.856,-18.1643,-212.367,-11.856,-18.1643,-212.367,0.0858438
3872,3872,0A,0.556525,0.378628,0.654195,0.344891,-11.9063,-18.2746,-212.375,-11.9063,-18.2746,-212.375,0.0840579
3880,3880,0A,0.556738,0.378444,0.654224,0.344695,-11.8612,-18.5172,-212.168,-11.8612,-18.5172,-212.168,0.0773928
3888,3888,0A,0.559647,0.380417,0.653001,0.340099,-11.7292,-19.4871,-212.315,-11.7292,-19.4871,-212.315,0.0782575
3896,3896,0A,0.558725,0.383101,0.652457,0.339647,-11.9917,-19.6287,-212.49,-11.9917,-19.6287,-212.49,0.078366
3904,3904,0A,0.558212,0.383146,0.652529,0.340302,-11.9896,-19.6959,-212.628,-11.9896,-19.6959,-212.628,0.0822337
3912,3912,0A,0.557547,0.382658,0.652948,0.341135,-11.995,-19.7229,-212.637,-11.995,-19.7229,-212.637,0.0858399
3920,3920,0A,0.55702,0.381628,0.653522,0.342049,-12.0187,-19.7785,-212.629,-12.0187,-19.7785,-212.629,0.0869995
3928,3928,0A,0.556658,0.380911,0.653554,0.343375,-12.0066,-19.844,-212.61,-12.0066,-19.844,-212.61,0.0836315
3936,3936,0A,0.556291,0.380432,0.653622,0.34437,-12.0028,-19.9159,-212.697,-12.0028,-19.9159,-212.697,0.0816668
3944,3944,0A,0.556054,0.380082,0.65384,0.344724,-11.9681,-19.9549,-212.684,-11.9681,-19.9549,-212.684,0.0875947
3952,3952,0A,0.555971,0.379668,0.654569,0.343931,-12.0101,-20.0828,-212.605,-12.0101,-20.0828,-212.605,0.0828381
3960,3960,0A,0.555714,0.379996,0.65487,0.343409,-11.9973,-20.1257,-212.545,-11.9973,-20.1257,-212.545,0.0824689
3968,3968,0A,0.555573,0.38033,0.655203,0.342632,-12.0216,-20.3204,-212.374,-12.0216,-20.3204,-212.374,0.0835305
3976,3976,0A,0.555254,0.380633,0.655353,0.342526,-11.9815,-20.4736,-212.187,-11.9815,-20.4736,-212.187,0.0800359
3984,3984,0A,0.556183,0.380991,0.655374,0.340575,-11.9583,-20.8943,-211.787,-11.9583,-20.8943,-211.787,0.0833687
3992,3992,0A,0.556234,0.380926,0.656149,0.339069,-11.9004,-21.1998,-211.414,-11.9004,-21.1998,-211.414,0.0852337
4000,4000,0A,0.555494,0.381141,0.656786,0.338808,-11.9627,-21.4669,-211.228,-11.9627,-21.4669,-211.228,0.0800103
4008,4008,0A,0.555897,0.38063,0.657027,0.338253,-11.8997,-21.8608,-210.909,-11.8997,-21.8608,-210.909,0.0815261
4016,4016,0A,0.556202,0.380555,0.657102,0.337691,-11.9473,-22.1878,-210.717,-11.9473,-22.1878,-210.717,0.0895966
4024,4024,0A,0.555528,0.380621,0.657648,0.33766,-11.9481,-22.434,-210.594,-11.9481,-22.434,-210.594,0.0811825
4032,4032,0A,0.555771,0.379971,0.658213,0.336894,-11.8929,-22.7766,-210.377,-11.8929,-22.7766,-210.377,0.0841408
4040,4040,0A,0.555604,0.379993,0.658182,0.337202,-11.938,-22.9193,-210.292,-11.938,-22.9193,-210.292,0.081874
4048,4048,0A,0.55644,0.380504,0.657299,0.33697,-11.9213,-23.1093,-210.245,-11.9213,-23.1093,-210.245,0.0834661
4056,4056,0A,0.556578,0.380593,0.657625,0.336004,-11.8918,-23.3074,-210.026,-11.8918,-23.3074,-210.026,0.0858776
4064,4064,0A,0.556157,0.381327,0.658053,0.33503,-11.8908,-23.4257,-209.879,-11.8908,-23.4257,-209.879,0.0844011
4072,4072,0A,0.555785,0.381506,0.658598,0.334372,-11.8927,-23.5025,-209.713,-11.8927,-23.5025,-209.713,0.0871255
4080,4080,0A,0.555643,0.381428,0.658769,0.334362,-11.9151,-23.5534,-209.694,-11.9151,-23.5534,-209.694,0.0836593
4088,4088,0A,0.555732,0.381652,0.658163,0.33515,-11.8998,-23.5655,-209.692,-11.8998,-23.5655,-209.692,0.0806079
4096,4096,0A,0.556512,0.381557,0.657818,0.334641,-11.8734,-23.8443,-209.437,-11.8734,-23.8443,-209.437,0.0833463
4104,4104,0A,0.556089,0.381485,0.658531,0.334023,-11.8657,-24.0229,-209.228,-11.8657,-24.0229,-209.228,0.0807313
4112,4112,0A,0.555654,0.38151,0.659413,0.332976,-11.9024,-24.2695,-208.862,-11.9024,-24.2695,-208.862,0.0902821
4120,4120,0A,0.555504,0.381824,0.659603,0.332492,-12.0167,-24.4073,-208.682,-12.0167,-24.4073,-208.682,0.090989
4128,4128,0A,0.555506,0.381237,0.659721,0.332926,-11.8926,-24.6579,-208.58,-11.8926,-24.6579,-208.58,0.0866196
4136,4136,0A,0.555955,0.381531,0.659106,0.333057,-11.9095,-24.7769,-208.544,-11.9095,-24.7769,-208.544,0.0861893
4144,4144,0A,0.556084,0.380815,0.659522,0.332838,-11.8637,-25.0262,-208.352,-11.8637,-25.0262,-208.352,0.0814737
4152,4152,0A,0.555889,0.380634,0.659787,0.332845,-11.9023,-25.1353,-208.325,-11.9023,-25.1353,-208.325,0.0923292
4160,4160,0A,0.556118,0.380593,0.659648,0.332785,-11.8874,-25.3534,-208.169,-11.8874,-25.3534,-208.169,0.0864618
4168,4168,0A,0.556005,0.380948,0.659476,0.332909,-11.9127,-25.496,-207.967,-11.9127,-25.496,-207.967,0.0872691
4176,4176,0A,0.556142,0.381297,0.659437,0.332357,-11.9116,-25.7188,-207.784,-11.9116,-25.7188,-207.784,0.0806268
4184,4184,0A,0.556114,0.381587,0.65953,0.331888,-11.8948,-25.9183,-207.634,-11.8948,-25.9183,-207.634,0.0843104
4192,4192,0A,0.556214,0.38156,0.659571,0.331669,-11.8702,-26.127,-207.508,-11.8702,-26.127,-207.508,0.0882583
4200,4200,0A,0.556258,0.38154,0.659708,0.331345,-11.8837,-26.2463,-207.413,-11.8837,-26.2463,-207.413,0.0895872
4208,4208,0A,0.556072,0.381108,0.660375,0.330826,-11.8648,-26.4053,-207.249,-11.8648,-26.4053,-207.249,0.0906145
4216,4216,0A,0.555877,0.38099,0.660823,0.330392,-11.9062,-26.487,-207.133,-11.9062,-26.487,-207.133,0.0858133
4224,4224,0A,0.55564,0.380745,0.661222,0.330277,-11.875,-26.6192,-206.986,-11.875,-26.6192,-206.986,0.0839384
4232,4232,0A,0.555607,0.380777,0.66128,0.330182,-11.95,-26.7167,-206.948,-11.95,-26.7167,-206.948,0.0862003
4240,4240,0A,0.556165,0.380657,0.661174,0.32959,-11.892,-26.9172,-206.817,-11.892,-26.9172,-206.817,0.0865722
4248,4248,0A,0.556239,0.380403,0.661524,0.329056,-11.8728,-27.1583,-206.533,-11.8728,-27.1583,-206.533,0.0869938
4256,4256,0A,0.556219,0.380991,0.661412,0.328636,-11.9465,-27.3276,-206.41,-11.9465,-27.3276,-206.41,0.0943717
4264,4264,0A,0.556096,0.381196,0.661837,0.327749,-11.9675,-27.5623,-206.167,-11.9675,-27.5623,-206.167,0.0825938
4272,4272,0A,0.555865,0.380955,0.662523,0.327032,-11.9026,-27.7856,-205.752,-11.9026,-27.7856,-205.752,0.086638
4280,4280,0A,0.556068,0.38065,0.662521,0.327046,-11.8835,-28.0091,-205.361,-11.8835,-28.0091,-205.361,0.0786832
4288,4288,0A,0.556672,0.38079,0.661851,0.327215,-11.8737,-28.1394,-205.157,-11.8737,-28.1394,-205.157,0.082874
4296,4296,0A,0.556999,0.380425,0.662263,0.326247,-11.7941,-28.4571,-204.693,-11.7941,-28.4571,-204.693,0.0894561
4304,4304,0A,0.556649,0.380899,0.662628,0.325551,-11.8809,-28.6068,-204.39,-11.8809,-28.6068,-204.39,0.0919422
4312,4312,0A,0.557345,0.381106,0.662426,0.324527,-11.9501,-28.8223,-203.86,-11.9501,-28.8223,-203.86,0.0891318
4320,4320,0A,0.557846,0.380975,0.662339,0.323996,-11.9588,-28.922,-203.41,-11.9588,-28.922,-203.41,0.0876197
4328,4328,0A,0.557656,0.38056,0.663225,0.322995,-11.871,-29.1508,-203.109,-11.871,-29.1508,-203.109,0.0862533
4336,4336,0A,0.557169,0.380238,0.663985,0.322653,-11.8561,-29.3166,-202.949,-11.8561,-29.3166,-202.949,0.0904097
4344,4344,0A,0.557767,0.380135,0.663602,0.32253,-11.9602,-29.4724,-202.713,-11.9602,-29.4724,-202.713,0.0906995
4352,4352,0A,0.557993,0.380233,0.663152,0.32295,-11.9878,-29.5526,-202.529,-11.9878,-29.5526,-202.529,0.084989
4360,4360,0A,0.558496,0.379829,0.663248,0.322359,-11.9729,-29.83,-202.23,-11.9729,-29.83,-202.23,0.0863274
4368,4368,0A,0.558884,0.380021,0.662969,0.322033,-11.9719,-29.9254,-201.963,-11.9719,-29.9254,-201.963,0.0756578
4376,4376,0A,0.55925,0.379738,0.66315,0.321357,-11.8937,-30.0961,-201.509,-11.8937,-30.0961,-201.509,0.08591
4384,4384,0A,0.559082,0.379861,0.663458,0.320869,-11.9637,-30.1093,-201.248,-11.9637,-30.1093,-201.248,0.0829925
4392,4392,0A,0.559127,0.379915,0.663809,0.319998,-11.9903,-30.2094,-201.014,-11.9903,-30.2094,-201.014,0.0844239
4400,4400,0A,0.558931,0.379902,0.664307,0.319324,-11.9179,-30.3053,-200.811,-11.9179,-30.3053,-200.811,0.0831281
4408,4408,0A,0.558876,0.37991,0.664527,0.318949,-11.9328,-30.3743,-200.668,-11.9328,-30.3743,-200.668,0.0794027
4416,4416,0A,0.558761,0.380361,0.664346,0.318992,-11.9859,-30.3791,-200.594,-11.9859,-30.3791,-200.594,0.082385
4424,4424,0A,0.559022,0.380516,0.664469,0.318093,-11.9786,-30.5098,-200.422,-11.9786,-30.5098,-200.422,0.0828583
4432,4432,0A,0.559157,0.38069,0.664942,0.316655,-11.9776,-30.6585,-200.11,-11.9776,-30.6585,-200.11,0.0879075
4440,4440,0A,0.560176,0.380568,0.6639,0.317188,-11.9425,-30.5791,-199.795,-11.9425,-30.5791,-199.795,0.060364
4448,4448,0A,0.560879,0.379735,0.66369,0.317383,-11.8622,-30.8062,-199.348,-11.8622,-30.8062,-199.348,0.0861546
4456,4456,0A,0.56084,0.380244,0.663769,0.316675,-11.969,-30.8731,-199.018,-11.969,-30.8731,-199.018,0.0903845
4464,4464,0A,0.560996,0.380201,0.664379,0.31517,-11.9586,-31.0794,-198.536,-11.9586,-31.0794,-198.536,0.0885323
4472,4472,0A,0.561321,0.380049,0.664411,0.314706,-11.9899,-31.1793,-197.958,-11.9899,-31.1793,-197.958,0.0868755
4480,4480,0A,0.561693,0.379412,0.664131,0.315401,-11.9183,-31.1811,-197.495,-11.9183,-31.1811,-197.495,0.0725742
4488,4488,0A,0.562036,0.379029,0.664354,0.314781,-11.9231,-31.2594,-197.071,-11.9231,-31.2594,-197.071,0.08256
4496,4496,0A,0.561912,0.378964,0.66483,0.314076,-11.9135,-31.3058,-196.844,-11.9135,-31.3058,-196.844,0.0756468
4504,4504,0A,0.56199,0.378759,0.665313,0.313158,-11.8965,-31.3686,-196.544,-11.8965,-31.3686,-196.544,0.0814065
4512,4512,0A,0.562491,0.377731,0.665185,0.313771,-11.7555,-31.2813,-196.163,-11.7555,-31.2813,-196.163,0.0725588
4520,4520,0A,0.562859,0.378056,0.664487,0.314198,-11.9723,-31.1163,-196.051,-11.9723,-31.1163,-196.051,0.0885489
4528,4528,0A,0.56267,0.378235,0.66489,0.313469,-12.0009,-31.0463,-195.913,-12.0009,-31.0463,-195.913,0.0797235
4536,4536,0A,0.562614,0.378132,0.665452,0.3125,-11.9262,-31.07,-195.796,-11.9262,-31.07,-195.796,0.0819718
4544,4544,0A,0.562886,0.37731,0.665889,0.31207,-11.9245,-31.0666,-195.669,-11.9245,-31.0666,-195.669,0.0867619
4552,4552,0A,0.56277,0.376802,0.665245,0.314261,-12.0942,-30.7021,-195.494,-12.0942,-30.7021,-195.494,0.0751849
4560,4560,0A,0.563391,0.37547,0.665093,0.315063,-12.0291,-30.5938,-195.168,-12.0291,-30.5938,-195.168,0.0769896
4568,4568,0A,0.563433,0.374993,0.666185,0.313242,-11.985,-30.7326,-194.737,-11.985,-30.7326,-194.737,0.0826557
4576,4576,0A,0.563569,0.374889,0.666891,0.311615,-11.9992,-30.8172,-194.368,-11.9992,-30.8172,-194.368,0.0841897
4584,4584,0A,0.56391,0.374265,0.666525,0.31253,-12.0319,-30.7487,-194.027,-12.0319,-30.7487,-194.027,0.0731563
4592,4592,0A,0.564409,0.373627,0.666181,0.313128,-12.0365,-30.7593,-193.733,-12.0365,-30.7593,-193.733,0.0814101
4600,4600,0A,0.564443,0.373224,0.666417,0.313042,-11.9058,-30.8713,-193.501,-11.9058,-30.8713,-193.501,0.0801633
4608,4608,0A,0.564486,0.373473,0.66631,0.312899,-11.8296,-30.9966,-193.299,-11.8296,-30.9966,-193.299,0.0741549
4616,4616,0A,0.564486,0.373487,0.666501,0.312474,-11.8857,-31.04,-193.022,-11.8857,-31.04,-193.022,0.0733931
4624,4624,0A,0.564524,0.373746,0.666803,0.311449,-11.9173,-31.0737,-192.839,-11.9173,-31.0737,-192.839,0.0812749
4632,4632,0A,0.564639,0.374175,0.667003,0.310295,-11.933,-31.1227,-192.668,-11.933,-31.1227,-192.668,0.0803103
4640,4640,0A,0.564909,0.374467,0.667052,0.309345,-11.8767,-31.207,-192.541,-11.8767,-31.207,-192.541,0.0779464
4648,4648,0A,0.5648,0.374667,0.666986,0.309444,-11.8858,-31.1501,-192.571,-11.8858,-31.1501,-192.571,0.0826377
4656,4656,0A,0.565047,0.374774,0.666664,0.309559,-11.9362,-31.0837,-192.47,-11.9362,-31.0837,-192.47,0.0803864
4664,4664,0A,0.565133,0.374877,0.666855,0.308864,-11.9196,-31.1143,-192.223,-11.9196,-31.1143,-192.223,0.0804084
4672,4672,0A,0.56607,0.373221,0.667022,0.308792,-11.6053,-31.2155,-191.608,-11.6053,-31.2155,-191.608,0.0666651
4680,4680,0A,0.566779,0.373535,0.666082,0.309142,-11.7329,-31.1317,-191.322,-11.7329,-31.1317,-191.322,0.0875018
4688,4688,0A,0.566925,0.373396,0.666128,0.308942,-11.8253,-31.1263,-190.772,-11.8253,-31.1263,-190.772,0.0842335
4696,4696,0A,0.567032,0.373163,0.666466,0.308295,-11.8787,-31.1319,-190.21,-11.8787,-31.1319,-190.21,0.0817685
4704,4704,0A,0.567093,0.372776,0.66709,0.307304,-11.8036,-31.2339,-189.733,-11.8036,-31.2339,-189.733,0.0762687
4712,4712,0A,0.567169,0.372564,0.667089,0.307423,-11.7972,-31.1755,-189.49,-11.7972,-31.1755,-189.49,0.0735423
4720,4720,0A,0.567656,0.372628,0.666541,0.307633,-11.7872,-31.1758,-189.296,-11.7872,-31.1758,-189.296,0.075457
4728,4728,0A,0.567929,0.372675,0.666242,0.307721,-11.7902,-31.1144,-189.231,-11.7902,-31.1144,-189.231,0.0774602
4736,4736,0A,0.568057,0.372973,0.665735,0.308221,-11.8086,-30.9393,-189.197,-11.8086,-30.9393,-189.197,0.0751284
4744,4744,0A,0.568062,0.373246,0.665386,0.308636,-11.8132,-30.7085,-189.117,-11.8132,-30.7085,-189.117,0.0773706
4752,4752,0A,0.568332,0.373163,0.665443,0.308115,-11.8066,-30.5827,-188.906,-11.8066,-30.5827,-188.906,0.0729299
4760,4760,0A,0.568345,0.373332,0.665165,0.308485,-11.7709,-30.3196,-188.803,-11.7709,-30.3196,-188.803,0.0757901
4768,4768,0A,0.568409,0.372962,0.665008,0.309154,-11.7746,-30.0475,-188.642,-11.7746,-30.0475,-188.642,0.072524
4776,4776,0A,0.568333,0.372726,0.664663,0.310318,-11.7703,-29.7225,-188.557,-11.7703,-29.7225,-188.557,0.0754113
4784,4784,0A,0.568458,0.372302,0.664533,0.310876,-11.7483,-29.5513,-188.353,-11.7483,-29.5513,-188.353,0.0776133
4792,4792,0A,0.56863,0.371913,0.664417,0.311273,-11.7708,-29.3656,-188.097,-11.7708,-29.3656,-188.097,0.0746558
4800,4800,0A,0.568897,0.371599,0.66421,0.311601,-11.7665,-29.2112,-187.81,-11.7665,-29.2112,-187.81,0.0717601
4808,4808,0A,0.569075,0.371229,0.664252,0.311629,-11.7274,-29.0741,-187.529,-11.7274,-29.0741,-187.529,0.0774264
4816,4816,0A,0.569179,0.370777,0.664176,0.312137,-11.7231,-28.8467,-187.157,-11.7231,-28.8467,-187.157,0.0758049
4824,4824,0A,0.569358,0.370571,0.663772,0.312915,-11.77,-28.5258,-186.809,-11.77,-28.5258,-186.809,0.077942
4832,4832,0A,0.569587,0.370539,0.663685,0.312721,-11.7375,-28.3484,-186.444,-11.7375,-28.3484,-186.444,0.0782309
4840,4840,0A,0.569591,0.370712,0.66359,0.31271,-11.6793,-28.1584,-186.21,-11.6793,-28.1584,-186.21,0.0749073
4848,4848,0A,0.569467,0.370362,0.663586,0.313357,-11.719,-27.8233,-186.046,-11.719,-27.8233,-186.046,0.0766569
4856,4856,0A,0.569492,0.369709,0.663455,0.314359,-11.7346,-27.4657,-185.854,-11.7346,-27.4657,-185.854,0.0745549
4864,4864,0A,0.569344,0.369064,0.663645,0.314984,-11.7325,-27.1321,-185.596,-11.7325,-27.1321,-185.596,0.0791853
4872,4872,0A,0.569178,0.369134,0.663735,0.315012,-11.7257,-26.8926,-185.422,-11.7257,-26.8926,-185.422,0.0765659
4880,4880,0A,0.569458,0.368821,0.663693,0.31496,-11.6618,-26.6661,-185.209,-11.6618,-26.6661,-185.209,0.0753741
4888,4888,0A,0.569518,0.368197,0.663612,0.315753,-11.6855,-26.3093,-184.93,-11.6855,-26.3093,-184.93,0.0745555
4896,4896,0A,0.569434,0.367791,0.663465,0.316685,-11.7195,-25.8354,-184.625,-11.7195,-25.8354,-184.625,0.0739828
4904,4904,0A,0.569628,0.367526,0.663536,0.316493,-11.6814,-25.5227,-184.383,-11.6814,-25.5227,-184.383,0.0766215
4912,4912,0A,0.569596,0.36743,0.663648,0.316429,-11.6558,-25.1733,-184.25,-11.6558,-25.1733,-184.25,0.0758801
4920,4920,0A,0.569469,0.366854,0.663765,0.317079,-11.6493,-24.7804,-184.153,-11.6493,-24.7804,-184.153,0.0723434
4928,4928,0A,0.569369,0.366441,0.663629,0.31802,-11.7053,-24.3966,-184.054,-11.7053,-24.3966,-184.054,0.0674898
4936,4936,0A,0.569487,0.366385,0.66367,0.317788,-11.7024,-24.2136,-183.9,-11.7024,-24.2136,-183.9,0.0725363
4944,4944,0A,0.56955,0.366101,0.663929,0.317461,-11.6374,-24.0256,-183.694,-11.6374,-24.0256,-183.694,0.0704115
4952,4952,0A,0.5698,0.365228,0.663854,0.318174,-11.6394,-23.7467,-183.356,-11.6394,-23.7467,-183.356,0.0731635
4960,4960,0A,0.570122,0.364719,0.663501,0.318915,-11.7204,-23.442,-182.974,-11.7204,-23.442,-182.974,0.072714
4968,4968,0A,0.570577,0.364545,0.663617,0.318059,-11.7038,-23.3972,-182.57,-11.7038,-23.3972,-182.57,0.0737764
4976,4976,0A,0.570296,0.365194,0.663898,0.317232,-11.7083,-23.3573,-182.426,-11.7083,-23.3573,-182.426,0.0746613
4984,4984,0A,0.570518,0.365178,0.663753,0.317155,-11.6609,-23.3364,-182.292,-11.6609,-23.3364,-182.292,0.0711261
4992,4992,0A,0.570648,0.365393,0.663108,0.318021,-11.7159,-23.158,-182.269,-11.7159,-23.158,-182.269,0.0711896
5000,5000,0A,0.571008,0.365484,0.662907,0.317689,-11.6706,-23.0784,-182.143,-11.6706,-23.0784,-182.143,0.0749808
5008,5008,0A,0.571004,0.365736,0.66296,0.317295,-11.6577,-22.9373,-182.004,-11.6577,-22.9373,-182.004,0.0700561
5016,5016,0A,0.57115,0.365227,0.662894,0.317758,-11.6703,-22.6225,-181.847,-11.6703,-22.6225,-181.847,0.0711525
5024,5024,0A,0.570876,0.364906,0.662686,0.319051,-11.7077,-22.1661,-181.684,-11.7077,-22.1661,-181.684,0.072141
5032,5032,0A,0.570891,0.364729,0.662962,0.318649,-11.7173,-21.8871,-181.471,-11.7173,-21.8871,-181.471,0.0714462
5040,5040,0A,0.570689,0.365063,0.663265,0.317998,-11.6841,-21.6485,-181.366,-11.6841,-21.6485,-181.366,0.072927
5048,5048,0A,0.570425,0.36483,0.663613,0.318015,-11.6738,-21.3465,-181.161,-11.6738,-21.3465,-181.161,0.0706298
5056,5056,0A,0.570385,0.36388,0.663811,0.318758,-11.6555,-20.9533,-180.886,-11.6555,-20.9533,-180.886,0.0689559
5064,5064,0A,0.570486,0.363225,0.663876,0.319192,-11.7082,-20.6104,-180.57,-11.7082,-20.6104,-180.57,0.0712356
5072,5072,0A,0.570661,0.363319,0.664034,0.318439,-11.7025,-20.4584,-180.389,-11.7025,-20.4584,-180.389,0.0731204
5080,5080,0A,0.570865,0.36366,0.664174,0.317392,-11.645,-20.4126,-180.269,-11.645,-20.4126,-180.269,0.0733601
5088,5088,0A,0.571098,0.363244,0.664212,0.317368,-11.6347,-20.2763,-180.196,-11.6347,-20.2763,-180.196,0.0697485
5096,5096,0A,0.570849,0.362938,0.66402,0.318569,-11.6967,-19.9869,-180.155,-11.6967,-19.9869,-180.155,0.0702415
5104,5104,0A,0.570804,0.362778,0.663981,0.318913,-11.7024,-19.7853,-180.105,-11.7024,-19.7853,-180.105,0.0721925
5112,5112,0A,0.570815,0.363085,0.664122,0.31825,-11.7031,-19.6625,-180.009,-11.7031,-19.6625,-180.009,0.0696508
5120,5120,0A,0.570841,0.363191,0.664099,0.318128,-11.6775,-19.4445,-179.889,-11.6775,-19.4445,-179.889,0.0680209
5128,5128,0A,0.571206,0.362968,0.664051,0.317826,-11.652,-19.1848,-179.687,-11.652,-19.1848,-179.687,0.0667158
5136,5136,0A,0.571319,0.363499,0.664238,0.316625,-11.7007,-19.0061,-179.631,-11.7007,-19.0061,-179.631,0.0698937
5144,5144,0A,0.571654,0.364076,0.6644,0.315014,-11.6932,-18.8915,-179.528,-11.6932,-18.8915,-179.528,0.0677476
5152,5152,0A,0.572022,0.365342,0.663857,0.314022,-11.7221,-18.7203,-179.559,-11.7221,-18.7203,-179.559,0.07282
5160,5160,0A,0.572828,0.363549,0.663903,0.314537,-11.5377,-18.3457,-179.363,-11.5377,-18.3457,-179.363,0.0646412
5168,5168,0A,0.570534,0.362564,0.665022,0.317467,-11.7082,-17.469,-179.391,-11.7082,-17.469,-179.391,0.0705975
5176,5176,0A,0.570313,0.362941,0.665018,0.317442,-11.6978,-17.0117,-179.355,-11.6978,-17.0117,-179.355,0.0698099
5184,5184,0A,0.570868,0.363437,0.66478,0.316372,-11.6526,-16.7817,-179.313,-11.6526,-16.7817,-179.313,0.0691324
5192,5192,0A,0.570979,0.363367,0.664659,0.316504,-11.645,-16.3878,-179.31,-11.645,-16.3878,-179.31,0.0696143
5200,5200,0A,0.57082,0.362492,0.664769,0.317563,-11.6386,-15.8793,-179.358,-11.6386,-15.8793,-179.358,0.0657658
5208,5208,0A,0.570774,0.362206,0.664477,0.318583,-11.6487,-15.4254,-179.443,-11.6487,-15.4254,-179.443,0.0669376
5216,5216,0A,0.571746,0.36276,0.663568,0.318101,-11.6362,-15.2055,-179.472,-11.6362,-15.2055,-179.472,0.0696888
5224,5224,0A,0.572291,0.363495,0.663252,0.31694,-11.662,-15.0398,-179.369,-11.662,-15.0398,-179.369,0.065734
5232,5232,0A,0.572539,0.364029,0.663481,0.315398,-11.6609,-14.8961,-179.309,-11.6609,-14.8961,-179.309,0.0715291
5240,5240,0A,0.572616,0.364836,0.66359,0.314094,-11.6981,-14.7325,-179.292,-11.6981,-14.7325,-179.292,0.0701775
5248,5248,0A,0.572996,0.365415,0.663291,0.313358,-11.6973,-14.5689,-179.229,-11.6973,-14.5689,-179.229,0.0649511
5256,5256,0A,0.572662,0.365754,0.663174,0.31382,-11.7586,-14.1808,-179.416,-11.7586,-14.1808,-179.416,0.0709151
5264,5264,0A,0.571161,0.364789,0.664128,0.315655,-11.7956,-13.6711,-179.613,-11.7956,-13.6711,-179.613,0.0692867
5272,5272,0A,0.571199,0.364349,0.663624,0.317149,-11.7491,-13.2169,-179.867,-11.7491,-13.2169,-179.867,0.0654578
5280,5280,0A,0.571653,0.364391,0.662618,0.318384,-11.7547,-12.8177,-180.093,-11.7547,-12.8177,-180.093,0.0720975
5288,5288,0A,0.572345,0.365338,0.661279,0.318843,-11.7688,-12.5279,-180.436,-11.7688,-12.5279,-180.436,0.0720565
5296,5296,0A,0.572355,0.365577,0.661413,0.318272,-11.7575,-12.3115,-180.606,-11.7575,-12.3115,-180.606,0.0721009
5304,5304,0A,0.571237,0.365902,0.661972,0.318744,-11.8021,-11.9283,-180.726,-11.8021,-11.9283,-180.726,0.0689836
5312,5312,0A,0.571855,0.36617,0.661628,0.318042,-11.7404,-11.7735,-180.744,-11.7404,-11.7735,-180.744,0.0688751
5320,5320,0A,0.572653,0.366832,0.661039,0.317065,-11.717,-11.6691,-180.784,-11.717,-11.6691,-180.784,0.0667105
5328,5328,0A,0.573119,0.366449,0.661041,0.316662,-11.6357,-11.4873,-180.77,-11.6357,-11.4873,-180.77,0.0689981
5336,5336,0A,0.572347,0.366832,0.660898,0.317912,-11.7047,-11.106,-181.006,-11.7047,-11.106,-181.006,0.0692388
5344,5344,0A,0.572468,0.366294,0.660825,0.318464,-11.6586,-10.8264,-181.142,-11.6586,-10.8264,-181.142,0.0685228
5352,5352,0A,0.571923,0.366348,0.660913,0.319198,-11.743,-10.4008,-181.317,-11.743,-10.4008,-181.317,0.0691793
5360,5360,0A,0.571911,0.366163,0.660982,0.31929,-11.7752,-10.0147,-181.439,-11.7752,-10.0147,-181.439,0.0683322
5368,5368,0A,0.571997,0.365969,0.660873,0.319583,-11.697,-9.66631,-181.595,-11.697,-9.66631,-181.595,0.0687969
5376,5376,0A,0.571846,0.366306,0.660431,0.320378,-11.69,-9.23965,-181.848,-11.69,-9.23965,-181.848,0.0643264
5384,5384,0A,0.571879,0.366693,0.660217,0.320319,-11.6865,-8.91089,-182.159,-11.6865,-8.91089,-182.159,0.0697895
5392,5392,0A,0.571277,0.367269,0.66016,0.320849,-11.7346,-8.49992,-182.512,-11.7346,-8.49992,-182.512,0.068634
5400,5400,0A,0.570875,0.367232,0.660127,0.321676,-11.7705,-8.12736,-182.705,-11.7705,-8.12736,-182.705,0.0663428
5408,5408,0A,0.571576,0.367587,0.659298,0.321724,-11.7438,-7.89599,-182.9,-11.7438,-7.89599,-182.9,0.0670337
5416,5416,0A,0.571647,0.368013,0.658898,0.321932,-11.7438,-7.66121,-183.116,-11.7438,-7.66121,-183.116,0.0655413
5424,5424,0A,0.571215,0.367687,0.65906,0.322738,-11.747,-7.43363,-183.408,-11.747,-7.43363,-183.408,0.0612265
5432,5432,0A,0.571214,0.367881,0.658608,0.323441,-11.7295,-7.21969,-183.823,-11.7295,-7.21969,-183.823,0.0645443
5440,5440,0A,0.570875,0.367804,0.658907,0.323518,-11.6932,-7.07771,-184.076,-11.6932,-7.07771,-184.076,0.0665611
5448,5448,0A,0.570414,0.368348,0.658842,0.323845,-11.6963,-6.81295,-184.545,-11.6963,-6.81295,-184.545,0.0707675
5456,5456,0A,0.57079,0.368607,0.658165,0.324264,-11.657,-6.64721,-184.809,-11.657,-6.64721,-184.809,0.0653329
5464,5464,0A,0.570661,0.369121,0.657927,0.324388,-11.7102,-6.42887,-185.084,-11.7102,-6.42887,-185.084,0.0711502
5472,5472,0A,0.569881,0.36899,0.658388,0.324972,-11.6809,-6.1191,-185.444,-11.6809,-6.1191,-185.444,0.0662615
5480,5480,0A,0.569909,0.368905,0.657997,0.325811,-11.6186,-5.93195,-185.732,-11.6186,-5.93195,-185.732,0.0643321
5488,5488,0A,0.569746,0.37023,0.657123,0.326359,-11.7637,-5.66113,-186.19,-11.7637,-5.66113,-186.19,0.0708805
5496,5496,0A,0.569635,0.369987,0.657163,0.326747,-11.6873,-5.50923,-186.538,-11.6873,-5.50923,-186.538,0.0616116
5504,5504,0A,0.569727,0.370153,0.656807,0.327113,-11.6788,-5.38829,-186.793,-11.6788,-5.38829,-186.793,0.0685341
5512,5512,0A,0.570063,0.370265,0.65634,0.327338,-11.6648,-5.29311,-186.934,-11.6648,-5.29311,-186.934,0.0695763
5520,5520,0A,0.570371,0.370968,0.655456,0.327776,-11.7077,-5.14098,-187.246,-11.7077,-5.14098,-187.246,0.0734429
5528,5528,0A,0.570156,0.37055,0.655827,0.327883,-11.6686,-5.08383,-187.467,-11.6686,-5.08383,-187.467,0.0688759
5536,5536,0A,0.569318,0.370632,0.655905,0.329086,-11.6865,-4.84182,-187.949,-11.6865,-4.84182,-187.949,0.0691412
5544,5544,0A,0.56915,0.370563,0.655574,0.330112,-11.6729,-4.66855,-188.378,-11.6729,-4.66855,-188.378,0.0658143
5552,5552,0A,0.568171,0.370644,0.656044,0.330774,-11.6841,-4.43876,-188.939,-11.6841,-4.43876,-188.939,0.0693196
5560,5560,0A,0.567116,0.370874,0.656452,0.331515,-11.6835,-4.088,-189.502,-11.6835,-4.088,-189.502,0.0623238
5568,5568,0A,0.567174,0.370982,0.656265,0.331665,-11.6631,-3.88963,-189.931,-11.6631,-3.88963,-189.931,0.070351
5576,5576,0A,0.566958,0.371545,0.655712,0.332499,-11.7756,-3.56496,-190.465,-11.7756,-3.56496,-190.465,0.0705295
5584,5584,0A,0.566511,0.371571,0.655499,0.333648,-11.7414,-3.22573,-190.902,-11.7414,-3.22573,-190.902,0.0654308
5592,5592,0A,0.565561,0.371604,0.656042,0.334156,-11.7432,-2.98308,-191.368,-11.7432,-2.98308,-191.368,0.0646203
5600,5600,0A,0.565602,0.371976,0.655543,0.334651,-11.6696,-2.81193,-191.904,-11.6696,-2.81193,-191.904,0.0651051
5608,5608,0A,0.566141,0.372939,0.653652,0.336363,-11.6944,-2.64597,-192.416,-11.6944,-2.64597,-192.416,0.0661214
5616,5616,0A,0.566053,0.37406,0.652896,0.336735,-11.7785,-2.6534,-192.959,-11.7785,-2.6534,-192.959,0.079564
5624,5624,0A,0.56523,0.374169,0.653483,0.336855,-11.8201,-2.53696,-193.297,-11.8201,-2.53696,-193.297,0.0700582
5632,5632,0A,0.565102,0.374175,0.653521,0.336992,-11.802,-2.46389,-193.441,-11.802,-2.46389,-193.441,0.0657986
5640,5640,0A,0.565027,0.374275,0.653163,0.337699,-11.7559,-2.47319,-193.692,-11.7559,-2.47319,-193.692,0.0648026
5648,5648,0A,0.564311,0.375829,0.65238,0.338682,-11.9157,-2.36216,-194.287,-11.9157,-2.36216,-194.287,0.0813
5656,5656,0A,0.563502,0.375702,0.652791,0.339378,-11.8643,-2.22915,-194.694,-11.8643,-2.22915,-194.694,0.0704009
5664,5664,0A,0.562501,0.375449,0.653592,0.339778,-11.8452,-2.02061,-195.177,-11.8452,-2.02061,-195.177,0.0718848
5672,5672,0A,0.562269,0.375661,0.653519,0.340068,-11.8228,-1.83573,-195.583,-11.8228,-1.83573,-195.583,0.0737972
5680,5680,0A,0.562875,0.37691,0.651665,0.341237,-11.786,-1.55843,-195.909,-11.786,-1.55843,-195.909,0.061345
5688,5688,0A,0.563416,0.376992,0.650729,0.342042,-11.6565,-1.52629,-196.238,-11.6565,-1.52629,-196.238,0.061118
5696,5696,0A,0.561957,0.377889,0.651669,0.341661,-11.8141,-1.3737,-196.857,-11.8141,-1.3737,-196.857,0.0872463
5704,5704,0A,0.560553,0.378087,0.652237,0.342663,-11.7814,-1.10483,-197.307,-11.7814,-1.10483,-197.307,0.0648604
5712,5712,0A,0.560332,0.379253,0.651418,0.343294,-11.8697,-0.996652,-197.73,-11.8697,-0.996652,-197.73,0.069128
5720,5720,0A,0.56016,0.378945,0.651918,0.342964,-11.7472,-1.17682,-197.983,-11.7472,-1.17682,-197.983,0.0656929
5728,5728,0A,0.559591,0.379107,0.651794,0.343948,-11.7462,-1.16534,-198.272,-11.7462,-1.16534,-198.272,0.0704232
5736,5736,0A,0.559193,0.379099,0.651652,0.344873,-11.7712,-1.21943,-198.348,-11.7712,-1.21943,-198.348,0.0703953
5744,5744,0A,0.558841,0.378667,0.651924,0.345402,-11.752,-1.30271,-198.333,-11.752,-1.30271,-198.333,0.0683435
5752,5752,0A,0.558426,0.378366,0.6518,0.346637,-11.7375,-1.34841,-198.416,-11.7375,-1.34841,-198.416,0.0693681
5760,5760,0A,0.558033,0.378896,0.651625,0.347018,-11.7734,-1.60284,-198.688,-11.7734,-1.60284,-198.688,0.0821055
5768,5768,0A,0.556306,0.380977,0.651707,0.34736,-11.9639,-1.53081,-199.378,-11.9639,-1.53081,-199.378,0.0822928
5776,5776,0A,0.555451,0.380658,0.65221,0.348131,-11.6254,-1.57894,-200.121,-11.6254,-1.57894,-200.121,0.064841
5784,5784,0A,0.554741,0.382445,0.651363,0.348891,-11.7558,-1.44799,-200.902,-11.7558,-1.44799,-200.902,0.0751519
5792,5792,0A,0.555064,0.383174,0.650918,0.34841,-11.6761,-1.54336,-201.395,-11.6761,-1.54336,-201.395,0.0796226
5800,5800,0A,0.555001,0.38408,0.650592,0.348119,-11.6801,-1.5683,-201.756,-11.6801,-1.5683,-201.756,0.0736549
5808,5808,0A,0.5549,0.384222,0.650695,0.347932,-11.6701,-1.6059,-201.842,-11.6701,-1.6059,-201.842,0.0727337
5816,5816,0A,0.554392,0.384612,0.650928,0.347875,-11.7217,-1.53046,-201.93,-11.7217,-1.53046,-201.93,0.0721412
5824,5824,0A,0.554114,0.384273,0.651541,0.347544,-11.7114,-1.55362,-201.941,-11.7114,-1.55362,-201.941,0.0718093
5832,5832,0A,0.553868,0.384388,0.65184,0.347248,-11.7117,-1.65692,-201.99,-11.7117,-1.65692,-201.99,0.0719513
5840,5840,0A,0.554042,0.383934,0.652636,0.345975,-11.655,-1.93876,-201.966,-11.655,-1.93876,-201.966,0.0713784
5848,5848,0A,0.553541,0.384189,0.653029,0.345753,-11.6874,-1.98187,-202.046,-11.6874,-1.98187,-202.046,0.0765249
5856,5856,0A,0.553379,0.384171,0.653345,0.345435,-11.701,-2.11498,-201.94,-11.701,-2.11498,-201.94,0.0757131
5864,5864,0A,0.55345,0.384521,0.653166,0.34527,-11.687,-2.23105,-201.94,-11.687,-2.23105,-201.94,0.0734342
5872,5872,0A,0.553856,0.385203,0.652298,0.345499,-11.6733,-2.3465,-201.956,-11.6733,-2.3465,-201.956,0.068823
5880,5880,0A,0.554392,0.385738,0.651203,0.346108,-11.6414,-2.38129,-202.086,-11.6414,-2.38129,-202.086,0.0699183
5888,5888,0A,0.554516,0.386119,0.650615,0.346591,-11.6478,-2.39915,-202.185,-11.6478,-2.39915,-202.185,0.0742765
5896,5896,0A,0.554374,0.386304,0.650622,0.346596,-11.6666,-2.43276,-202.24,-11.6666,-2.43276,-202.24,0.0711622
5904,5904,0A,0.554073,0.386475,0.650809,0.346537,-11.6638,-2.41804,-202.313,-11.6638,-2.41804,-202.313,0.075278
5912,5912,0A,0.553833,0.386373,0.651192,0.346314,-11.648,-2.4307,-202.341,-11.648,-2.4307,-202.341,0.0676676
5920,5920,0A,0.553944,0.386399,0.651428,0.345665,-11.6595,-2.43709,-202.374,-11.6595,-2.43709,-202.374,0.0739255
5928,5928,0A,0.554067,0.386522,0.651559,0.345082,-11.616,-2.47635,-202.354,-11.616,-2.47635,-202.354,0.0706873
5936,5936,0A,0.554041,0.386752,0.651568,0.34485,-11.6401,-2.46973,-202.336,-11.6401,-2.46973,-202.336,0.0734646
5944,5944,0A,0.554056,0.386921,0.651675,0.344431,-11.6526,-2.49323,-202.34,-11.6526,-2.49323,-202.34,0.0748772
5952,5952,0A,0.554241,0.387537,0.651384,0.343992,-11.6646,-2.53935,-202.341,-11.6646,-2.53935,-202.341,0.0680752
5960,5960,0A,0.555029,0.387637,0.650855,0.34361,-11.6166,-2.64576,-202.316,-11.6166,-2.64576,-202.316,0.0718005
5968,5968,0A,0.555234,0.388254,0.650195,0.343832,-11.6311,-2.64151,-202.348,-11.6311,-2.64151,-202.348,0.0721779
5976,5976,0A,0.55525,0.388281,0.650324,0.343532,-11.6166,-2.70149,-202.326,-11.6166,-2.70149,-202.326,0.071796
5984,5984,0A,0.554892,0.388527,0.650528,0.343446,-11.6135,-2.69321,-202.321,-11.6135,-2.69321,-202.321,0.0733716
5992,5992,0A,0.554735,0.388783,0.650452,0.343552,-11.6269,-2.76284,-202.296,-11.6269,-2.76284,-202.296,0.0696047
6000,6000,0A,0.555015,0.388996,0.64998,0.343754,-11.6232,-2.75994,-202.336,-11.6232,-2.75994,-202.336,0.0732054
6008,6008,0A,0.555154,0.388244,0.650371,0.34364,-11.6371,-2.76882,-202.196,-11.6371,-2.76882,-202.196,0.0686113
6016,6016,0A,0.55529,0.387685,0.651099,0.342672,-11.6565,-2.74088,-202.195,-11.6565,-2.74088,-202.195,0.0747997
6024,6024,0A,0.554492,0.388801,0.651623,0.341701,-11.6468,-2.67217,-202.137,-11.6468,-2.67217,-202.137,0.0720235
6032,6032,0A,0.554375,0.389124,0.652198,0.340424,-11.6183,-2.62552,-202.082,-11.6183,-2.62552,-202.082,0.0727277
6040,6040,0A,0.554558,0.389216,0.652232,0.339956,-11.5873,-2.58958,-202.042,-11.5873,-2.58958,-202.042,0.0691854
6048,6048,0A,0.554672,0.389295,0.65196,0.3402,-11.6228,-2.54443,-202.058,-11.6228,-2.54443,-202.058,0.0730485
6056,6056,0A,0.554825,0.388959,0.652002,0.340256,-11.6172,-2.66167,-201.955,-11.6172,-2.66167,-201.955,0.0705303
6064,6064,0A,0.554487,0.389026,0.651965,0.3408,-11.6224,-2.69511,-201.945,-11.6224,-2.69511,-201.945,0.0729999
6072,6072,0A,0.554473,0.388525,0.65211,0.341117,-11.6123,-2.85633,-201.76,-11.6123,-2.85633,-201.76,0.0686003
6080,6080,0A,0.554425,0.388323,0.652232,0.341192,-11.6149,-2.9586,-201.564,-11.6149,-2.9586,-201.564,0.0715449
6088,6088,0A,0.554066,0.388348,0.652701,0.34085,-11.6269,-3.05473,-201.318,-11.6269,-3.05473,-201.318,0.0763151
6096,6096,0A,0.553472,0.387987,0.653726,0.34026,-11.6047,-3.18382,-201.146,-11.6047,-3.18382,-201.146,0.0723821
6104,6104,0A,0.553081,0.387491,0.654281,0.340394,-11.5785,-3.29241,-201.097,-11.5785,-3.29241,-201.097,0.0712452
6112,6112,0A,0.552792,0.387221,0.654443,0.340859,-11.593,-3.32623,-201.123,-11.593,-3.32623,-201.123,0.07026
6120,6120,0A,0.552337,0.38687,0.654931,0.341059,-11.61,-3.37693,-201.057,-11.61,-3.37693,-201.057,0.0729918
6128,6128,0A,0.551658,0.386901,0.655596,0.340844,-11.6374,-3.36015,-201.071,-11.6374,-3.36015,-201.071,0.0714041
6136,6136,0A,0.55132,0.386773,0.65628,0.340219,-11.6128,-3.4258,-200.964,-11.6128,-3.4258,-200.964,0.0704282
6144,6144,0A,0.551307,0.387015,0.656015,0.340476,-11.5921,-3.36005,-200.996,-11.5921,-3.36005,-200.996,0.0711256
6152,6152,0A,0.551838,0.386951,0.655291,0.341084,-11.6214,-3.3575,-201.036,-11.6214,-3.3575,-201.036,0.0692254
6160,6160,0A,0.552358,0.387158,0.654313,0.341881,-11.612,-3.29836,-201.111,-11.612,-3.29836,-201.111,0.0708696
6168,6168,0A,0.552552,0.387034,0.654073,0.342168,-11.575,-3.33838,-201.113,-11.575,-3.33838,-201.113,0.0752337
6176,6176,0A,0.552023,0.386941,0.654538,0.342239,-11.5826,-3.37495,-201.102,-11.5826,-3.37495,-201.102,0.0739104
6184,6184,0A,0.551095,0.386417,0.65569,0.342122,-11.6413,-3.50813,-201.021,-11.6413,-3.50813,-201.021,0.0718482
6192,6192,0A,0.550411,0.385846,0.656288,0.34272,-11.6122,-3.56157,-200.986,-11.6122,-3.56157,-200.986,0.0750998
6200,6200,0A,0.550182,0.385498,0.656105,0.343827,-11.6147,-3.5981,-201.017,-11.6147,-3.5981,-201.017,0.0759799
6208,6208,0A,0.550374,0.384756,0.655885,0.344768,-11.5955,-3.69587,-201.024,-11.5955,-3.69587,-201.024,0.0759328
6216,6216,0A,0.550429,0.384309,0.655869,0.345211,-11.6227,-3.75045,-201.019,-11.6227,-3.75045,-201.019,0.0701489
6224,6224,0A,0.550325,0.384317,0.655864,0.345378,-11.623,-3.74333,-201.017,-11.623,-3.74333,-201.017,0.0677146
