120,120,0A,0.668928,-0.10441,0.689686,-0.256841,79.6103,117.686,-210.759,79.6103,117.686,-210.759,0.0681547
128,128,0A,0.667038,-0.121465,0.682805,-0.272185,79.5746,117.804,-210.727,79.5746,117.804,-210.727,0.0566878
136,136,0A,0.663802,-0.141059,0.674931,-0.289719,79.476,117.862,-211.036,79.476,117.862,-211.036,0.0685958
144,144,0A,0.661066,-0.157341,0.668034,-0.30326,79.5253,117.61,-211.107,79.5253,117.61,-211.107,0.0749839
152,152,0A,0.658675,-0.170972,0.662334,-0.313417,79.4614,117.476,-211.147,79.4614,117.476,-211.147,0.0667318
160,160,0A,0.656016,-0.181886,0.657713,-0.322451,79.524,117.492,-211.02,79.524,117.492,-211.02,0.0745388
168,168,0A,0.653017,-0.191561,0.653671,-0.33104,79.5409,117.586,-210.993,79.5409,117.586,-210.993,0.0788076
176,176,0A,0.649875,-0.202224,0.648412,-0.341074,79.567,117.635,-210.894,79.567,117.635,-210.894,0.0835409
184,184,0A,0.645794,-0.215541,0.641428,-0.353641,79.519,117.613,-211.044,79.519,117.613,-211.044,0.0721753
192,192,0A,0.641798,-0.227675,0.634262,-0.366022,79.5531,117.614,-211.003,79.5531,117.614,-211.003,0.0739075
200,200,0A,0.63787,-0.238897,0.627331,-0.377499,79.495,117.822,-211.016,79.495,117.822,-211.016,0.0760833
208,208,0A,0.634058,-0.249709,0.620435,-0.38817,79.5079,117.859,-211.146,79.5079,117.859,-211.146,0.077328
216,216,0A,0.631408,-0.257279,0.615399,-0.395493,79.4764,117.726,-211.106,79.4764,117.726,-211.106,0.0838465
224,224,0A,0.629152,-0.263402,0.611361,-0.401278,79.5216,117.729,-211.068,79.5216,117.729,-211.068,0.0840461
232,232,0A,0.626375,-0.271082,0.606651,-0.407607,79.4781,117.763,-211.154,79.4781,117.763,-211.154,0.079944
240,240,0A,0.622773,-0.280531,0.601104,-0.414885,79.5103,117.778,-211.143,79.5103,117.778,-211.143,0.0777747
248,248,0A,0.6196,-0.288473,0.596491,-0.420807,79.5368,117.771,-211.056,79.5368,117.771,-211.056,0.0916602
256,256,0A,0.617725,-0.293096,0.594047,-0.423815,79.5288,117.792,-211.046,79.5288,117.792,-211.046,0.0954006
264,264,0A,0.616757,-0.296044,0.592786,-0.42494,79.5072,117.852,-211.006,79.5072,117.852,-211.006,0.0836074
272,272,0A,0.61585,-0.299408,0.591186,-0.426126,79.523,117.658,-211.055,79.523,117.658,-211.055,0.0786849
280,280,0A,0.614834,-0.303383,0.589051,-0.427735,79.509,117.627,-210.939,79.509,117.627,-210.939,0.0942406
288,288,0A,0.613532,-0.307955,0.586328,-0.430073,79.4945,117.605,-210.917,79.4945,117.605,-210.917,0.0974739
296,296,0A,0.611977,-0.312878,0.583068,-0.433155,79.5648,117.632,-210.923,79.5648,117.632,-210.923,0.087261
304,304,0A,0.609869,-0.318814,0.578865,-0.437415,79.5038,117.537,-210.97,79.5038,117.537,-210.97,0.0858005
312,312,0A,0.604784,-0.329691,0.570741,-0.446985,79.4911,117.525,-210.919,79.4911,117.525,-210.919,0.0864799
320,320,0A,0.598454,-0.342736,0.560283,-0.458768,79.4999,117.609,-210.956,79.4999,117.609,-210.956,0.0983385
328,328,0A,0.591457,-0.354451,0.551079,-0.469952,79.4971,117.637,-210.914,79.4971,117.637,-210.914,0.0959693
336,336,0A,0.587163,-0.361837,0.544952,-0.476803,79.4773,117.598,-210.936,79.4773,117.598,-210.936,0.0913957
344,344,0A,0.583308,-0.36819,0.539568,-0.482756,79.5003,117.682,-210.924,79.5003,117.682,-210.924,0.0941727
352,352,0A,0.578948,-0.375528,0.533259,-0.489318,79.4996,117.781,-210.867,79.4996,117.781,-210.867,0.0966469
360,360,0A,0.574337,-0.382932,0.527024,-0.495727,79.4794,117.762,-210.885,79.4794,117.762,-210.885,0.10497
368,368,0A,0.571004,-0.388252,0.522632,-0.50007,79.5471,117.68,-210.9,79.5471,117.68,-210.9,0.0928372
376,376,0A,0.566909,-0.394652,0.517429,-0.505105,79.526,117.772,-210.834,79.526,117.772,-210.834,0.0878636
384,384,0A,0.562057,-0.40376,0.508869,-0.511978,79.5285,117.822,-210.807,79.5285,117.822,-210.807,0.087532
392,392,0A,0.554333,-0.416079,0.49731,-0.521801,79.5085,117.679,-210.858,79.5085,117.679,-210.858,0.100453
400,400,0A,0.547099,-0.427356,0.486472,-0.530467,79.5276,117.678,-210.762,79.5276,117.678,-210.762,0.113574
408,408,0A,0.540388,-0.436648,0.477431,-0.53794,79.5232,117.713,-210.751,79.5232,117.713,-210.751,0.0937577
416,416,0A,0.533908,-0.444849,0.4686,-0.545404,79.524,117.728,-210.826,79.524,117.728,-210.826,0.0945437
424,424,0A,0.526246,-0.454607,0.457446,-0.554202,79.5645,117.76,-210.824,79.5645,117.76,-210.824,0.113272
432,432,0A,0.517586,-0.464509,0.446391,-0.563092,79.5415,117.677,-210.875,79.5415,117.677,-210.875,0.102348
440,440,0A,0.511542,-0.471219,0.438092,-0.569519,79.5571,117.694,-210.834,79.5571,117.694,-210.834,0.110632
448,448,0A,0.506619,-0.476523,0.431696,-0.574371,79.5069,117.715,-210.846,79.5069,117.715,-210.846,0.105141
456,456,0A,0.50231,-0.48107,0.426461,-0.578262,79.5329,117.765,-210.854,79.5329,117.765,-210.854,0.0850361
464,464,0A,0.500363,-0.484135,0.42218,-0.580529,79.6027,117.849,-210.683,79.6027,117.849,-210.683,0.107686
472,472,0A,0.498348,-0.48736,0.418325,-0.582352,79.5707,117.788,-210.761,79.5707,117.788,-210.761,0.119896
480,480,0A,0.494834,-0.491619,0.413447,-0.585244,79.6048,117.726,-210.782,79.6048,117.726,-210.782,0.110365
488,488,0A,0.491225,-0.496235,0.407955,-0.588235,79.5935,117.706,-210.763,79.5935,117.706,-210.763,0.11095
496,496,0A,0.486607,-0.501669,0.401423,-0.591947,79.5678,117.614,-210.822,79.5678,117.614,-210.822,0.0961542
504,504,0A,0.479227,-0.509165,0.39223,-0.597703,79.561,117.715,-210.651,79.561,117.715,-210.651,0.0893135
512,512,0A,0.468241,-0.520115,0.378375,-0.605858,79.5987,117.724,-210.617,79.5987,117.724,-210.617,0.113133
520,520,0A,0.455586,-0.531666,0.362956,-0.614846,79.6362,117.629,-210.615,79.6362,117.629,-210.615,0.109711
528,528,0A,0.446517,-0.539393,0.351312,-0.621496,79.6617,117.73,-210.577,79.6617,117.73,-210.577,0.118514
536,536,0A,0.439175,-0.544795,0.342979,-0.626649,79.6633,117.736,-210.649,79.6633,117.736,-210.649,0.111542
544,544,0A,0.432327,-0.549809,0.335767,-0.630923,79.625,117.769,-210.603,79.625,117.769,-210.603,0.0849062
552,552,0A,0.423087,-0.557331,0.324173,-0.636625,79.7055,117.864,-210.462,79.7055,117.864,-210.462,0.106103
560,560,0A,0.410914,-0.566748,0.309746,-0.643432,79.6216,117.569,-210.597,79.6216,117.569,-210.597,0.101599
568,568,0A,0.405,-0.571783,0.30161,-0.646584,79.6329,117.695,-210.481,79.6329,117.695,-210.481,0.109294
576,576,0A,0.400806,-0.575299,0.296242,-0.648558,79.617,117.662,-210.473,79.617,117.662,-210.473,0.0993006
584,584,0A,0.398054,-0.578038,0.292199,-0.64965,79.5713,117.644,-210.521,79.5713,117.644,-210.521,0.0939952
592,592,0A,0.39193,-0.584599,0.282058,-0.65198,79.5004,118.304,-210.362,79.5004,118.304,-210.362,0.174253
600,600,0A,0.36562,-0.601028,0.252571,-0.664301,79.7656,117.577,-210.255,79.7656,117.577,-210.255,0.116185
608,608,0A,0.347279,-0.612718,0.231189,-0.671213,79.7184,117.633,-210.197,79.7184,117.633,-210.197,0.115481
616,616,0A,0.33183,-0.621344,0.213828,-0.67683,79.7077,117.466,-210.155,79.7077,117.466,-210.155,0.0858891
624,624,0A,0.323683,-0.62591,0.204812,-0.679351,79.6963,117.505,-210.171,79.6963,117.505,-210.171,0.0961945
632,632,0A,0.317111,-0.629034,0.198903,-0.681318,79.708,117.549,-210.1,79.708,117.549,-210.1,0.0907426
640,640,0A,0.313371,-0.630911,0.195761,-0.682223,79.6624,117.667,-210.077,79.6624,117.667,-210.077,0.0904145
648,648,0A,0.309426,-0.632978,0.191806,-0.683232,79.6066,117.635,-210.146,79.6066,117.635,-210.146,0.0945143
656,656,0A,0.304986,-0.636293,0.184954,-0.684037,79.5482,117.937,-210.069,79.5482,117.937,-210.069,0.121974
664,664,0A,0.289554,-0.643336,0.167084,-0.688738,79.5418,117.637,-210.061,79.5418,117.637,-210.061,0.0701346
672,672,0A,0.276096,-0.650204,0.148181,-0.692134,79.701,117.581,-209.826,79.701,117.581,-209.826,0.0880963
680,680,0A,0.258528,-0.657867,0.125045,-0.696232,79.8365,117.278,-209.83,79.8365,117.278,-209.83,0.083052
688,688,0A,0.250923,-0.662084,0.114445,-0.696839,79.6915,117.3,-209.891,79.6915,117.3,-209.891,0.0668399
696,696,0A,0.246428,-0.664622,0.108165,-0.697031,79.6888,117.304,-209.773,79.6888,117.304,-209.773,0.0697618
704,704,0A,0.241572,-0.667604,0.101383,-0.6969,79.7278,117.515,-209.656,79.7278,117.515,-209.656,0.0822062
712,712,0A,0.231283,-0.672166,0.0908452,-0.697459,79.549,117.297,-209.703,79.549,117.297,-209.703,0.0567107
720,720,0A,0.220719,-0.676029,0.0791129,-0.698577,79.7368,117.247,-209.518,79.7368,117.247,-209.518,0.0622172
728,728,0A,0.212446,-0.679592,0.0702438,-0.698633,79.6979,117.214,-209.543,79.6979,117.214,-209.543,0.0745475
736,736,0A,0.205172,-0.68219,0.0629023,-0.698974,79.6763,117.303,-209.476,79.6763,117.303,-209.476,0.060876
744,744,0A,0.198757,-0.684243,0.0563311,-0.699382,79.7141,117.274,-209.407,79.7141,117.274,-209.407,0.0581504
752,752,0A,0.194419,-0.685742,0.0522938,-0.699446,79.7002,117.339,-209.381,79.7002,117.339,-209.381,0.0575165
760,760,0A,0.1903,-0.686944,0.0491192,-0.699629,79.6804,117.344,-209.436,79.6804,117.344,-209.436,0.0703767
768,768,0A,0.186258,-0.687882,0.0458369,-0.700019,79.6672,117.389,-209.413,79.6672,117.389,-209.413,0.0594159
776,776,0A,0.180303,-0.689286,0.0395505,-0.700579,79.6402,117.452,-209.432,79.6402,117.452,-209.432,0.0572996
784,784,0A,0.169769,-0.691855,0.027736,-0.701247,79.659,117.455,-209.358,79.659,117.455,-209.358,0.0581001
792,792,0A,0.155474,-0.695054,0.0125189,-0.701834,79.6939,117.369,-209.3,79.6939,117.369,-209.3,0.0524376
800,800,0A,0.144447,-0.697539,0.00075674,-0.701836,79.7398,117.337,-209.276,79.7398,117.337,-209.276,0.0442061
808,808,0A,0.139026,-0.699159,-0.0056323,-0.701297,79.6921,117.344,-209.3,79.6921,117.344,-209.3,0.0439507
816,816,0A,0.133458,-0.70091,-0.0126655,-0.700538,79.6019,117.362,-209.365,79.6019,117.362,-209.365,0.0547581
824,824,0A,0.120297,-0.703183,-0.0282391,-0.70019,79.7585,117.436,-209.107,79.7585,117.436,-209.107,0.0372391
832,832,0A,0.105165,-0.705792,-0.0464204,-0.69903,79.7771,117.432,-208.955,79.7771,117.432,-208.955,0.0363591
840,840,0A,0.0930551,-0.707432,-0.0607397,-0.697991,79.808,117.282,-208.912,79.808,117.282,-208.912,0.0252505
848,848,0A,0.0885727,-0.708325,-0.0664322,-0.697149,79.7083,117.218,-208.973,79.7083,117.218,-208.973,0.0308205
856,856,0A,0.0854055,-0.708923,-0.0701751,-0.69657,79.6705,117.195,-209.082,79.6705,117.195,-209.082,0.0410147
864,864,0A,0.0700274,-0.710018,-0.0868795,-0.695286,79.845,117.617,-208.819,79.845,117.617,-208.819,0.0494107
872,872,0A,0.044861,-0.711505,-0.112754,-0.692123,79.866,117.355,-208.635,79.866,117.355,-208.635,0.0336277
880,880,0A,0.0304532,-0.712288,-0.126508,-0.68972,79.8126,117.284,-208.795,79.8126,117.284,-208.795,0.030894
888,888,0A,0.024254,-0.712692,-0.13052,-0.688801,79.7669,117.294,-208.961,79.7669,117.294,-208.961,0.0397621
896,896,0A,0.0213114,-0.712967,-0.132064,-0.688319,79.6982,117.381,-208.97,79.6982,117.381,-208.97,0.0355498
904,904,0A,0.0158002,-0.713014,-0.136575,-0.687538,79.7294,117.497,-208.955,79.7294,117.497,-208.955,0.0425943
912,912,0A,0.00620726,-0.713695,-0.145223,-0.685209,79.5517,117.252,-209.1,79.5517,117.252,-209.1,0.0417909
920,920,0A,0.00506376,0.713555,0.156896,0.682786,79.7051,117.262,-208.853,79.7051,117.262,-208.853,0.0217506
928,928,0A,0.018511,0.713317,0.171826,0.6792,79.6625,117.513,-208.77,79.6625,117.513,-208.77,0.0531855
936,936,0A,0.0403927,0.711931,0.196159,0.673086,79.6772,117.53,-208.808,79.6772,117.53,-208.808,0.0659458
944,944,0A,0.0696603,0.708418,0.227917,0.664338,79.9231,117.587,-208.47,79.9231,117.587,-208.47,0.0902866
952,952,0A,0.0933109,0.705188,0.253684,0.655475,79.9095,117.351,-208.475,79.9095,117.351,-208.475,0.0747977
960,960,0A,0.103094,0.70319,0.265605,0.651422,79.8572,117.376,-208.476,79.8572,117.376,-208.476,0.0731963
968,968,0A,0.107995,0.70201,0.271918,0.649292,79.8492,117.31,-208.499,79.8492,117.31,-208.499,0.0819455
976,976,0A,0.117135,0.700462,0.28227,0.644946,79.5132,117.078,-208.823,79.5132,117.078,-208.823,0.0707015
984,984,0A,0.126856,0.69815,0.292105,0.641224,79.7989,117.14,-208.534,79.7989,117.14,-208.534,0.0652122
992,992,0A,0.135345,0.696111,0.300616,0.637763,79.8376,117.347,-208.509,79.8376,117.347,-208.509,0.0941808
1000,1000,0A,0.141502,0.695001,0.306082,0.635031,79.8145,117.333,-208.501,79.8145,117.333,-208.501,0.104079
1008,1008,0A,0.148886,0.693102,0.31301,0.632035,79.8352,117.577,-208.456,79.8352,117.577,-208.456,0.124481
1016,1016,0A,0.160831,0.68995,0.324544,0.626717,79.8145,117.529,-208.471,79.8145,117.529,-208.471,0.11418
1024,1024,0A,0.171739,0.687111,0.3349,0.621471,79.8747,117.433,-208.47,79.8747,117.433,-208.47,0.122752
1032,1032,0A,0.177479,0.685533,0.340943,0.618307,79.8857,117.329,-208.568,79.8857,117.329,-208.568,0.105066
1040,1040,0A,0.179658,0.684268,0.344366,0.617181,79.8696,117.373,-208.405,79.8696,117.373,-208.405,0.112661
1048,1048,0A,0.181955,0.683342,0.347262,0.61591,79.8467,117.285,-208.465,79.8467,117.285,-208.465,0.112614
1056,1056,0A,0.188117,0.680386,0.353914,0.613541,79.8598,117.646,-208.359,79.8598,117.646,-208.359,0.167377
1064,1064,0A,0.196282,0.67802,0.361433,0.609204,79.8487,117.344,-208.485,79.8487,117.344,-208.485,0.11751
1072,1072,0A,0.201332,0.676659,0.365121,0.606865,79.8219,117.357,-208.461,79.8219,117.357,-208.461,0.120419
1080,1080,0A,0.205677,0.675873,0.367294,0.604969,79.8159,117.426,-208.586,79.8159,117.426,-208.586,0.116684
1088,1088,0A,0.211033,0.675197,0.369599,0.60247,79.787,117.539,-208.566,79.787,117.539,-208.566,0.120408
1096,1096,0A,0.222433,0.672294,0.378069,0.596329,79.6463,117.41,-208.712,79.6463,117.41,-208.712,0.105544
1104,1104,0A,0.232785,0.670823,0.383614,0.590465,79.822,117.5,-208.561,79.822,117.5,-208.561,0.100924
1112,1112,0A,0.240384,0.668922,0.388407,0.586429,79.8204,117.832,-208.58,79.8204,117.832,-208.58,0.115419
1120,1120,0A,0.247322,0.666651,0.393276,0.582874,79.8679,117.817,-208.623,79.8679,117.817,-208.623,0.136121
1128,1128,0A,0.254059,0.66385,0.399276,0.579082,79.8771,117.754,-208.69,79.8771,117.754,-208.69,0.134941
1136,1136,0A,0.261443,0.659789,0.407373,0.574781,79.8554,117.845,-208.576,79.8554,117.845,-208.576,0.144559
1144,1144,0A,0.269878,0.655336,0.416732,0.569241,79.8655,117.746,-208.626,79.8655,117.746,-208.626,0.139953
1152,1152,0A,0.274316,0.652117,0.423043,0.566153,79.8414,117.595,-208.662,79.8414,117.595,-208.662,0.134955
1160,1160,0A,0.27452,0.650881,0.42502,0.565997,79.8535,117.616,-208.618,79.8535,117.616,-208.618,0.139392
1168,1168,0A,0.275081,0.649622,0.42705,0.565642,79.8729,117.641,-208.6,79.8729,117.641,-208.6,0.138624
1176,1176,0A,0.276468,0.648414,0.42964,0.564388,79.875,117.482,-208.654,79.875,117.482,-208.654,0.135568
1184,1184,0A,0.280974,0.645303,0.435374,0.561327,79.8965,117.605,-208.509,79.8965,117.605,-208.509,0.154084
1192,1192,0A,0.288879,0.64053,0.444291,0.555766,79.8584,117.482,-208.612,79.8584,117.482,-208.612,0.133151
1200,1200,0A,0.295911,0.635849,0.45222,0.551026,79.8357,117.522,-208.578,79.8357,117.522,-208.578,0.141653
1208,1208,0A,0.303234,0.631116,0.460169,0.545882,79.8401,117.333,-208.663,79.8401,117.333,-208.663,0.13712
1216,1216,0A,0.309742,0.626269,0.467601,0.541476,79.8027,117.407,-208.602,79.8027,117.407,-208.602,0.141507
1224,1224,0A,0.319484,0.620522,0.476788,0.534374,79.8382,117.445,-208.463,79.8382,117.445,-208.463,0.150757
1232,1232,0A,0.331969,0.613849,0.487877,0.524368,79.827,117.401,-208.602,79.827,117.401,-208.602,0.144469
1240,1240,0A,0.342127,0.607924,0.497222,0.515896,79.8215,117.426,-208.668,79.8215,117.426,-208.668,0.140753
1248,1248,0A,0.349609,0.603482,0.504278,0.509202,79.8085,117.374,-208.626,79.8085,117.374,-208.626,0.14891
1256,1256,0A,0.356876,0.598682,0.511653,0.502425,79.7799,117.372,-208.6,79.7799,117.372,-208.6,0.151892
1264,1264,0A,0.367412,0.591251,0.522014,0.492882,79.8289,117.381,-208.566,79.8289,117.381,-208.566,0.151443
1272,1272,0A,0.381251,0.581335,0.535314,0.479725,79.8287,117.469,-208.6,79.8287,117.469,-208.6,0.151418
1280,1280,0A,0.393358,0.572191,0.547566,0.466946,79.7448,117.405,-208.685,79.7448,117.405,-208.685,0.135087
1296,1296,0A,0.409073,0.559177,0.563231,0.450281,79.8369,116.97,-208.96,79.8369,116.97,-208.96,0.129554
1304,1304,0A,0.417838,0.551514,0.571863,0.440701,79.792,117.13,-208.899,79.792,117.13,-208.899,0.140165
1312,1312,0A,0.428776,0.542398,0.581852,0.428256,79.7964,117.121,-208.876,79.7964,117.121,-208.876,0.152344
1320,1320,0A,0.442144,0.53077,0.593318,0.413239,79.8387,117.183,-208.865,79.8387,117.183,-208.865,0.142131
1328,1328,0A,0.458843,0.515156,0.607688,0.393439,79.7869,117.176,-208.994,79.7869,117.176,-208.994,0.117335
1336,1336,0A,0.474701,0.499456,0.620684,0.374104,79.813,117.195,-209.146,79.813,117.195,-209.146,0.127783
1344,1344,0A,0.490224,0.482573,0.633594,0.354066,79.7959,117.236,-209.126,79.7959,117.236,-209.126,0.102121
1352,1352,0A,0.505292,0.464692,0.64639,0.333048,79.7928,117.194,-209.039,79.7928,117.194,-209.039,0.120128
1360,1360,0A,0.51765,0.44862,0.657142,0.314554,79.7327,117.357,-209.07,79.7327,117.357,-209.07,0.128141
1368,1368,0A,0.527768,0.433597,0.667371,0.296767,79.7012,117.383,-209.251,79.7012,117.383,-209.251,0.10861
1376,1376,0A,0.534231,0.423999,0.673348,0.285352,79.7643,117.095,-209.143,79.7643,117.095,-209.143,0.106093
1384,1384,0A,0.540017,0.415388,0.677662,0.276783,79.7631,117.173,-209.122,79.7631,117.173,-209.122,0.0992841
1392,1392,0A,0.547473,0.404128,0.683286,0.264714,79.816,117.318,-209.302,79.816,117.318,-209.302,0.0899774
1400,1400,0A,0.554988,0.392296,0.68928,0.25097,79.7557,117.264,-209.377,79.7557,117.264,-209.377,0.0802292
1408,1408,0A,0.560482,0.383163,0.693745,0.240344,79.6641,117.303,-209.376,79.6641,117.303,-209.376,0.0927608
1416,1416,0A,0.566258,0.37427,0.697153,0.230763,79.674,117.294,-209.222,79.674,117.294,-209.222,0.0822726
1424,1424,0A,0.576216,0.359558,0.702056,0.214034,79.8861,117.072,-209.528,79.8861,117.072,-209.528,0.0755909
1432,1432,0A,0.592009,0.332739,0.710234,0.185416,79.6762,117.358,-209.551,79.6762,117.358,-209.551,0.0500033
1440,1440,0A,0.608958,0.302872,0.717132,0.152184,79.5825,117.527,-209.755,79.5825,117.527,-209.755,0.0678373
1448,1448,0A,0.623135,0.275338,0.721915,0.121368,79.6309,117.739,-209.926,79.6309,117.739,-209.926,0.0247468
1456,1456,0A,0.632181,0.254783,0.724943,0.0994504,79.5313,117.867,-210.363,79.5313,117.867,-210.363,0.033239
1464,1464,0A,0.636413,0.240516,0.727898,0.0854082,79.5722,117.583,-210.438,79.5722,117.583,-210.438,0.0364512
1472,1472,0A,0.638921,0.22965,0.730237,0.0761214,79.7203,117.474,-210.098,79.7203,117.474,-210.098,0.0326003
1480,1480,0A,0.642475,0.219366,0.731191,0.0668176,79.7114,117.571,-209.905,79.7114,117.571,-209.905,0.038049
1488,1488,0A,0.646743,0.211073,0.730569,0.0586623,79.5879,117.607,-210.199,79.5879,117.607,-210.199,0.0445341
1496,1496,0A,0.651047,0.205561,0.728856,0.0514957,79.6118,117.835,-210.173,79.6118,117.835,-210.173,0.027273
1504,1504,0A,0.655022,0.197729,0.728061,0.042154,79.6322,118.003,-210.329,79.6322,118.003,-210.329,0.0288996
1512,1512,0A,0.657707,0.185228,0.729584,0.0286268,79.6512,117.787,-210.419,79.6512,117.787,-210.419,0.035827
1528,1528,0A,0.661781,0.157375,0.732987,0.00298631,79.6172,117.531,-210.238,79.6172,117.531,-210.238,0.0295203
1536,1536,0A,0.664054,0.146571,0.73314,-0.00742304,79.6129,117.414,-210.311,79.6129,117.414,-210.311,0.0232978
1544,1544,0A,0.665842,0.137258,0.733161,-0.0170306,79.5617,117.595,-210.345,79.5617,117.595,-210.345,0.0288264
1552,1552,0A,0.666861,0.130623,0.73324,-0.02435,79.5903,117.512,-210.385,79.5903,117.512,-210.385,0.0284012
1560,1560,0A,0.668137,0.124845,0.73286,-0.030376,79.6357,117.495,-210.19,79.6357,117.495,-210.19,0.0290308
1568,1568,0A,0.670426,0.111617,0.732233,-0.0436637,79.6387,117.533,-210.233,79.6387,117.533,-210.233,0.0404335
1576,1576,0A,0.673319,0.0914999,0.730939,-0.0632229,79.6187,117.695,-210.35,79.6187,117.695,-210.35,0.0467616
1584,1584,0A,0.675293,0.0691097,0.729378,-0.084923,79.5214,117.518,-210.661,79.5214,117.518,-210.661,0.0415437
1592,1592,0A,0.676471,0.0511439,0.727599,-0.101842,79.5802,117.557,-210.56,79.5802,117.557,-210.56,0.0578006
1600,1600,0A,0.67732,0.0342949,0.725399,-0.117718,79.601,117.466,-210.564,79.601,117.466,-210.564,0.0502501
1608,1608,0A,0.677759,0.0156173,0.722467,-0.135797,79.5377,117.489,-210.576,79.5377,117.489,-210.576,0.0481515
1616,1616,0A,0.677616,-0.000464315,0.719698,-0.151235,79.4962,117.468,-210.797,79.4962,117.468,-210.797,0.0499655
1624,1624,0A,0.677735,-0.00933294,0.717659,-0.159858,79.5816,117.478,-210.605,79.5816,117.478,-210.605,0.0660959
1632,1632,0A,0.67804,-0.0199039,0.714939,-0.169493,79.614,117.553,-210.648,79.614,117.553,-210.648,0.0501706
1640,1640,0A,0.677595,-0.0338985,0.711531,-0.182865,79.4524,117.534,-210.892,79.4524,117.534,-210.892,0.0476176
1648,1648,0A,0.67727,-0.0430466,0.70897,-0.191869,79.5074,117.455,-210.863,79.5074,117.455,-210.863,0.0602855
1656,1656,0A,0.67711,-0.0483087,0.707536,-0.196423,79.5495,117.475,-210.774,79.5495,117.475,-210.774,0.0575169
1664,1664,0A,0.676734,-0.0538475,0.706082,-0.201444,79.5544,117.492,-210.747,79.5544,117.492,-210.747,0.0652611
1672,1672,0A,0.676206,-0.0626137,0.70347,-0.209659,79.5508,117.409,-210.803,79.5508,117.409,-210.803,0.0710014
1680,1680,0A,0.675184,-0.0763095,0.699262,-0.222118,79.4809,117.435,-210.868,79.4809,117.435,-210.868,0.0708249
1688,1688,0A,0.673343,-0.0938637,0.693601,-0.238153,79.4688,117.472,-210.844,79.4688,117.472,-210.844,0.073744
1696,1696,0A,0.670194,-0.116509,0.685765,-0.258827,79.4946,117.423,-210.855,79.4946,117.423,-210.855,0.072474
1704,1704,0A,0.666304,-0.140707,0.676568,-0.28017,79.4597,117.43,-211.112,79.4597,117.43,-211.112,0.0716645
1712,1712,0A,0.66316,-0.157895,0.669636,-0.294749,79.5063,117.486,-211.068,79.5063,117.486,-211.068,0.0761383
1720,1720,0A,0.661092,-0.16669,0.666562,-0.301443,79.5354,117.48,-210.969,79.5354,117.48,-210.969,0.0674936
1728,1728,0A,0.660186,-0.169772,0.665908,-0.303148,79.5422,117.384,-210.889,79.5422,117.384,-210.889,0.0671273
1736,1736,0A,0.660213,-0.1699,0.666066,-0.302672,79.5543,117.432,-210.856,79.5543,117.432,-210.856,0.0784843
1744,1744,0A,0.66046,-0.169152,0.666581,-0.301412,79.4643,117.411,-210.984,79.4643,117.411,-210.984,0.0643825
1752,1752,0A,0.661318,-0.163206,0.669563,-0.296157,79.464,117.331,-211.082,79.464,117.331,-211.082,0.0746708
1760,1760,0A,0.663951,-0.145903,0.677507,-0.280831,79.4416,117.352,-211.015,79.4416,117.352,-211.015,0.0704069
1768,1768,0A,0.667872,-0.116365,0.689758,-0.254243,79.4424,117.396,-210.996,79.4424,117.396,-210.996,0.0659501
1776,1776,0A,0.671843,-0.0759854,0.703833,-0.217882,79.5134,117.416,-210.832,79.5134,117.416,-210.832,0.0737797
1784,1784,0A,0.674395,-0.0335659,0.715612,-0.178788,79.6232,117.499,-210.354,79.6232,117.499,-210.354,0.0645118
1792,1792,0A,0.674882,-0.000876769,0.72292,-0.14806,79.6138,117.458,-210.375,79.6138,117.458,-210.375,0.0532056
1800,1800,0A,0.674627,0.0239633,0.727286,-0.123935,79.5489,117.523,-210.472,79.5489,117.523,-210.472,0.0431137
1808,1808,0A,0.673328,0.046572,0.730792,-0.102004,79.5213,117.439,-210.5,79.5213,117.439,-210.5,0.04593
1816,1816,0A,0.671831,0.0712294,0.733067,-0.0786244,79.6774,117.462,-210.146,79.6774,117.462,-210.146,0.0440528
1824,1824,0A,0.669463,0.0910308,0.734668,-0.0616053,79.6927,117.458,-210.099,79.6927,117.458,-210.099,0.0473404
1832,1832,0A,0.66508,0.111458,0.737037,-0.0449751,79.7004,117.119,-210.135,79.7004,117.119,-210.135,0.0741897
1840,1840,0A,0.659771,0.142612,0.737664,-0.0147367,79.5865,117.525,-210.191,79.5865,117.525,-210.191,0.0359272
1848,1848,0A,0.654727,0.165997,0.737376,0.00742878,79.7499,117.616,-209.792,79.7499,117.616,-209.792,0.0314698
1856,1856,0A,0.650387,0.181327,0.73729,0.022846,79.6517,117.674,-209.873,79.6517,117.674,-209.873,0.021487
1864,1864,0A,0.644681,0.201184,0.736203,0.0437793,79.6153,117.66,-209.904,79.6153,117.66,-209.904,0.0353852
1872,1872,0A,0.635923,0.22922,0.733274,0.0732706,79.625,117.622,-209.748,79.625,117.622,-209.748,0.0308351
1880,1880,0A,0.625248,0.259642,0.728356,0.105588,79.781,117.535,-209.429,79.781,117.535,-209.429,0.0293615
1888,1888,0A,0.613246,0.288949,0.722069,0.138038,79.6671,117.587,-209.48,79.6671,117.587,-209.48,0.0378884
1896,1896,0A,0.599316,0.319447,0.713475,0.172414,79.7578,117.512,-209.247,79.7578,117.512,-209.247,0.0596634
1904,1904,0A,0.583813,0.349455,0.703147,0.206466,79.7174,117.325,-209.207,79.7174,117.325,-209.207,0.0937049
1912,1912,0A,0.57172,0.370035,0.694797,0.23123,79.6794,117.408,-209.104,79.6794,117.408,-209.104,0.0712895
1920,1920,0A,0.560189,0.389184,0.686051,0.253098,79.6838,117.369,-209.158,79.6838,117.369,-209.158,0.096076
1936,1936,0A,0.522426,0.442606,0.657728,0.313952,79.7423,117.142,-209.332,79.7423,117.142,-209.332,0.123271
1944,1944,0A,0.494553,0.47637,0.635915,0.352279,79.7559,117.122,-209.242,79.7559,117.122,-209.242,0.115028
1952,1952,0A,0.466073,0.506947,0.612487,0.388124,79.9399,116.927,-208.953,79.9399,116.927,-208.953,0.116153
1960,1960,0A,0.443048,0.52905,0.593364,0.414408,79.8503,117.091,-208.883,79.8503,117.091,-208.883,0.141116
1968,1968,0A,0.427008,0.543916,0.579428,0.431373,79.7304,117.242,-208.894,79.7304,117.242,-208.894,0.15025
1976,1976,0A,0.411095,0.558349,0.564485,0.447889,79.7503,117.236,-208.824,79.7503,117.236,-208.824,0.153476
1984,1984,0A,0.390128,0.574676,0.545581,0.468923,79.8143,117.229,-208.647,79.8143,117.229,-208.647,0.149786
1992,1992,0A,0.36878,0.589251,0.527308,0.488601,79.7993,117.012,-208.743,79.7993,117.012,-208.743,0.142641
2000,2000,0A,0.352686,0.598778,0.513754,0.503124,79.8239,117.047,-208.815,79.8239,117.047,-208.815,0.148746
2008,2008,0A,0.342297,0.604199,0.505273,0.512324,79.7918,117.037,-208.807,79.7918,117.037,-208.807,0.152603
2016,2016,0A,0.32626,0.613378,0.491514,0.525106,79.8054,117.03,-208.745,79.8054,117.03,-208.745,0.1437
2024,2024,0A,0.301542,0.626973,0.469219,0.543886,79.8175,116.978,-208.6,79.8175,116.978,-208.6,0.150534
2032,2032,0A,0.276856,0.640094,0.446118,0.560901,79.8007,117.043,-208.585,79.8007,117.043,-208.585,0.143902
2040,2040,0A,0.253593,0.651228,0.423954,0.576069,79.7808,117.04,-208.491,79.7808,117.04,-208.491,0.141684
2048,2048,0A,0.231591,0.660547,0.402617,0.589867,79.8156,117.168,-208.493,79.8156,117.168,-208.493,0.141405
2056,2056,0A,0.207846,0.67098,0.377943,0.603113,79.8357,117.03,-208.521,79.8357,117.03,-208.521,0.126545
2064,2064,0A,0.182447,0.680337,0.351815,0.616508,79.8329,117.067,-208.562,79.8329,117.067,-208.562,0.0999832
2072,2072,0A,0.159822,0.686663,0.328983,0.628269,79.8061,117.054,-208.436,79.8061,117.054,-208.436,0.10345
2088,2088,0A,0.129405,0.692587,0.298563,0.643768,79.8234,117.304,-208.711,79.8234,117.304,-208.711,0.096243
2096,2096,0A,0.116777,0.694923,0.285418,0.649601,79.8593,117.301,-208.603,79.8593,117.301,-208.603,0.0891687
2104,2104,0A,0.102901,0.697176,0.271211,0.655592,79.8254,117.35,-208.584,79.8254,117.35,-208.584,0.0898836
2112,2112,0A,0.0863318,0.699535,0.254237,0.662239,79.8478,117.222,-208.719,79.8478,117.222,-208.719,0.0762664
2120,2120,0A,0.0666704,0.702142,0.233659,0.669295,79.7821,117.304,-208.908,79.7821,117.304,-208.908,0.0646302
2128,2128,0A,0.0468001,0.704308,0.21213,0.675841,79.8116,117.342,-208.901,79.8116,117.342,-208.901,0.0608738
2136,2136,0A,0.0257287,0.705852,0.189591,0.682031,79.7952,117.311,-208.875,79.7952,117.311,-208.875,0.0558651
2144,2144,0A,0.000748064,0.706796,0.162897,0.688406,79.7373,117.29,-209.056,79.7373,117.29,-209.056,0.0376718
2152,2152,0A,0.0271121,-0.706588,-0.132746,-0.694533,79.7279,117.35,-209.074,79.7279,117.35,-209.074,0.0411543
2160,2160,0A,0.0556758,-0.705343,-0.101564,-0.69934,79.6538,117.328,-209.283,79.6538,117.328,-209.283,0.0380671
2168,2168,0A,0.082627,-0.702851,-0.0721661,-0.702827,79.6167,117.255,-209.427,79.6167,117.255,-209.427,0.047835
2176,2176,0A,0.106026,-0.699311,-0.0462056,-0.705399,79.7222,117.452,-209.363,79.7222,117.452,-209.363,0.0370453
2184,2184,0A,0.127824,-0.695384,-0.021542,-0.706851,79.7373,117.409,-209.372,79.7373,117.409,-209.372,0.0457492
2192,2192,0A,0.150657,-0.691083,0.00467853,-0.706884,79.6084,117.58,-209.601,79.6084,117.58,-209.601,0.0413801
2200,2200,0A,0.16771,-0.686416,0.0245433,-0.707181,79.7906,117.546,-209.489,79.7906,117.546,-209.489,0.0460221
2208,2208,0A,0.186888,-0.681384,0.0468986,-0.706109,79.7157,117.48,-209.623,79.7157,117.48,-209.623,0.0559599
2216,2216,0A,0.20978,-0.67444,0.0732866,-0.704097,79.6277,117.477,-209.85,79.6277,117.477,-209.85,0.0613607
2224,2224,0A,0.235336,-0.665062,0.102998,-0.701213,79.6823,117.414,-209.867,79.6823,117.414,-209.867,0.0650085
2232,2232,0A,0.265754,-0.653137,0.136252,-0.695861,79.6811,117.67,-209.896,79.6811,117.67,-209.896,0.0824804
2240,2240,0A,0.291971,-0.640886,0.166167,-0.690222,79.681,117.556,-210.081,79.681,117.556,-210.081,0.0875143
2248,2248,0A,0.321036,-0.626107,0.199223,-0.682082,79.6463,117.706,-210.182,79.6463,117.706,-210.182,0.104981
2256,2256,0A,0.350048,-0.608995,0.233822,-0.672249,79.6298,117.542,-210.426,79.6298,117.542,-210.426,0.0900593
2264,2264,0A,0.384162,-0.586776,0.27388,-0.658106,79.6227,117.773,-210.503,79.6227,117.773,-210.503,0.0892014
2272,2272,0A,0.410954,-0.566425,0.308388,-0.644342,79.3468,117.597,-210.866,79.3468,117.597,-210.866,0.0573914
2280,2280,0A,0.429309,-0.551692,0.329052,-0.634866,79.8594,117.735,-210.588,79.8594,117.735,-210.588,0.130769
2288,2288,0A,0.435459,-0.545706,0.339,-0.630602,79.5044,117.846,-210.802,79.5044,117.846,-210.802,0.102124
2296,2296,0A,0.441512,-0.540193,0.346481,-0.627064,79.6142,117.853,-210.744,79.6142,117.853,-210.744,0.122141
2304,2304,0A,0.449134,-0.53284,0.356694,-0.622198,79.7139,117.693,-210.725,79.7139,117.693,-210.725,0.140518
2312,2312,0A,0.463923,-0.518089,0.377454,-0.611464,79.5619,117.878,-210.79,79.5619,117.878,-210.79,0.113879
2320,2320,0A,0.482383,-0.498266,0.402779,-0.597334,79.5292,117.917,-210.879,79.5292,117.917,-210.879,0.0923019
2328,2328,0A,0.498515,-0.480007,0.424194,-0.584068,79.4824,118.004,-210.994,79.4824,118.004,-210.994,0.107653
2336,2336,0A,0.509348,-0.467837,0.437388,-0.574792,79.5506,118.048,-210.918,79.5506,118.048,-210.918,0.113535
2344,2344,0A,0.519527,-0.456069,0.450777,-0.564707,79.5358,117.803,-211.067,79.5358,117.803,-211.067,0.0854063
2352,2352,0A,0.533607,-0.438738,0.469097,-0.550202,79.5167,117.914,-211.052,79.5167,117.914,-211.052,0.106937
2360,2360,0A,0.547992,-0.420069,0.487953,-0.533993,79.5061,117.924,-211.058,79.5061,117.924,-211.058,0.0882377
2368,2368,0A,0.560108,-0.402719,0.504828,-0.518888,79.4909,117.781,-211.113,79.4909,117.781,-211.113,0.0964626
2376,2376,0A,0.570135,-0.387627,0.518688,-0.505621,79.5484,117.835,-211.042,79.5484,117.835,-211.042,0.0910027
2384,2384,0A,0.577373,-0.375544,0.529555,-0.495155,79.5101,117.793,-211.065,79.5101,117.793,-211.065,0.0861711
2392,2392,0A,0.584138,-0.364311,0.538795,-0.485552,79.4915,117.749,-211.074,79.4915,117.749,-211.074,0.0892683
2400,2400,0A,0.592745,-0.349833,0.550347,-0.47264,79.4774,117.678,-211.227,79.4774,117.678,-211.227,0.0938489
2408,2408,0A,0.603426,-0.32908,0.566883,-0.454122,79.4543,117.723,-211.205,79.4543,117.723,-211.205,0.0901204
2416,2416,0A,0.613157,-0.307491,0.583084,-0.435317,79.4871,117.597,-211.121,79.4871,117.597,-211.121,0.0792758
2424,2424,0A,0.621963,-0.289185,0.595058,-0.418855,79.4522,117.654,-211.204,79.4522,117.654,-211.204,0.094366
2432,2432,0A,0.628407,-0.275227,0.603823,-0.405897,79.461,117.744,-211.12,79.461,117.744,-211.12,0.0960329
2440,2440,0A,0.634409,-0.2599,0.613826,-0.391402,79.4799,117.63,-211.177,79.4799,117.63,-211.177,0.0836781
2448,2448,0A,0.640417,-0.241828,0.625087,-0.375035,79.5908,117.559,-211.052,79.5908,117.559,-211.052,0.0977406
2456,2456,0A,0.64513,-0.227855,0.633257,-0.361766,79.5236,117.657,-211.026,79.5236,117.657,-211.026,0.079988
2464,2464,0A,0.647991,-0.218527,0.638632,-0.352849,79.4378,117.535,-211.128,79.4378,117.535,-211.128,0.087735
2472,2472,0A,0.650519,-0.207187,0.645576,-0.342243,79.5085,117.543,-211.056,79.5085,117.543,-211.056,0.0823747
2480,2480,0A,0.653283,-0.193618,0.65347,-0.32971,79.5159,117.517,-210.925,79.5159,117.517,-210.925,0.0816836
2488,2488,0A,0.656496,-0.17956,0.660682,-0.316653,79.4294,117.481,-210.976,79.4294,117.481,-210.976,0.0740393
2496,2496,0A,0.659468,-0.164897,0.667556,-0.303777,79.5323,117.473,-210.847,79.5323,117.473,-210.847,0.087147
2504,2504,0A,0.662203,-0.151228,0.673959,-0.290511,79.4847,117.482,-210.96,79.4847,117.482,-210.96,0.0695986
2512,2512,0A,0.664895,-0.134814,0.681417,-0.274611,79.4595,117.486,-210.863,79.4595,117.486,-210.863,0.05518
2520,2520,0A,0.667776,-0.114814,0.689106,-0.256956,79.6125,117.537,-210.573,79.6125,117.537,-210.573,0.0625584
2528,2528,0A,0.669406,-0.0995078,0.694329,-0.244747,79.548,117.576,-210.659,79.548,117.576,-210.659,0.0486395
2536,2536,0A,0.670652,-0.0863722,0.698502,-0.234225,79.5274,117.61,-210.879,79.5274,117.61,-210.879,0.081328
2544,2544,0A,0.671475,-0.0745052,0.702998,-0.222182,79.5182,117.649,-210.624,79.5182,117.649,-210.624,0.0573003
2552,2552,0A,0.670118,-0.0715124,0.706176,-0.217127,79.601,117.497,-210.564,79.601,117.497,-210.564,0.0613144
2560,2560,0A,0.668688,-0.0699121,0.708842,-0.213337,79.6556,117.473,-210.388,79.6556,117.473,-210.388,0.0678531
2568,2568,0A,0.668531,-0.0687381,0.709922,-0.210597,79.6541,117.369,-210.338,79.6541,117.369,-210.338,0.0695772
2576,2576,0A,0.66914,-0.0697175,0.709439,-0.209969,79.5759,117.342,-210.53,79.5759,117.342,-210.53,0.0658978
2584,2584,0A,0.669712,-0.0721867,0.708271,-0.211252,79.4985,117.356,-210.478,79.4985,117.356,-210.478,0.0600879
2592,2592,0A,0.669531,-0.0746683,0.708127,-0.211444,79.3567,117.384,-210.66,79.3567,117.384,-210.66,0.0563322
2600,2600,0A,0.668421,-0.0771157,0.709278,-0.21022,79.6108,117.304,-210.298,79.6108,117.304,-210.298,0.0617467
2608,2608,0A,0.666742,-0.081745,0.71031,-0.210314,79.6548,117.115,-210.207,79.6548,117.115,-210.207,0.0468444
2616,2616,0A,0.665157,-0.0857383,0.711226,-0.210649,79.4911,117.003,-210.331,79.4911,117.003,-210.331,0.0504108
2624,2624,0A,0.663344,-0.0891546,0.713029,-0.208842,79.5382,116.922,-210.208,79.5382,116.922,-210.208,0.0541682
2632,2632,0A,0.660448,-0.0940696,0.715817,-0.206314,79.6846,116.658,-210.007,79.6846,116.658,-210.007,0.0905925
2640,2640,0A,0.658616,-0.0973476,0.718846,-0.200024,79.5822,116.523,-209.907,79.5822,116.523,-209.907,0.0862674
2648,2648,0A,0.65868,-0.100815,0.720478,-0.192065,79.5161,116.398,-209.829,79.5161,116.398,-209.829,0.0644852
2656,2656,0A,0.658959,-0.106226,0.721233,-0.185239,79.6039,116.089,-209.563,79.6039,116.089,-209.563,0.057312
2664,2664,0A,0.658922,-0.114821,0.721527,-0.178988,79.6649,115.832,-209.503,79.6649,115.832,-209.503,0.0626178
2672,2672,0A,0.6578,-0.125766,0.722419,-0.172025,79.8011,115.668,-209.114,79.8011,115.668,-209.114,0.0763451
2680,2680,0A,0.655904,-0.138348,0.722983,-0.167169,80.0449,115.229,-208.616,80.0449,115.229,-208.616,0.0792983
2688,2688,0A,0.654864,-0.147114,0.7229,-0.164096,80.004,114.948,-208.609,80.004,114.948,-208.609,0.0699041
2696,2696,0A,0.655981,-0.150441,0.721797,-0.161448,80.0857,114.899,-208.483,80.0857,114.899,-208.483,0.0960497
2704,2704,0A,0.658706,-0.151368,0.719348,-0.160414,79.9982,114.807,-208.599,79.9982,114.807,-208.599,0.0715703
2712,2712,0A,0.661942,-0.153154,0.715539,-0.162421,79.9127,114.937,-208.898,79.9127,114.937,-208.898,0.0721671
2720,2720,0A,0.664109,-0.158109,0.711627,-0.165977,79.8561,114.942,-209.232,79.8561,114.942,-209.232,0.0863165
2728,2728,0A,0.665475,-0.16649,0.70766,-0.169239,79.9097,114.844,-209.106,79.9097,114.844,-209.106,0.0802128
2736,2736,0A,0.666168,-0.175899,0.704041,-0.172065,80.0063,114.718,-209.038,80.0063,114.718,-209.038,0.0813976
2744,2744,0A,0.667593,-0.181934,0.700799,-0.173497,79.9889,114.443,-208.988,79.9889,114.443,-208.988,0.0645815
2752,2752,0A,0.669761,-0.186391,0.697092,-0.175333,80.0156,114.529,-209.133,80.0156,114.529,-209.133,0.0825605
2760,2760,0A,0.67219,-0.189202,0.693824,-0.175986,79.9903,114.506,-209.306,79.9903,114.506,-209.306,0.0766956
2768,2768,0A,0.673742,-0.191155,0.691861,-0.175666,79.935,114.524,-209.47,79.935,114.524,-209.47,0.0829826
2776,2776,0A,0.674145,-0.192389,0.691724,-0.173302,80.0569,114.406,-209.371,80.0569,114.406,-209.371,0.077535
2784,2784,0A,0.67388,-0.192169,0.692883,-0.169913,80.0922,114.251,-209.186,80.0922,114.251,-209.186,0.0793436
2792,2792,0A,0.674079,-0.191703,0.693344,-0.167757,80.0711,114.165,-209.197,80.0711,114.165,-209.197,0.0816609
2800,2800,0A,0.675077,-0.191599,0.69254,-0.167185,80.017,114.186,-209.307,80.017,114.186,-209.307,0.0832943
2808,2808,0A,0.676477,-0.191703,0.691164,-0.167099,80.015,114.154,-209.407,80.015,114.154,-209.407,0.0838076
2816,2816,0A,0.677915,-0.192158,0.689957,-0.16573,80.0918,114.241,-209.435,80.0918,114.241,-209.435,0.087721
2824,2824,0A,0.679227,-0.19232,0.689429,-0.162333,80.0778,114.022,-209.426,80.0778,114.022,-209.426,0.0681541
2832,2832,0A,0.681245,-0.191179,0.688929,-0.157264,80.0983,113.995,-209.447,80.0983,113.995,-209.447,0.0738313
2840,2840,0A,0.683439,-0.190671,0.687788,-0.153312,80.1561,113.858,-209.489,80.1561,113.858,-209.489,0.0751917
2848,2848,0A,0.68561,-0.191208,0.686014,-0.150879,80.1368,113.882,-209.504,80.1368,113.882,-209.504,0.0703291
2856,2856,0A,0.687192,-0.192884,0.684235,-0.149618,80.1206,113.852,-209.686,80.1206,113.852,-209.686,0.0713934
2864,2864,0A,0.688072,-0.19523,0.682928,-0.148496,80.1925,113.651,-209.67,80.1925,113.651,-209.67,0.0729462
2872,2872,0A,0.688471,-0.197374,0.682303,-0.146678,80.1688,113.727,-209.616,80.1688,113.727,-209.616,0.0703865
2880,2880,0A,0.688495,-0.199888,0.681875,-0.145144,80.1453,113.691,-209.604,80.1453,113.691,-209.604,0.0738923
2888,2888,0A,0.688416,-0.202009,0.682091,-0.141519,80.2335,113.509,-209.528,80.2335,113.509,-209.528,0.0725115
2896,2896,0A,0.688501,-0.203692,0.682581,-0.136237,80.3979,113.35,-209.283,80.3979,113.35,-209.283,0.0884281
2904,2904,0A,0.689166,-0.205457,0.682183,-0.132148,80.4482,113.116,-209.3,80.4482,113.116,-209.3,0.0742607
2912,2912,0A,0.690515,-0.207082,0.680872,-0.129306,80.3527,113.131,-209.485,80.3527,113.131,-209.485,0.0613833
2920,2920,0A,0.691876,-0.208364,0.679577,-0.126754,80.3941,113.139,-209.429,80.3941,113.139,-209.429,0.0611013
2928,2928,0A,0.692314,-0.209275,0.679418,-0.123682,80.3797,113.056,-209.452,80.3797,113.056,-209.452,0.0530731
2936,2936,0A,0.691863,-0.209299,0.680648,-0.119319,80.4793,112.972,-209.304,80.4793,112.972,-209.304,0.0632763
2944,2944,0A,0.690844,-0.209571,0.682209,-0.115787,80.5934,112.759,-209.099,80.5934,112.759,-209.099,0.068919
2952,2952,0A,0.690105,-0.210492,0.682799,-0.115038,80.5003,112.677,-209.167,80.5003,112.677,-209.167,0.0604137
2960,2960,0A,0.689802,-0.211729,0.682675,-0.115325,80.429,112.808,-209.341,80.429,112.808,-209.341,0.0601788
2968,2968,0A,0.689119,-0.212729,0.683383,-0.113356,80.5088,112.803,-209.23,80.5088,112.803,-209.23,0.0509901
2976,2976,0A,0.688379,-0.213894,0.684312,-0.110005,80.6339,112.629,-208.937,80.6339,112.629,-208.937,0.0480003
2984,2984,0A,0.688252,-0.215928,0.68411,-0.108065,80.6484,112.547,-208.885,80.6484,112.547,-208.885,0.0598817
2992,2992,0A,0.688863,-0.218528,0.682794,-0.107267,80.6454,112.498,-209.048,80.6454,112.498,-209.048,0.0575655
3000,3000,0A,0.690047,-0.22048,0.681149,-0.106113,80.6925,112.415,-209.052,80.6925,112.415,-209.052,0.0546661
3008,3008,0A,0.691064,-0.221536,0.68014,-0.103735,80.6392,112.458,-209.071,80.6392,112.458,-209.071,0.0491542
3016,3016,0A,0.691387,-0.223065,0.679629,-0.101637,80.7424,112.406,-208.923,80.7424,112.406,-208.923,0.0531645
3024,3024,0A,0.691176,-0.224755,0.679502,-0.100188,80.7646,112.164,-209.052,80.7646,112.164,-209.052,0.0452529
3032,3032,0A,0.69146,-0.225816,0.679197,-0.0978836,80.7578,112.23,-209.055,80.7578,112.23,-209.055,0.0542606
3040,3040,0A,0.691341,-0.227379,0.679323,-0.094166,80.7873,112.218,-209.013,80.7873,112.218,-209.013,0.0571204
3048,3048,0A,0.690353,-0.229686,0.680273,-0.0888051,80.8602,112.072,-208.763,80.8602,112.072,-208.763,0.0526578
3056,3056,0A,0.688864,-0.232982,0.681278,-0.0839344,80.9913,111.82,-208.624,80.9913,111.82,-208.624,0.052744
3064,3064,0A,0.687847,-0.236881,0.681371,-0.0805424,81.0028,111.564,-208.628,81.0028,111.564,-208.628,0.0500851
3072,3072,0A,0.687482,-0.239368,0.681394,-0.075984,81.0696,111.616,-208.433,81.0696,111.616,-208.433,0.0540222
3080,3080,0A,0.686417,-0.242637,0.681729,-0.072145,81.1652,111.473,-208.28,81.1652,111.473,-208.28,0.0503912
3088,3088,0A,0.685094,-0.246402,0.681918,-0.0701477,81.1352,111.244,-208.292,81.1352,111.244,-208.292,0.0527747
3096,3096,0A,0.684926,-0.249016,0.681326,-0.0682817,81.2448,111.213,-208.211,81.2448,111.213,-208.211,0.0505022
3104,3104,0A,0.685132,-0.250264,0.680835,-0.0665289,81.2971,111.219,-208.168,81.2971,111.219,-208.168,0.0482635
3120,3120,0A,0.685325,-0.254742,0.679272,-0.0634547,81.3157,111.258,-208.44,81.3157,111.258,-208.44,0.059117
3128,3128,0A,0.684828,-0.256264,0.679698,-0.0578766,81.5432,110.968,-208.207,81.5432,110.968,-208.207,0.0562812
3136,3136,0A,0.685079,-0.258816,0.678571,-0.0567598,81.6115,110.683,-208.258,81.6115,110.683,-208.258,0.0678952
3144,3144,0A,0.687203,-0.259378,0.676275,-0.0559185,81.4904,110.792,-208.497,81.4904,110.792,-208.497,0.0525945
3152,3152,0A,0.689168,-0.258116,0.674956,-0.0534489,81.5082,110.894,-208.612,81.5082,110.894,-208.612,0.0461847
3160,3160,0A,0.689572,-0.258417,0.674654,-0.0505285,81.5463,110.9,-208.623,81.5463,110.9,-208.623,0.050406
3168,3168,0A,0.689197,-0.26099,0.67426,-0.0475984,81.5743,110.642,-208.558,81.5743,110.642,-208.558,0.0449786
3176,3176,0A,0.688579,-0.263701,0.674049,-0.044484,81.6036,110.593,-208.603,81.6036,110.593,-208.603,0.0453503
3184,3184,0A,0.687762,-0.266323,0.674041,-0.0415297,81.6728,110.455,-208.442,81.6728,110.455,-208.442,0.0459856
3192,3192,0A,0.68666,-0.269002,0.674222,-0.0395039,81.6973,110.3,-208.313,81.6973,110.3,-208.313,0.0554521
3200,3200,0A,0.685676,-0.27153,0.6743,-0.0379343,81.8245,110.211,-208.212,81.8245,110.211,-208.212,0.0558328
3208,3208,0A,0.684144,-0.274606,0.674743,-0.0355093,81.8619,110.117,-208.283,81.8619,110.117,-208.283,0.0450365
3216,3216,0A,0.681992,-0.276781,0.676312,-0.0296942,81.9812,109.961,-207.992,81.9812,109.961,-207.992,0.0578866
3224,3224,0A,0.680008,-0.278211,0.677972,-0.0232893,82.0891,109.77,-207.808,82.0891,109.77,-207.808,0.0472202
3232,3232,0A,0.678961,-0.280242,0.67824,-0.021605,82.1318,109.603,-207.853,82.1318,109.603,-207.853,0.0508144
3240,3240,0A,0.679168,-0.281554,0.677464,-0.0223733,82.1078,109.731,-207.908,82.1078,109.731,-207.908,0.0495198
3248,3248,0A,0.678909,-0.282089,0.677473,-0.0232149,82.093,109.792,-208.019,82.093,109.792,-208.019,0.0594579
3256,3256,0A,0.677767,-0.281762,0.678821,-0.0210745,82.1091,109.856,-207.862,82.1091,109.856,-207.862,0.0589806
3264,3264,0A,0.675549,-0.282922,0.680592,-0.0195596,82.1368,109.713,-207.758,82.1368,109.713,-207.758,0.058594
3272,3272,0A,0.673491,-0.283411,0.6825,-0.0167801,82.3452,109.656,-207.369,82.3452,109.656,-207.369,0.0525269
3280,3280,0A,0.671716,-0.283349,0.684297,-0.0157859,82.3429,109.431,-207.182,82.3429,109.431,-207.182,0.065223
3288,3288,0A,0.672477,-0.283192,0.68354,-0.01874,82.2556,109.605,-207.557,82.2556,109.605,-207.557,0.0643862
3296,3296,0A,0.674027,-0.282473,0.682199,-0.0223753,82.1394,109.725,-207.594,82.1394,109.725,-207.594,0.0588767
3304,3304,0A,0.675109,-0.282121,0.681106,-0.0270218,82.0789,109.771,-207.582,82.0789,109.771,-207.582,0.0738799
3312,3312,0A,0.676192,-0.28027,0.680594,-0.0316955,81.8971,109.957,-207.819,81.8971,109.957,-207.819,0.063471
3320,3320,0A,0.677553,-0.276367,0.680571,-0.0369701,81.9262,110.242,-207.711,81.9262,110.242,-207.711,0.0624698
3328,3328,0A,0.678039,-0.270207,0.682219,-0.0427532,81.8373,110.257,-207.71,81.8373,110.257,-207.71,0.0688672
3336,3336,0A,0.67852,-0.262059,0.684636,-0.0470111,81.5002,110.748,-208.056,81.5002,110.748,-208.056,0.0468434
3344,3344,0A,0.677748,-0.256653,0.686774,-0.0559409,81.5495,111.05,-207.907,81.5495,111.05,-207.907,0.0670802
3352,3352,0A,0.675354,-0.252072,0.689743,-0.0679107,81.3189,111.073,-207.993,81.3189,111.073,-207.993,0.0898532
3360,3360,0A,0.674099,-0.243953,0.692881,-0.0774192,81.1264,111.631,-208.228,81.1264,111.631,-208.228,0.0765792
3368,3368,0A,0.672639,-0.235482,0.69596,-0.088005,80.9636,112.008,-208.321,80.9636,112.008,-208.321,0.0879851
3376,3376,0A,0.671268,-0.228269,0.698108,-0.0996899,80.8164,112.335,-208.273,80.8164,112.335,-208.273,0.0938755
3384,3384,0A,0.670374,-0.221414,0.699472,-0.110969,80.6444,112.73,-208.322,80.6444,112.73,-208.322,0.0888288
3392,3392,0A,0.668953,-0.213761,0.7015,-0.121269,80.5989,113.195,-208.442,80.5989,113.195,-208.442,0.113703
3400,3400,0A,0.666164,-0.206671,0.704685,-0.130126,80.4898,113.385,-208.564,80.4898,113.385,-208.564,0.13136
3408,3408,0A,0.662979,-0.198298,0.709255,-0.134514,80.3657,113.789,-208.416,80.3657,113.789,-208.416,0.109789
3416,3416,0A,0.659368,-0.191795,0.71303,-0.14155,80.3542,113.875,-208.51,80.3542,113.875,-208.51,0.102065
3424,3424,0A,0.656304,-0.18457,0.716185,-0.149256,80.2923,114.116,-208.502,80.2923,114.116,-208.502,0.122274
3432,3432,0A,0.654531,-0.174961,0.719062,-0.154683,80.1033,114.584,-208.36,80.1033,114.584,-208.36,0.0858741
3440,3440,0A,0.652104,-0.168225,0.720983,-0.16323,79.9385,115.009,-208.612,79.9385,115.009,-208.612,0.0605277
3448,3448,0A,0.648172,-0.16551,0.721964,-0.176771,80.0011,115.002,-208.519,80.0011,115.002,-208.519,0.127512
3464,3464,0A,0.645595,-0.153303,0.722852,-0.19285,79.9267,115.617,-208.566,79.9267,115.617,-208.566,0.0783492
3472,3472,0A,0.644887,-0.148784,0.721593,-0.203194,79.8025,115.861,-208.863,79.8025,115.861,-208.863,0.0722111
3480,3480,0A,0.644388,-0.14461,0.720157,-0.212664,79.7101,116.115,-209.058,79.7101,116.115,-209.058,0.070051
3488,3488,0A,0.643593,-0.142132,0.718518,-0.222077,79.8057,116.379,-209.087,79.8057,116.379,-209.087,0.0802852
3496,3496,0A,0.642478,-0.139742,0.717222,-0.230838,79.6735,116.653,-209.138,79.6735,116.653,-209.138,0.0572885
3504,3504,0A,0.640515,-0.137169,0.71685,-0.238856,79.6485,116.975,-209.309,79.6485,116.975,-209.309,0.0748961
3512,3512,0A,0.637942,-0.133014,0.718632,-0.242703,79.6287,117.013,-209.345,79.6287,117.013,-209.345,0.0786713
3520,3520,0A,0.635386,-0.128783,0.721138,-0.244253,79.7377,117.226,-209.123,79.7377,117.226,-209.123,0.0747251
3528,3528,0A,0.633294,-0.125272,0.72294,-0.246177,79.761,117.361,-208.959,79.761,117.361,-208.959,0.0602289
3536,3536,0A,0.6321,-0.122835,0.723425,-0.249033,79.7248,117.341,-209.098,79.7248,117.341,-209.098,0.0662143
3544,3544,0A,0.633103,-0.119352,0.722632,-0.250478,79.7577,117.477,-209.036,79.7577,117.477,-209.036,0.0624542
3552,3552,0A,0.635437,-0.117166,0.720078,-0.252943,79.7044,117.706,-209.19,79.7044,117.706,-209.19,0.060246
3560,3560,0A,0.638769,-0.117368,0.715894,-0.256311,79.6662,117.709,-209.424,79.6662,117.709,-209.424,0.0645624
3568,3568,0A,0.642556,-0.119487,0.710979,-0.259525,79.6024,117.571,-209.727,79.6024,117.571,-209.727,0.062909
3576,3576,0A,0.647312,-0.121249,0.705554,-0.261687,79.547,117.494,-209.975,79.547,117.494,-209.975,0.053806
3584,3584,0A,0.653212,-0.121678,0.699373,-0.263412,79.5787,117.606,-210.203,79.5787,117.606,-210.203,0.0653065
3592,3592,0A,0.659349,-0.121753,0.692813,-0.265415,79.5381,117.554,-210.614,79.5381,117.554,-210.614,0.0580293
3600,3600,0A,0.666146,-0.11959,0.686244,-0.26649,79.5689,117.588,-210.876,79.5689,117.588,-210.876,0.0624485
3608,3608,0A,0.672417,-0.116977,0.679628,-0.268845,79.5545,117.518,-211.302,79.5545,117.518,-211.302,0.0675192
3616,3616,0A,0.679084,-0.114504,0.671746,-0.272932,79.5156,117.661,-211.541,79.5156,117.661,-211.541,0.0624916
3624,3624,0A,0.685537,-0.1121,0.66343,-0.278088,79.3249,117.845,-212.051,79.3249,117.845,-212.051,0.0665472
3632,3632,0A,0.691242,-0.109648,0.65644,-0.281509,79.4601,118.002,-212.363,79.4601,118.002,-212.363,0.0768462
3640,3640,0A,0.695555,-0.108428,0.650904,-0.284203,79.5168,117.881,-212.575,79.5168,117.881,-212.575,0.0706354
3648,3648,0A,0.700074,-0.106612,0.644901,-0.28746,79.5328,117.944,-212.763,79.5328,117.944,-212.763,0.0624622
3656,3656,0A,0.704951,-0.104641,0.637704,-0.29228,79.4957,118.17,-213.067,79.4957,118.17,-213.067,0.0696504
3664,3664,0A,0.710003,-0.103384,0.630085,-0.296987,79.4714,118.321,-213.342,79.4714,118.321,-213.342,0.0679722
3672,3672,0A,0.714841,-0.104321,0.622108,-0.301831,79.5554,118.256,-213.614,79.5554,118.256,-213.614,0.0693185
3680,3680,0A,0.719636,-0.106194,0.614586,-0.305174,79.5436,118.206,-213.959,79.5436,118.206,-213.959,0.0694582
3688,3688,0A,0.724419,-0.108005,0.607454,-0.307492,79.6107,118.176,-214.122,79.6107,118.176,-214.122,0.0704497
3696,3696,0A,0.729539,-0.109319,0.600068,-0.30942,79.6108,118.066,-214.382,79.6108,118.066,-214.382,0.0647938
3704,3704,0A,0.735116,-0.109936,0.59228,-0.311003,79.6192,118.003,-214.747,79.6192,118.003,-214.747,0.0767914
3712,3712,0A,0.740438,-0.110959,0.584308,-0.313089,79.6915,118.065,-214.964,79.6915,118.065,-214.964,0.0616274
3720,3720,0A,0.745247,-0.112044,0.576227,-0.316252,79.7378,117.974,-215.306,79.7378,117.974,-215.306,0.0746806
3728,3728,0A,0.750605,-0.111191,0.568123,-0.318537,79.8782,118,-215.558,79.8782,118,-215.558,0.0610448
3736,3736,0A,0.756157,-0.108245,0.560462,-0.319988,79.9013,118.083,-215.905,79.9013,118.083,-215.905,0.0688044
3744,3744,0A,0.761301,-0.105388,0.553261,-0.321274,79.9213,118.066,-216.169,79.9213,118.066,-216.169,0.0668362
3752,3752,0A,0.765934,-0.104398,0.545239,-0.324286,80.0421,117.929,-216.483,80.0421,117.929,-216.483,0.0692883
3760,3760,0A,0.77038,-0.103213,0.536741,-0.328286,79.9953,117.921,-216.775,79.9953,117.921,-216.775,0.0591764
3768,3768,0A,0.775765,-0.0997027,0.527889,-0.331032,80.1601,118.06,-217.105,80.1601,118.06,-217.105,0.0524554
3776,3776,0A,0.781651,-0.0939484,0.520636,-0.330355,80.1934,118.095,-217.444,80.1934,118.095,-217.444,0.065272
3784,3784,0A,0.786608,-0.0899909,0.514071,-0.329971,80.3154,118.109,-217.652,80.3154,118.109,-217.652,0.0613716
3792,3792,0A,0.7908,-0.0881942,0.507844,-0.33008,80.4079,118.033,-217.844,80.4079,118.033,-217.844,0.0606873
3800,3800,0A,0.793464,-0.0874931,0.503153,-0.331056,80.4894,118.144,-217.997,80.4894,118.144,-217.997,0.0612841
3808,3808,0A,0.795786,-0.0870538,0.498567,-0.332533,80.6354,118.074,-218.092,80.6354,118.074,-218.092,0.0564293
3816,3816,0A,0.797546,-0.08575,0.494787,-0.334295,80.5879,118.086,-218.225,80.5879,118.086,-218.225,0.0574079
3824,3824,0A,0.799225,-0.0833844,0.491825,-0.335254,80.5723,118.13,-218.32,80.5723,118.13,-218.32,0.0551861
3832,3832,0A,0.800308,-0.0817273,0.490054,-0.33567,80.6025,118.233,-218.409,80.6025,118.233,-218.409,0.0618887
3840,3840,0A,0.800515,-0.0822456,0.488748,-0.336953,80.7406,118.234,-218.411,80.7406,118.234,-218.411,0.0626663
3848,3848,0A,0.800586,-0.083303,0.48816,-0.337378,80.7091,118.157,-218.394,80.7091,118.157,-218.394,0.0566044
3856,3856,0A,0.800878,-0.083308,0.488788,-0.335769,80.6476,118.107,-218.449,80.6476,118.107,-218.449,0.0592095
3864,3864,0A,0.800669,-0.0837365,0.490123,-0.334212,80.6638,118.106,-218.387,80.6638,118.106,-218.387,0.062451
3872,3872,0A,0.799802,-0.0845922,0.49282,-0.332098,80.5918,118.123,-218.258,80.5918,118.123,-218.258,0.0618281
3880,3880,0A,0.797469,-0.0871127,0.497492,-0.330086,80.5511,118.132,-218.108,80.5511,118.132,-218.108,0.0655062
3888,3888,0A,0.792678,-0.0918847,0.505276,-0.328506,80.3715,117.985,-217.961,80.3715,117.985,-217.961,0.0601412
3896,3896,0A,0.786915,-0.0955881,0.515793,-0.324939,80.311,118.001,-217.457,80.311,118.001,-217.457,0.0525734
3904,3904,0A,0.780386,-0.0985971,0.52841,-0.319468,80.1678,117.932,-217.037,80.1678,117.932,-217.037,0.065167
3912,3912,0A,0.77297,-0.101988,0.541991,-0.313627,80.0007,117.767,-216.611,80.0007,117.767,-216.611,0.0731131
3920,3920,0A,0.765306,-0.105134,0.555091,-0.308428,79.9547,117.668,-216.125,79.9547,117.668,-216.125,0.0724121
3928,3928,0A,0.75699,-0.108405,0.567958,-0.304367,79.7786,117.715,-215.607,79.7786,117.715,-215.607,0.0795692
3936,3936,0A,0.748447,-0.112616,0.57993,-0.301372,79.8209,117.623,-215.249,79.8209,117.623,-215.249,0.0824214
3944,3944,0A,0.740496,-0.115277,0.590424,-0.299628,79.8175,117.576,-214.664,79.8175,117.576,-214.664,0.0664623
3952,3952,0A,0.733274,-0.116182,0.598784,-0.300448,79.658,117.681,-214.224,79.658,117.681,-214.224,0.0608095
3960,3960,0A,0.726578,-0.116173,0.606623,-0.300994,79.5327,117.832,-214.168,79.5327,117.832,-214.168,0.075152
3968,3968,0A,0.719946,-0.115712,0.614368,-0.301397,79.6331,117.777,-213.802,79.6331,117.777,-213.802,0.0745495
3976,3976,0A,0.714161,-0.114621,0.621421,-0.301118,79.5519,117.919,-213.517,79.5519,117.919,-213.517,0.0668162
3984,3984,0A,0.708061,-0.115185,0.627774,-0.302129,79.4709,118.099,-213.211,79.4709,118.099,-213.211,0.0647185
3992,3992,0A,0.702356,-0.115043,0.634672,-0.301084,79.4913,118.072,-213.074,79.4913,118.072,-213.074,0.0772773
4000,4000,0A,0.697937,-0.112924,0.641329,-0.298043,79.5793,118.059,-212.588,79.5793,118.059,-212.588,0.0685944
4008,4008,0A,0.693733,-0.112837,0.645825,-0.298182,79.5071,118.109,-212.437,79.5071,118.109,-212.437,0.0601042
4016,4016,0A,0.689012,-0.115,0.649818,-0.299623,79.3309,118.265,-212.421,79.3309,118.265,-212.421,0.0718988
4024,4024,0A,0.683851,-0.11729,0.655536,-0.298099,79.5104,118.178,-212.12,79.5104,118.178,-212.12,0.0740684
4032,4032,0A,0.679026,-0.119144,0.661624,-0.294925,79.5863,117.919,-211.695,79.5863,117.919,-211.695,0.0634973
4040,4040,0A,0.674993,-0.120572,0.666545,-0.292516,79.4957,118.102,-211.38,79.4957,118.102,-211.38,0.0528803
4048,4048,0A,0.669049,-0.12497,0.672028,-0.291779,79.339,117.903,-211.583,79.339,117.903,-211.583,0.0701585
4056,4056,0A,0.664243,-0.126195,0.67861,-0.286956,79.6953,117.737,-210.773,79.6953,117.737,-210.773,0.0688392
4064,4064,0A,0.660018,-0.127328,0.683613,-0.284318,79.5953,117.671,-210.644,79.5953,117.671,-210.644,0.0565792
4072,4072,0A,0.656188,-0.12951,0.686122,-0.286149,79.4784,117.836,-210.577,79.4784,117.836,-210.577,0.0464682
4080,4080,0A,0.650446,-0.13395,0.689432,-0.289241,79.3488,117.911,-210.742,79.3488,117.911,-210.742,0.0599128
4088,4088,0A,0.644187,-0.136155,0.695521,-0.287639,79.6931,117.788,-210.068,79.6931,117.788,-210.068,0.0689612
4096,4096,0A,0.638579,-0.136365,0.702018,-0.284242,79.7069,117.815,-209.517,79.7069,117.815,-209.517,0.0595262
4104,4104,0A,0.633065,-0.137563,0.707251,-0.283024,79.634,117.941,-209.412,79.634,117.941,-209.412,0.0637414
4112,4112,0A,0.626311,-0.14179,0.71279,-0.282063,79.6107,117.888,-209.319,79.6107,117.888,-209.319,0.0835419
4120,4120,0A,0.619408,-0.145145,0.72,-0.27725,79.8287,117.611,-208.792,79.8287,117.611,-208.792,0.0703365
4128,4128,0A,0.61332,-0.146073,0.727521,-0.270584,79.8775,117.472,-208.192,79.8775,117.472,-208.192,0.0616196
4136,4136,0A,0.607377,-0.147504,0.734076,-0.265459,79.8029,117.456,-208.06,79.8029,117.456,-208.06,0.0586148
4144,4144,0A,0.600993,-0.149733,0.740835,-0.259906,79.9579,117.291,-207.751,79.9579,117.291,-207.751,0.0631864
4152,4152,0A,0.594128,-0.152858,0.747922,-0.253495,80.0942,117.068,-207.239,80.0942,117.068,-207.239,0.0721949
4160,4160,0A,0.58805,-0.155022,0.754147,-0.247845,80.2015,117.028,-206.708,80.2015,117.028,-206.708,0.0821354
4168,4168,0A,0.582829,-0.155992,0.759178,-0.244183,80.2051,117.002,-206.511,80.2051,117.002,-206.511,0.068796
4176,4176,0A,0.577599,-0.15707,0.763614,-0.24208,80.2426,117.001,-206.395,80.2426,117.001,-206.395,0.0654869
4184,4184,0A,0.57154,-0.158591,0.768447,-0.240169,80.3405,116.879,-206.077,80.3405,116.879,-206.077,0.0796042
4192,4192,0A,0.566515,-0.157536,0.773556,-0.236336,80.4573,116.888,-205.658,80.4573,116.888,-205.658,0.0718423
4200,4200,0A,0.561907,-0.156861,0.777636,-0.234389,80.4921,116.96,-205.571,80.4921,116.96,-205.571,0.0628212
4208,4208,0A,0.557286,-0.157543,0.780893,-0.234133,80.5284,117.011,-205.421,80.5284,117.011,-205.421,0.0638748
4216,4216,0A,0.552003,-0.159287,0.784481,-0.233474,80.5913,117.079,-205.307,80.5913,117.079,-205.307,0.0690817
4224,4224,0A,0.545723,-0.160741,0.789358,-0.230787,80.7142,116.965,-204.916,80.7142,116.965,-204.916,0.0721055
4232,4232,0A,0.538804,-0.161504,0.795055,-0.226925,80.8618,116.88,-204.547,80.8618,116.88,-204.547,0.0723615
4240,4240,0A,0.532389,-0.161085,0.800744,-0.22231,80.9205,116.882,-204.188,80.9205,116.882,-204.188,0.0622499
4248,4248,0A,0.525877,-0.163197,0.805265,-0.219929,81.03,116.782,-203.965,81.03,116.782,-203.965,0.0682907
4256,4256,0A,0.519732,-0.164106,0.810046,-0.216272,81.1592,116.738,-203.556,81.1592,116.738,-203.556,0.0746922
4264,4264,0A,0.514263,-0.163785,0.814487,-0.212882,81.2061,116.74,-203.255,81.2061,116.74,-203.255,0.0687761
4272,4272,0A,0.508825,-0.165019,0.81776,-0.212452,81.2905,116.694,-203.263,81.2905,116.694,-203.263,0.0661828
4288,4288,0A,0.497212,-0.16655,0.825614,-0.208332,81.4363,116.817,-202.987,81.4363,116.817,-202.987,0.0699129
4296,4296,0A,0.490383,-0.168956,0.829634,-0.206608,81.6194,116.702,-202.603,81.6194,116.702,-202.603,0.0848792
4304,4304,0A,0.484195,-0.169894,0.833654,-0.204237,81.7313,116.639,-202.355,81.7313,116.639,-202.355,0.0781346
4312,4312,0A,0.479037,-0.168163,0.837811,-0.200794,81.825,116.663,-202.082,81.825,116.663,-202.082,0.0799351
4320,4320,0A,0.475339,-0.166232,0.840802,-0.198676,81.9521,116.67,-201.879,81.9521,116.67,-201.879,0.0709216
4328,4328,0A,0.473036,-0.165721,0.84213,-0.198976,82.0141,116.79,-201.877,82.0141,116.79,-201.877,0.060964
4336,4336,0A,0.470706,-0.165972,0.842864,-0.201171,82.0074,116.847,-202.073,82.0074,116.847,-202.073,0.0717887
4344,4344,0A,0.467556,-0.164313,0.844758,-0.201933,82.0852,116.837,-201.954,82.0852,116.837,-201.954,0.0731392
4352,4352,0A,0.463664,-0.160786,0.847958,-0.200326,82.1549,116.989,-201.745,82.1549,116.989,-201.745,0.0610014
4360,4360,0A,0.45907,-0.16055,0.850535,-0.200172,82.1973,116.982,-201.618,82.1973,116.982,-201.618,0.0616034
4368,4368,0A,0.454854,-0.161987,0.852486,-0.200342,82.2666,116.9,-201.559,82.2666,116.9,-201.559,0.0726393
4376,4376,0A,0.450666,-0.164073,0.85422,-0.20072,82.4196,116.753,-201.404,82.4196,116.753,-201.404,0.0662779
4384,4384,0A,0.446275,-0.163612,0.85716,-0.198357,82.4764,116.907,-201.262,82.4764,116.907,-201.262,0.0742324
4392,4392,0A,0.443001,-0.16072,0.860117,-0.195244,82.53,116.999,-200.947,82.53,116.999,-200.947,0.0708305
4400,4400,0A,0.43929,-0.162838,0.861231,-0.196953,82.5732,117.124,-201.089,82.5732,117.124,-201.089,0.0680376
4408,4408,0A,0.434497,-0.163246,0.863655,-0.196629,82.7338,117.098,-200.918,82.7338,117.098,-200.918,0.0595336
4416,4416,0A,0.428201,-0.16214,0.867839,-0.1929,82.8498,117.039,-200.756,82.8498,117.039,-200.756,0.0611619
4424,4424,0A,0.420661,-0.165714,0.871551,-0.18969,83.0254,116.984,-200.403,83.0254,116.984,-200.403,0.0631306
4432,4432,0A,0.412928,-0.17109,0.874789,-0.186985,83.1628,116.821,-200.04,83.1628,116.821,-200.04,0.071307
4448,4448,0A,0.402897,-0.174797,0.879945,-0.181156,83.3239,116.478,-199.623,83.3239,116.478,-199.623,0.0690521
4456,4456,0A,0.400779,-0.177736,0.880329,-0.181131,83.4338,116.737,-199.63,83.4338,116.737,-199.63,0.0715426
4464,4464,0A,0.398992,-0.178213,0.880908,-0.181786,83.4279,116.729,-199.734,83.4279,116.729,-199.734,0.067502
4472,4472,0A,0.397915,-0.176668,0.881862,-0.181032,83.5151,116.727,-199.738,83.5151,116.727,-199.738,0.0610716
4480,4480,0A,0.39599,-0.175535,0.883108,-0.180278,83.5059,116.57,-199.606,83.5059,116.57,-199.606,0.0657153
4488,4488,0A,0.394296,-0.175817,0.88393,-0.179684,83.6325,116.596,-199.634,83.6325,116.596,-199.634,0.0679284
4496,4496,0A,0.392629,-0.174469,0.885142,-0.178681,83.6377,116.498,-199.565,83.6377,116.498,-199.565,0.0698714
4504,4504,0A,0.391179,-0.174104,0.886051,-0.177707,83.6142,116.49,-199.51,83.6142,116.49,-199.51,0.0681757
4512,4512,0A,0.38915,-0.171943,0.887633,-0.176371,83.5207,116.505,-199.375,83.5207,116.505,-199.375,0.06815
4520,4520,0A,0.387897,-0.171367,0.888236,-0.176655,83.6903,116.739,-199.35,83.6903,116.739,-199.35,0.0666859
4528,4528,0A,0.386253,-0.171489,0.888526,-0.178667,83.6827,116.735,-199.317,83.6827,116.735,-199.317,0.0710627
4536,4536,0A,0.384747,-0.171432,0.889039,-0.179417,83.7099,116.911,-199.364,83.7099,116.911,-199.364,0.0662913
4544,4544,0A,0.382141,-0.170643,0.890387,-0.179053,83.6448,117.018,-199.254,83.6448,117.018,-199.254,0.0752832
4552,4552,0A,0.379712,-0.168846,0.892028,-0.177752,83.7794,116.915,-199.164,83.7794,116.915,-199.164,0.0765312
4560,4560,0A,0.378548,-0.169121,0.892767,-0.176257,83.8724,116.853,-199.084,83.8724,116.853,-199.084,0.0708069
4568,4568,0A,0.378614,-0.172321,0.892008,-0.176861,83.8403,116.736,-199.164,83.8403,116.736,-199.164,0.0750466
4576,4576,0A,0.380566,-0.173267,0.89077,-0.17798,83.7698,116.544,-199.31,83.7698,116.544,-199.31,0.069911
4584,4584,0A,0.3839,-0.174452,0.889055,-0.178238,83.7701,116.675,-199.338,83.7701,116.675,-199.338,0.0681569
4592,4592,0A,0.387083,-0.176166,0.887171,-0.179054,83.6732,116.555,-199.311,83.6732,116.555,-199.311,0.0689033
4600,4600,0A,0.391298,-0.173442,0.885737,-0.179651,83.6957,116.433,-199.391,83.6957,116.433,-199.391,0.0674323
4608,4608,0A,0.396873,-0.168343,0.884013,-0.180756,83.5214,116.654,-199.608,83.5214,116.654,-199.608,0.052612
4616,4616,0A,0.403168,-0.169472,0.87968,-0.186808,83.2814,116.83,-200.011,83.2814,116.83,-200.011,0.066549
4624,4624,0A,0.412635,-0.164873,0.875492,-0.189903,83.0642,116.956,-200.192,83.0642,116.956,-200.192,0.0628485
4632,4632,0A,0.423358,-0.16282,0.869913,-0.193673,82.9326,116.984,-200.429,82.9326,116.984,-200.429,0.0544774
4640,4640,0A,0.435276,-0.163597,0.862762,-0.198525,82.5987,117.114,-200.833,82.5987,117.114,-200.833,0.0529306
4648,4648,0A,0.447553,-0.16944,0.85338,-0.206713,82.3582,117.214,-201.725,82.3582,117.214,-201.725,0.065348
4656,4656,0A,0.459429,-0.170609,0.845854,-0.210592,82.1586,117.013,-201.799,82.1586,117.013,-201.799,0.0702527
4664,4664,0A,0.471352,-0.16848,0.839219,-0.212496,81.9057,117.008,-202.085,81.9057,117.008,-202.085,0.064216
4672,4672,0A,0.482666,-0.170746,0.830884,-0.217973,81.7171,117.138,-202.404,81.7171,117.138,-202.404,0.0876569
4680,4680,0A,0.494066,-0.169139,0.8231,-0.223153,81.5218,117.107,-203.171,81.5218,117.107,-203.171,0.0638716
4688,4688,0A,0.503373,-0.169913,0.815634,-0.229099,81.4131,116.924,-203.557,81.4131,116.924,-203.557,0.0811295
4696,4696,0A,0.512594,-0.167265,0.810127,-0.230139,81.0794,117.135,-203.847,81.0794,117.135,-203.847,0.0840341
4704,4704,0A,0.521699,-0.163776,0.804388,-0.232309,80.9637,117.042,-204.014,80.9637,117.042,-204.014,0.0717994
4712,4712,0A,0.53058,-0.159694,0.798522,-0.235257,80.8531,117.101,-204.655,80.8531,117.101,-204.655,0.0588766
4720,4720,0A,0.538559,-0.156843,0.79291,-0.238008,80.7598,117.216,-205.065,80.7598,117.216,-205.065,0.0531831
4744,4744,0A,0.5595,-0.153551,0.776411,-0.246107,80.5318,117.376,-205.888,80.5318,117.376,-205.888,0.059035
4752,4752,0A,0.565823,-0.151694,0.771504,-0.248224,80.4188,117.393,-206.115,80.4188,117.393,-206.115,0.0621835
4760,4760,0A,0.572056,-0.149295,0.766652,-0.250415,80.2891,117.434,-206.454,80.2891,117.434,-206.454,0.0584406
4768,4768,0A,0.578227,-0.146835,0.761669,-0.252892,80.2158,117.409,-206.737,80.2158,117.409,-206.737,0.0538929
4776,4776,0A,0.584044,-0.145327,0.756415,-0.256144,80.1518,117.539,-207.045,80.1518,117.539,-207.045,0.0594223
4784,4784,0A,0.588878,-0.145214,0.75125,-0.260307,80.0663,117.473,-207.436,80.0663,117.473,-207.436,0.0495639
4792,4792,0A,0.592741,-0.14586,0.746951,-0.26353,79.9909,117.548,-207.675,79.9909,117.548,-207.675,0.0599853
4800,4800,0A,0.596317,-0.14505,0.744128,-0.263894,80.003,117.598,-207.694,80.003,117.598,-207.694,0.0564922
4808,4808,0A,0.598772,-0.144888,0.742118,-0.264085,79.9492,117.53,-207.898,79.9492,117.53,-207.898,0.0515749
4816,4816,0A,0.600736,-0.144892,0.740782,-0.263373,79.9569,117.505,-207.936,79.9569,117.505,-207.936,0.0574447
4824,4824,0A,0.60248,-0.145206,0.739963,-0.261513,79.9961,117.454,-207.847,79.9961,117.454,-207.847,0.0629045
4832,4832,0A,0.604536,-0.145448,0.739003,-0.259336,80.0041,117.413,-207.875,80.0041,117.413,-207.875,0.0631998
4840,4840,0A,0.607272,-0.145561,0.737324,-0.257657,79.9307,117.338,-207.947,79.9307,117.338,-207.947,0.0604433
4848,4848,0A,0.609999,-0.146627,0.734973,-0.257326,79.8379,117.223,-208.185,79.8379,117.223,-208.185,0.0638105
4856,4856,0A,0.612842,-0.147446,0.732629,-0.256785,79.8808,117.088,-208.243,79.8808,117.088,-208.243,0.0726591
4864,4864,0A,0.615852,-0.147444,0.730658,-0.255198,79.8599,117.033,-208.374,79.8599,117.033,-208.374,0.0625281
4872,4872,0A,0.61854,-0.147909,0.728251,-0.255308,79.8547,117.056,-208.393,79.8547,117.056,-208.393,0.0672558
4880,4880,0A,0.620727,-0.147893,0.72591,-0.256672,79.7938,117.049,-208.617,79.7938,117.049,-208.617,0.0553153
4888,4888,0A,0.622012,-0.146368,0.724577,-0.258195,79.8194,117.08,-208.666,79.8194,117.08,-208.666,0.0635063
4896,4896,0A,0.621997,-0.143848,0.724474,-0.259934,79.8331,117.212,-208.668,79.8331,117.212,-208.668,0.0647674
4904,4904,0A,0.620549,-0.140761,0.725292,-0.262787,79.7815,117.306,-208.746,79.7815,117.306,-208.746,0.063182
4912,4912,0A,0.618543,-0.13617,0.726613,-0.266263,79.7873,117.521,-208.66,79.7873,117.521,-208.66,0.0546365
4920,4920,0A,0.616374,-0.130293,0.727799,-0.270953,79.8451,117.754,-208.633,79.8451,117.754,-208.633,0.0639366
4928,4928,0A,0.614971,-0.122412,0.728834,-0.275004,79.8308,118.146,-208.689,79.8308,118.146,-208.689,0.0502399
4936,4936,0A,0.613288,-0.115152,0.729039,-0.281284,79.8912,118.352,-208.787,79.8912,118.352,-208.787,0.0611523
4944,4944,0A,0.612031,-0.10743,0.72885,-0.287499,79.9012,118.781,-208.831,79.9012,118.781,-208.831,0.0442398
4952,4952,0A,0.609582,-0.102447,0.728007,-0.296511,79.8201,119.154,-209.031,79.8201,119.154,-209.031,0.046973
4960,4960,0A,0.607274,-0.0968139,0.727575,-0.304103,79.8702,119.465,-209.062,79.8702,119.465,-209.062,0.0347789
4968,4968,0A,0.604379,-0.0907972,0.728116,-0.31037,79.9664,119.707,-209.122,79.9664,119.707,-209.122,0.043773
4976,4976,0A,0.601668,-0.0841372,0.728916,-0.315593,80.0062,120.083,-208.973,80.0062,120.083,-208.973,0.0372576
4984,4984,0A,0.598719,-0.0785308,0.729065,-0.322229,80.075,120.479,-209,80.075,120.479,-209,0.034913
4992,4992,0A,0.595214,-0.0727697,0.729567,-0.328872,80.1601,120.801,-209.066,80.1601,120.801,-209.066,0.0377325
5000,5000,0A,0.591636,-0.0665674,0.730381,-0.334783,80.2281,121.071,-208.979,80.2281,121.071,-208.979,0.0307742
5008,5008,0A,0.58828,-0.0601949,0.730939,-0.340634,80.3504,121.35,-209.012,80.3504,121.35,-209.012,0.0446157
5016,5016,0A,0.586133,-0.0518981,0.730968,-0.345603,80.4239,121.714,-208.876,80.4239,121.714,-208.876,0.0493268
5024,5024,0A,0.584017,-0.0442188,0.730332,-0.351545,80.4749,122.039,-209.047,80.4749,122.039,-209.047,0.0506074
5032,5032,0A,0.58169,-0.0387664,0.728794,-0.359157,80.5814,122.395,-209.153,80.5814,122.395,-209.153,0.0506535
5040,5040,0A,0.579364,-0.0344252,0.726468,-0.367963,80.6656,122.772,-209.211,80.6656,122.772,-209.211,0.0458731
5048,5048,0A,0.577034,-0.0304827,0.723905,-0.376915,80.6658,123.031,-209.377,80.6658,123.031,-209.377,0.0526976
5056,5056,0A,0.575165,-0.0250069,0.722096,-0.383584,80.7901,123.34,-209.49,80.7901,123.34,-209.49,0.052803
5064,5064,0A,0.572714,-0.0205126,0.72086,-0.389795,80.8624,123.704,-209.474,80.8624,123.704,-209.474,0.0473674
5072,5072,0A,0.569662,-0.0178266,0.71975,-0.396393,80.9316,123.871,-209.57,80.9316,123.871,-209.57,0.0484792
5080,5080,0A,0.567057,-0.0141767,0.719255,-0.401145,80.998,124.097,-209.602,80.998,124.097,-209.602,0.042792
5088,5088,0A,0.564486,-0.00985274,0.718625,-0.406002,81.2244,124.366,-209.511,81.2244,124.366,-209.511,0.0512237
5096,5096,0A,0.562173,-0.00596914,0.71717,-0.411816,81.2713,124.627,-209.57,81.2713,124.627,-209.57,0.0467991
5104,5104,0A,0.560062,-0.00239022,0.715289,-0.417956,81.2234,124.873,-209.746,81.2234,124.873,-209.746,0.0481421
5112,5112,0A,0.556813,0.000889804,0.713952,-0.424537,81.3966,125.064,-209.736,81.3966,125.064,-209.736,0.0483184
5120,5120,0A,0.554145,0.00563946,0.71275,-0.429975,81.5561,125.358,-209.76,81.5561,125.358,-209.76,0.0445562
5128,5128,0A,0.55163,0.0105261,0.710694,-0.436472,81.6489,125.708,-209.764,81.6489,125.708,-209.764,0.0531203
5136,5136,0A,0.54947,0.0164993,0.707755,-0.443728,81.8058,126.051,-209.924,81.8058,126.051,-209.924,0.0531121
5144,5144,0A,0.546875,0.0224378,0.704941,-0.451091,81.9409,126.345,-210.128,81.9409,126.345,-210.128,0.0503384
5152,5152,0A,0.543741,0.0285293,0.702696,-0.457985,82.1357,126.526,-210.208,82.1357,126.526,-210.208,0.0474203
5160,5160,0A,0.541304,0.0352854,0.699971,-0.464528,82.2497,126.906,-210.116,82.2497,126.906,-210.116,0.0457544
5168,5168,0A,0.539297,0.0414784,0.696353,-0.471731,82.2751,127.126,-210.384,82.2751,127.126,-210.384,0.0580456
5176,5176,0A,0.537286,0.0467591,0.692914,-0.478547,82.5464,127.435,-210.458,82.5464,127.435,-210.458,0.0563142
5184,5184,0A,0.534839,0.0484647,0.689488,-0.486009,82.5862,127.639,-210.597,82.5862,127.639,-210.597,0.0617199
5192,5192,0A,0.532659,0.0489168,0.686834,-0.492078,82.6314,127.718,-210.773,82.6314,127.718,-210.773,0.0495785
5200,5200,0A,0.530456,0.0491893,0.6859,-0.49572,82.7114,127.879,-210.785,82.7114,127.879,-210.785,0.0574233
5208,5208,0A,0.529771,0.0506102,0.686312,-0.495739,82.7595,127.91,-210.865,82.7595,127.91,-210.865,0.0570106
5216,5216,0A,0.529324,0.0513758,0.688213,-0.493497,82.7967,127.885,-210.697,82.7967,127.885,-210.697,0.0564474
5224,5224,0A,0.528933,0.0507473,0.690734,-0.49045,82.7765,127.78,-210.488,82.7765,127.78,-210.488,0.0546115
5232,5232,0A,0.528667,0.0483111,0.692927,-0.487882,82.7026,127.694,-210.399,82.7026,127.694,-210.399,0.0519228
5240,5240,0A,0.529667,0.0457304,0.693897,-0.485662,82.6345,127.6,-210.367,82.6345,127.6,-210.367,0.0506023
5248,5248,0A,0.53196,0.0434777,0.693526,-0.483892,82.5783,127.485,-210.341,82.5783,127.485,-210.341,0.0526552
5256,5256,0A,0.533783,0.0385941,0.693362,-0.482531,82.4114,127.407,-210.449,82.4114,127.407,-210.449,0.0589948
5264,5264,0A,0.535978,0.0331282,0.694638,-0.478653,82.3601,127.182,-210.444,82.3601,127.182,-210.444,0.0516524
5272,5272,0A,0.539505,0.0269176,0.695477,-0.473837,82.292,126.856,-210.34,82.292,126.856,-210.34,0.0502874
5280,5280,0A,0.544391,0.0201696,0.695036,-0.469209,82.0618,126.694,-210.31,82.0618,126.694,-210.31,0.0511636
5288,5288,0A,0.549688,0.0122639,0.694257,-0.464435,81.8321,126.288,-210.506,81.8321,126.288,-210.506,0.0478128
5296,5296,0A,0.555574,0.00419441,0.693768,-0.458264,81.6816,125.873,-210.538,81.6816,125.873,-210.538,0.0530136
5304,5304,0A,0.562201,-0.00344914,0.693027,-0.451256,81.4724,125.538,-210.536,81.4724,125.538,-210.536,0.0398962
5312,5312,0A,0.567038,-0.0127392,0.692309,-0.446111,81.3033,125.142,-210.621,81.3033,125.142,-210.621,0.0437803
5320,5320,0A,0.572267,-0.0199587,0.691625,-0.440189,81.2346,124.773,-210.601,81.2346,124.773,-210.601,0.0397084
5328,5328,0A,0.577517,-0.0260062,0.690617,-0.434563,81.0114,124.48,-210.6,81.0114,124.48,-210.6,0.0355915
5336,5336,0A,0.582347,-0.0315056,0.689327,-0.429777,80.8247,124.155,-210.723,80.8247,124.155,-210.723,0.0506726
5344,5344,0A,0.586696,-0.0364427,0.688699,-0.424445,80.7298,123.905,-210.777,80.7298,123.905,-210.777,0.0472853
5352,5352,0A,0.589988,-0.0419847,0.688968,-0.418897,80.6035,123.683,-210.795,80.6035,123.683,-210.795,0.0469974
5360,5360,0A,0.592197,-0.0481016,0.690355,-0.412795,80.5444,123.354,-210.716,80.5444,123.354,-210.716,0.0438514
5368,5368,0A,0.593622,-0.0537979,0.693043,-0.405475,80.5308,123.065,-210.517,80.5308,123.065,-210.517,0.0450523
5376,5376,0A,0.594742,-0.0589418,0.696419,-0.397251,80.4357,122.755,-210.405,80.4357,122.755,-210.405,0.0462405
5384,5384,0A,0.59586,-0.0635338,0.699588,-0.38922,80.3967,122.436,-210.204,80.3967,122.436,-210.204,0.0369669
5392,5392,0A,0.596336,-0.0692589,0.70183,-0.383434,80.3077,122.055,-210.137,80.3077,122.055,-210.137,0.0410342
5400,5400,0A,0.597678,-0.0736633,0.703081,-0.378198,80.2853,121.836,-210.06,80.2853,121.836,-210.06,0.0435259
5408,5408,0A,0.599911,-0.0768732,0.702965,-0.374217,80.247,121.635,-210.039,80.247,121.635,-210.039,0.0432814
5416,5416,0A,0.602043,-0.0799212,0.70229,-0.371411,80.099,121.62,-210.012,80.099,121.62,-210.012,0.0433929
5424,5424,0A,0.602737,-0.0841132,0.703038,-0.367928,79.9313,121.4,-210.264,79.9313,121.4,-210.264,0.0427058
5432,5432,0A,0.603831,-0.0864403,0.70537,-0.361066,80.1934,120.992,-209.983,80.1934,120.992,-209.983,0.0443995
5440,5440,0A,0.6068,-0.0867853,0.706647,-0.353431,80.1712,120.862,-209.664,80.1712,120.862,-209.664,0.0346065
5448,5448,0A,0.609971,-0.0891923,0.705271,-0.350104,79.9434,120.758,-209.99,79.9434,120.758,-209.99,0.0454192
5456,5456,0A,0.613181,-0.0921037,0.703039,-0.348228,79.9285,120.617,-210.101,79.9285,120.617,-210.101,0.0544364
5464,5464,0A,0.616405,-0.0946631,0.70063,-0.346703,79.999,120.343,-210.202,79.999,120.343,-210.202,0.046139
5472,5472,0A,0.620231,-0.0961643,0.697647,-0.345478,79.9046,120.371,-210.186,79.9046,120.371,-210.186,0.0447011
5480,5480,0A,0.623703,-0.0975937,0.695021,-0.344116,79.6762,120.315,-210.556,79.6762,120.315,-210.556,0.049751
5488,5488,0A,0.625962,-0.09958,0.694455,-0.34057,79.6997,120.042,-210.633,79.6997,120.042,-210.633,0.0612686
5496,5496,0A,0.628147,-0.101037,0.695688,-0.333528,79.733,119.802,-210.485,79.733,119.802,-210.485,0.0378113
5504,5504,0A,0.630458,-0.103055,0.69582,-0.328233,79.8577,119.622,-210.229,79.8577,119.622,-210.229,0.0490951
5512,5512,0A,0.63406,-0.106342,0.692721,-0.326798,79.8512,119.476,-210.241,79.8512,119.476,-210.241,0.040728
5520,5520,0A,0.638482,-0.111097,0.686832,-0.329028,79.5391,119.585,-210.704,79.5391,119.585,-210.704,0.0441807
5528,5528,0A,0.642185,-0.114553,0.682396,-0.329868,79.5186,119.392,-211.091,79.5186,119.392,-211.091,0.053456
5536,5536,0A,0.645259,-0.116528,0.680934,-0.326177,79.5704,119.256,-210.98,79.5704,119.256,-210.98,0.0501168
5544,5544,0A,0.647273,-0.118782,0.680866,-0.321481,79.6512,119.057,-210.936,79.6512,119.057,-210.936,0.0577235
5552,5552,0A,0.649359,-0.121054,0.680752,-0.316633,79.6385,118.749,-210.966,79.6385,118.749,-210.966,0.0588605
5560,5560,0A,0.652745,-0.122921,0.678851,-0.313012,79.621,118.612,-210.896,79.621,118.612,-210.896,0.0549749
5568,5568,0A,0.656416,-0.125552,0.675394,-0.311766,79.4934,118.58,-211.147,79.4934,118.58,-211.147,0.0549254
5576,5576,0A,0.659361,-0.129046,0.671639,-0.312236,79.5483,118.443,-211.309,79.5483,118.443,-211.309,0.0645031
5584,5584,0A,0.661448,-0.132288,0.668663,-0.312852,79.522,118.248,-211.401,79.522,118.248,-211.401,0.0560478
5592,5592,0A,0.66373,-0.132978,0.667044,-0.311178,79.4869,118.324,-211.436,79.4869,118.324,-211.436,0.0625286
5600,5600,0A,0.665271,-0.13373,0.666305,-0.309143,79.4546,118.036,-211.578,79.4546,118.036,-211.578,0.0565554
5608,5608,0A,0.665962,-0.134456,0.666377,-0.30718,79.4749,118.128,-211.452,79.4749,118.128,-211.452,0.0605301
5616,5616,0A,0.665003,-0.135936,0.667534,-0.306091,79.4838,118.097,-211.421,79.4838,118.097,-211.421,0.0615145
5624,5624,0A,0.663577,-0.135607,0.670323,-0.303222,79.5168,118.108,-211.274,79.5168,118.108,-211.274,0.0700345
5632,5632,0A,0.661729,-0.135395,0.673251,-0.300859,79.5458,118.008,-211.119,79.5458,118.008,-211.119,0.0628257
5640,5640,0A,0.659769,-0.134985,0.675813,-0.299601,79.5806,118.126,-210.96,79.5806,118.126,-210.96,0.0720407
5648,5648,0A,0.658202,-0.133784,0.678356,-0.297835,79.4877,118.163,-210.875,79.4877,118.163,-210.875,0.0746389
5656,5656,0A,0.657491,-0.133099,0.68006,-0.29582,79.6755,118.035,-210.732,79.6755,118.035,-210.732,0.0693003
5664,5664,0A,0.657217,-0.134113,0.680021,-0.296058,79.6207,117.911,-210.761,79.6207,117.911,-210.761,0.0623511
5672,5672,0A,0.658246,-0.135137,0.677573,-0.298905,79.6364,117.985,-210.8,79.6364,117.985,-210.8,0.0637364
5680,5680,0A,0.659518,-0.136204,0.674094,-0.30345,79.5123,117.954,-211.17,79.5123,117.954,-211.17,0.0606951
5688,5688,0A,0.66021,-0.137323,0.671634,-0.306874,79.3521,118.207,-211.396,79.3521,118.207,-211.396,0.0655553
5696,5696,0A,0.659387,-0.138598,0.671662,-0.308009,79.4757,118.217,-211.231,79.4757,118.217,-211.231,0.0734348
5704,5704,0A,0.658472,-0.138398,0.673645,-0.305718,79.6021,117.984,-211.111,79.6021,117.984,-211.111,0.0780554
5712,5712,0A,0.658755,-0.137392,0.674716,-0.303191,79.5975,117.949,-210.913,79.5975,117.949,-210.913,0.0580717
5720,5720,0A,0.659625,-0.137265,0.673931,-0.303102,79.5528,118.113,-210.916,79.5528,118.113,-210.916,0.0697242
5728,5728,0A,0.660987,-0.137136,0.672863,-0.302566,79.5551,118.154,-211.1,79.5551,118.154,-211.1,0.0732789
5736,5736,0A,0.662183,-0.137435,0.672054,-0.301611,79.5428,118.032,-211.211,79.5428,118.032,-211.211,0.0693068
5744,5744,0A,0.663057,-0.137365,0.671452,-0.301061,79.5635,117.96,-211.23,79.5635,117.96,-211.23,0.0604619
5752,5752,0A,0.662866,-0.137094,0.671368,-0.301792,79.4994,117.987,-211.333,79.4994,117.987,-211.333,0.0588528
5760,5760,0A,0.66261,-0.135568,0.6719,-0.301863,79.4847,117.997,-211.268,79.4847,117.997,-211.268,0.0628319
5768,5768,0A,0.663086,-0.132597,0.673024,-0.299625,79.513,118.066,-211.234,79.513,118.066,-211.234,0.0631394
5776,5776,0A,0.663295,-0.130349,0.67395,-0.298062,79.5992,118.022,-211.268,79.5992,118.022,-211.268,0.10314
5784,5784,0A,0.663664,-0.132449,0.673117,-0.298199,79.4729,118.066,-211.326,79.4729,118.066,-211.326,0.0614918
5792,5792,0A,0.663886,-0.134463,0.672468,-0.298266,79.7259,118.036,-211.115,79.7259,118.036,-211.115,0.0587134
5800,5800,0A,0.664184,-0.134681,0.672742,-0.296881,79.6581,117.907,-211.213,79.6581,117.907,-211.213,0.0980237
5808,5808,0A,0.664539,-0.138686,0.671035,-0.298104,79.5604,117.767,-211.343,79.5604,117.767,-211.343,0.096194
5816,5816,0A,0.664408,-0.141117,0.670392,-0.298702,79.5263,117.788,-211.275,79.5263,117.788,-211.275,0.0693886
5824,5824,0A,0.665326,-0.139588,0.671081,-0.295815,79.5031,117.872,-211.184,79.5031,117.872,-211.184,0.0677271
5832,5832,0A,0.665794,-0.139139,0.671356,-0.294348,79.5103,117.649,-211.236,79.5103,117.649,-211.236,0.064693
5840,5840,0A,0.665982,-0.140332,0.670649,-0.294966,79.5209,117.684,-211.226,79.5209,117.684,-211.226,0.0650587
5848,5848,0A,0.665948,-0.1417,0.669838,-0.296229,79.4868,117.693,-211.292,79.4868,117.693,-211.292,0.0599118
5856,5856,0A,0.665992,-0.141607,0.669654,-0.296591,79.4883,117.819,-211.199,79.4883,117.819,-211.199,0.0718668
5864,5864,0A,0.666459,-0.140897,0.669674,-0.295834,79.5536,117.782,-211.216,79.5536,117.782,-211.216,0.0649449
5872,5872,0A,0.666706,-0.139442,0.670308,-0.294527,79.4751,118.056,-211.232,79.4751,118.056,-211.232,0.0753557
5880,5880,0A,0.666658,-0.139669,0.670414,-0.294288,79.4144,117.963,-211.297,79.4144,117.963,-211.297,0.071466
5888,5888,0A,0.667073,-0.139293,0.670565,-0.29318,79.403,117.942,-211.288,79.403,117.942,-211.288,0.0660362
5896,5896,0A,0.667871,-0.138193,0.670989,-0.290902,79.4133,117.869,-211.311,79.4133,117.869,-211.311,0.0852403
5904,5904,0A,0.669115,-0.13674,0.671467,-0.287611,79.4186,117.904,-211.273,79.4186,117.904,-211.273,0.0785803
5912,5912,0A,0.668747,-0.139822,0.671274,-0.287432,79.5053,117.459,-211.297,79.5053,117.459,-211.297,0.0630032
5920,5920,0A,0.669189,-0.138763,0.67196,-0.285309,79.5257,117.528,-211.183,79.5257,117.528,-211.183,0.0726237
5928,5928,0A,0.669531,-0.139777,0.671804,-0.284378,79.468,117.43,-211.278,79.468,117.43,-211.278,0.0625444
5936,5936,0A,0.670382,-0.140601,0.671244,-0.283288,79.4941,117.426,-211.247,79.4941,117.426,-211.247,0.0752238
5944,5944,0A,0.671085,-0.140738,0.671014,-0.282096,79.5236,117.458,-211.153,79.5236,117.458,-211.153,0.0782057
5952,5952,0A,0.671405,-0.140252,0.671149,-0.281254,79.5191,117.34,-211.236,79.5191,117.34,-211.236,0.0738364
5960,5960,0A,0.672113,-0.139534,0.671171,-0.279864,79.4349,117.316,-211.294,79.4349,117.316,-211.294,0.0592857
5968,5968,0A,0.673026,-0.138622,0.671021,-0.27848,79.505,117.312,-211.196,79.505,117.312,-211.196,0.0694202
5976,5976,0A,0.673575,-0.136673,0.671704,-0.276466,79.4953,117.275,-211.296,79.4953,117.275,-211.296,0.0801987
5984,5984,0A,0.674012,-0.135495,0.672283,-0.274566,79.4973,117.367,-211.164,79.4973,117.367,-211.164,0.0715727
5992,5992,0A,0.674364,-0.134621,0.672927,-0.272544,79.4142,117.597,-211.307,79.4142,117.597,-211.307,0.0902296
6000,6000,0A,0.674137,-0.136516,0.673338,-0.271144,79.5245,117.06,-211.358,79.5245,117.06,-211.358,0.0742419
6008,6008,0A,0.674376,-0.136923,0.673976,-0.26875,79.5411,117.167,-211.149,79.5411,117.167,-211.149,0.0811584
6016,6016,0A,0.67428,-0.138507,0.674245,-0.2675,79.4909,117.112,-211.112,79.4909,117.112,-211.112,0.0701885
6024,6024,0A,0.673963,-0.140988,0.674237,-0.267022,79.4872,117.026,-211.125,79.4872,117.026,-211.125,0.0743398
6032,6032,0A,0.67364,-0.143545,0.674277,-0.266375,79.4582,116.875,-211.187,79.4582,116.875,-211.187,0.0637425
6040,6040,0A,0.673475,-0.144635,0.674591,-0.265406,79.5024,116.861,-211.122,79.5024,116.861,-211.122,0.0709753
6048,6048,0A,0.672965,-0.145131,0.675332,-0.264543,79.5601,116.928,-211.011,79.5601,116.928,-211.011,0.077489
6056,6056,0A,0.672015,-0.1468,0.676043,-0.26422,79.5135,116.904,-210.979,79.5135,116.904,-210.979,0.0670171
6064,6064,0A,0.671129,-0.148667,0.67684,-0.263387,79.5263,116.895,-210.91,79.5263,116.895,-210.91,0.06891
6072,6072,0A,0.670203,-0.150765,0.67777,-0.262154,79.5568,116.776,-210.811,79.5568,116.776,-210.811,0.0721341
6080,6080,0A,0.669646,-0.152892,0.678453,-0.260578,79.6061,116.738,-210.709,79.6061,116.738,-210.709,0.0802044
6088,6088,0A,0.669514,-0.155773,0.678606,-0.258807,79.6048,116.706,-210.584,79.6048,116.706,-210.584,0.0743641
6096,6096,0A,0.669915,-0.15931,0.678327,-0.256339,79.5679,116.502,-210.665,79.5679,116.502,-210.665,0.0730853
6104,6104,0A,0.671675,-0.162015,0.677717,-0.251604,79.6043,116.359,-210.675,79.6043,116.359,-210.675,0.0789532
6112,6112,0A,0.673823,-0.165045,0.676624,-0.246782,79.624,116.132,-210.627,79.624,116.132,-210.627,0.0833603
6120,6120,0A,0.675896,-0.167947,0.675593,-0.241938,79.6552,116.084,-210.612,79.6552,116.084,-210.612,0.0827769
6128,6128,0A,0.677283,-0.171084,0.675001,-0.237471,79.6533,115.915,-210.567,79.6533,115.915,-210.567,0.0811108
6136,6136,0A,0.678218,-0.174525,0.674742,-0.232994,79.6261,115.644,-210.615,79.6261,115.644,-210.615,0.0868743
6144,6144,0A,0.679376,-0.177894,0.674201,-0.22859,79.6548,115.492,-210.538,79.6548,115.492,-210.538,0.08383
6152,6152,0A,0.680043,-0.181074,0.673642,-0.225747,79.7365,115.431,-210.465,79.7365,115.431,-210.465,0.0837409
6160,6160,0A,0.680079,-0.183606,0.673538,-0.223896,79.7642,115.292,-210.431,79.7642,115.292,-210.431,0.0940915
6168,6168,0A,0.680044,-0.184967,0.67413,-0.221079,79.7361,115.277,-210.39,79.7361,115.277,-210.39,0.0865405
6176,6176,0A,0.680259,-0.18602,0.674643,-0.217949,79.7533,115.266,-210.311,79.7533,115.266,-210.311,0.0772557
6184,6184,0A,0.680211,-0.188111,0.674731,-0.216023,79.7793,115.134,-210.3,79.7793,115.134,-210.3,0.0776279
6192,6192,0A,0.679737,-0.189927,0.675212,-0.214417,79.8246,115.065,-210.269,79.8246,115.065,-210.269,0.0741711
6200,6200,0A,0.67859,-0.191502,0.676283,-0.213273,79.8274,115.087,-210.114,79.8274,115.087,-210.114,0.0805064
6208,6208,0A,0.677174,-0.193884,0.677132,-0.212928,79.8429,114.903,-210.052,79.8429,114.903,-210.052,0.0912624
6216,6216,0A,0.676606,-0.196251,0.677457,-0.211522,79.8596,114.882,-209.959,79.8596,114.882,-209.959,0.0893022
6224,6224,0A,0.6764,-0.19836,0.677767,-0.20921,79.8505,114.849,-209.972,79.8505,114.849,-209.972,0.0836459
6232,6232,0A,0.676383,-0.200078,0.677944,-0.207045,79.8912,114.719,-209.938,79.8912,114.719,-209.938,0.0875724
6240,6240,0A,0.676707,-0.201256,0.677884,-0.20503,79.952,114.677,-209.851,79.952,114.677,-209.851,0.0978611
6248,6248,0A,0.67746,-0.202197,0.677579,-0.202613,79.9428,114.698,-209.832,79.9428,114.698,-209.832,0.0831926
6256,6256,0A,0.678372,-0.203509,0.676906,-0.200481,79.9399,114.652,-209.86,79.9399,114.652,-209.86,0.0853481
6264,6264,0A,0.6795,-0.204803,0.676068,-0.19816,79.9491,114.452,-209.87,79.9491,114.452,-209.87,0.0892874
6272,6272,0A,0.681197,-0.205252,0.675138,-0.195014,79.9659,114.536,-209.809,79.9659,114.536,-209.809,0.0849607
6280,6280,0A,0.682428,-0.206609,0.673972,-0.193306,79.9922,114.429,-209.844,79.9922,114.429,-209.844,0.0823549
6288,6288,0A,0.683497,-0.207623,0.673057,-0.191621,80.0329,114.387,-209.83,80.0329,114.387,-209.83,0.0753587
6296,6296,0A,0.683716,-0.208559,0.672742,-0.190926,79.9954,114.388,-209.882,79.9954,114.388,-209.882,0.0826303
6304,6304,0A,0.683719,-0.208914,0.672879,-0.190047,80.0578,114.353,-209.848,80.0578,114.353,-209.848,0.0851905
6312,6312,0A,0.683324,-0.2094,0.673363,-0.189217,80.0387,114.241,-209.887,80.0387,114.241,-209.887,0.078936
6320,6320,0A,0.682681,-0.208973,0.674384,-0.188371,79.9747,114.298,-209.838,79.9747,114.298,-209.838,0.0788856
6328,6328,0A,0.681571,-0.20924,0.675125,-0.189437,79.9994,114.318,-209.794,79.9994,114.318,-209.794,0.0877788
6336,6336,0A,0.680602,-0.209734,0.675759,-0.190113,80.0129,114.358,-209.777,80.0129,114.358,-209.777,0.0880319
6344,6344,0A,0.679624,-0.210556,0.676327,-0.190679,80.0098,114.312,-209.698,80.0098,114.312,-209.698,0.0816177
6352,6352,0A,0.678446,-0.211327,0.676919,-0.19192,80.0159,114.393,-209.592,80.0159,114.393,-209.592,0.0876851
6360,6360,0A,0.677066,-0.212109,0.677673,-0.193264,79.9719,114.354,-209.706,79.9719,114.354,-209.706,0.0834299
6368,6368,0A,0.676384,-0.21254,0.678092,-0.193708,80.0183,114.336,-209.588,80.0183,114.336,-209.588,0.0860063
6376,6376,0A,0.676123,-0.21292,0.678427,-0.193024,80.0355,114.326,-209.621,80.0355,114.326,-209.621,0.078087
6384,6384,0A,0.676022,-0.213295,0.678385,-0.193115,80.0778,114.337,-209.516,80.0778,114.337,-209.516,0.0964361
6392,6392,0A,0.675779,-0.212752,0.678799,-0.19311,80.0704,114.471,-209.506,80.0704,114.471,-209.506,0.0936528
6400,6400,0A,0.67524,-0.212179,0.67939,-0.193551,80.03,114.467,-209.568,80.03,114.467,-209.568,0.0845692
6408,6408,0A,0.674831,-0.211744,0.679996,-0.193324,79.9786,114.426,-209.555,79.9786,114.426,-209.555,0.080227
6416,6416,0A,0.674706,-0.211414,0.680612,-0.191946,79.978,114.373,-209.569,79.978,114.373,-209.569,0.0832578
6424,6424,0A,0.674564,-0.210697,0.681531,-0.189961,80.0378,114.359,-209.431,80.0378,114.359,-209.431,0.0980637
6432,6432,0A,0.674297,-0.20938,0.68283,-0.187686,80.0582,114.394,-209.332,80.0582,114.394,-209.332,0.0912145
6440,6440,0A,0.673673,-0.208984,0.68372,-0.18713,80.0576,114.439,-209.292,80.0576,114.439,-209.292,0.0906845
6448,6448,0A,0.673559,-0.209469,0.683861,-0.186482,80.0815,114.423,-209.296,80.0815,114.423,-209.296,0.0786807
6456,6456,0A,0.673614,-0.210249,0.683822,-0.185546,80.0473,114.323,-209.386,80.0473,114.323,-209.386,0.076035
6464,6464,0A,0.674207,-0.210333,0.683633,-0.183988,80.0847,114.237,-209.337,80.0847,114.237,-209.337,0.084117
6472,6472,0A,0.674809,-0.210348,0.683472,-0.182352,80.1044,114.31,-209.368,80.1044,114.31,-209.368,0.0823645
6480,6480,0A,0.675614,-0.210429,0.683285,-0.179963,80.0855,114.29,-209.333,80.0855,114.29,-209.333,0.0857472
6488,6488,0A,0.67639,-0.210605,0.683214,-0.177089,80.1184,114.166,-209.251,80.1184,114.166,-209.251,0.0897428
6496,6496,0A,0.67658,-0.21127,0.683398,-0.174851,80.1183,114.058,-209.283,80.1183,114.058,-209.283,0.0949992
6504,6504,0A,0.676441,-0.211791,0.683869,-0.172902,80.1029,114.102,-209.328,80.1029,114.102,-209.328,0.0835025
6512,6512,0A,0.6763,-0.213124,0.683909,-0.171654,80.1352,113.972,-209.286,80.1352,113.972,-209.286,0.0771277
6520,6520,0A,0.676892,-0.21448,0.683502,-0.169234,80.1739,113.945,-209.273,80.1739,113.945,-209.273,0.0831085
6528,6528,0A,0.67779,-0.215909,0.682954,-0.166005,80.2318,113.904,-209.245,80.2318,113.904,-209.245,0.0827028
6536,6536,0A,0.678395,-0.217619,0.682532,-0.163011,80.2428,113.844,-209.2,80.2428,113.844,-209.2,0.0812211
6544,6544,0A,0.679051,-0.219048,0.682168,-0.15986,80.2392,113.732,-209.203,80.2392,113.732,-209.203,0.0786293
6552,6552,0A,0.680257,-0.220188,0.681541,-0.155786,80.305,113.604,-209.123,80.305,113.604,-209.123,0.068663
6560,6560,0A,0.681409,-0.221639,0.68069,-0.152379,80.3502,113.527,-209.062,80.3502,113.527,-209.062,0.0698399
6568,6568,0A,0.681974,-0.223543,0.679841,-0.150854,80.389,113.485,-209.07,80.389,113.485,-209.07,0.0683953
6576,6576,0A,0.681958,-0.224755,0.67962,-0.150114,80.3993,113.524,-209.117,80.3993,113.524,-209.117,0.073686
6584,6584,0A,0.681593,-0.226015,0.679502,-0.150421,80.3863,113.393,-209.068,80.3863,113.393,-209.068,0.0654834
6592,6592,0A,0.68131,-0.227068,0.679324,-0.150917,80.3741,113.385,-209.08,80.3741,113.385,-209.08,0.0677404
6600,6600,0A,0.681301,-0.227159,0.679319,-0.15084,80.3876,113.481,-209.043,80.3876,113.481,-209.043,0.0740618
6608,6608,0A,0.680892,-0.227961,0.679214,-0.151954,80.4034,113.486,-209.134,80.4034,113.486,-209.134,0.082157
6616,6616,0A,0.680294,-0.228708,0.679387,-0.15273,80.4077,113.402,-209.092,80.4077,113.402,-209.092,0.0802582
6624,6624,0A,0.679809,-0.228731,0.680005,-0.152107,80.3698,113.451,-209.023,80.3698,113.451,-209.023,0.0740109
6632,6632,0A,0.679165,-0.229376,0.680472,-0.151917,80.3897,113.3,-209.022,80.3897,113.3,-209.022,0.0763411
6640,6640,0A,0.679095,-0.229464,0.680701,-0.151072,80.4408,113.386,-208.926,80.4408,113.386,-208.926,0.0895136
6648,6648,0A,0.678496,-0.230463,0.680836,-0.151629,80.4231,113.337,-208.948,80.4231,113.337,-208.948,0.0895724
6656,6656,0A,0.677958,-0.230575,0.681415,-0.151264,80.4001,113.445,-208.88,80.4001,113.445,-208.88,0.0909722
6664,6664,0A,0.677282,-0.231137,0.681989,-0.15085,80.4313,113.354,-208.834,80.4313,113.354,-208.834,0.0814736
