64,64,0A,0.301221,0.562012,0.452819,0.623188,74.6874,28.7585,-190.593,74.6874,28.7585,-190.593,0.0728419
72,72,0A,0.30042,0.562603,0.451329,0.624122,74.7013,28.7758,-190.664,74.7013,28.7758,-190.664,0.0632666
80,80,0A,0.298911,0.563649,0.449364,0.625319,74.6619,28.7508,-190.425,74.6619,28.7508,-190.425,0.0743015
88,88,0A,0.298014,0.564179,0.448316,0.626022,74.6669,28.7584,-190.408,74.6669,28.7584,-190.408,0.075633
96,96,0A,0.296712,0.564925,0.446798,0.627052,74.6844,28.7712,-190.398,74.6844,28.7712,-190.398,0.0755008
104,104,0A,0.295866,0.565302,0.445993,0.627683,74.675,28.7435,-190.416,74.675,28.7435,-190.416,0.0694121
112,112,0A,0.294363,0.566019,0.444395,0.628877,74.6968,28.761,-190.37,74.6968,28.761,-190.37,0.0719911
120,120,0A,0.29351,0.566592,0.44345,0.629427,74.7018,28.7346,-190.395,74.7018,28.7346,-190.395,0.0650867
128,128,0A,0.293093,0.566939,0.443058,0.629584,74.6752,28.6727,-190.412,74.6752,28.6727,-190.412,0.0528772
136,136,0A,0.292298,0.567411,0.442234,0.630108,74.6485,28.6493,-190.443,74.6485,28.6493,-190.443,0.0543936
144,144,0A,0.2905,0.568401,0.440246,0.631438,74.6624,28.6843,-190.456,74.6624,28.6843,-190.456,0.0560981
152,152,0A,0.287608,0.569989,0.43686,0.633678,74.7192,28.7625,-190.436,74.7192,28.7625,-190.436,0.0658434
160,160,0A,0.286054,0.570805,0.435211,0.634781,74.7284,28.7696,-190.416,74.7284,28.7696,-190.416,0.0667747
168,168,0A,0.284786,0.571583,0.433801,0.635616,74.7316,28.7695,-190.424,74.7316,28.7695,-190.424,0.0606834
176,176,0A,0.282933,0.572558,0.431807,0.636922,74.7325,28.7713,-190.429,74.7325,28.7713,-190.429,0.0623583
184,184,0A,0.280545,0.573759,0.429188,0.638665,74.7451,28.7734,-190.412,74.7451,28.7734,-190.412,0.0598183
192,192,0A,0.278028,0.575111,0.426279,0.640495,74.7467,28.7736,-190.411,74.7467,28.7736,-190.411,0.0612333
200,200,0A,0.275415,0.576491,0.423202,0.642421,74.7736,28.7861,-190.389,74.7736,28.7861,-190.389,0.066433
208,208,0A,0.273738,0.577478,0.421267,0.643522,74.744,28.7178,-190.41,74.744,28.7178,-190.41,0.0532259
216,216,0A,0.270062,0.579121,0.41719,0.646249,74.7889,28.8234,-190.42,74.7889,28.8234,-190.42,0.0625731
224,224,0A,0.266325,0.580867,0.412918,0.648971,74.8114,28.8685,-190.383,74.8114,28.8685,-190.383,0.0699276
232,232,0A,0.263791,0.582351,0.409885,0.650596,74.7707,28.7833,-190.448,74.7707,28.7833,-190.448,0.0557675
240,240,0A,0.259635,0.584361,0.405108,0.653453,74.791,28.8039,-190.442,74.791,28.8039,-190.442,0.0562291
248,248,0A,0.255756,0.586177,0.400723,0.656054,74.7515,28.7768,-190.437,74.7515,28.7768,-190.437,0.0514635
256,256,0A,0.250891,0.588381,0.395096,0.659364,74.7707,28.7632,-190.452,74.7707,28.7632,-190.452,0.0473014
264,264,0A,0.245222,0.590886,0.388573,0.663123,74.8031,28.8024,-190.458,74.8031,28.8024,-190.458,0.050544
272,272,0A,0.234324,0.594572,0.379574,0.668955,74.8736,28.8227,-190.733,74.8736,28.8227,-190.733,0.0497082
280,280,0A,0.228504,0.596918,0.372529,0.672828,74.8656,28.6788,-190.658,74.8656,28.6788,-190.658,0.0441174
288,288,0A,0.221412,0.599666,0.364094,0.677358,74.9212,28.7558,-190.807,74.9212,28.7558,-190.807,0.0440842
296,296,0A,0.214352,0.602581,0.356042,0.68131,74.8541,28.6534,-190.772,74.8541,28.6534,-190.772,0.0416171
304,304,0A,0.207011,0.605137,0.34809,0.685412,74.8326,28.727,-190.739,74.8326,28.727,-190.739,0.0378916
312,312,0A,0.199849,0.607649,0.339732,0.689496,74.8097,28.7425,-190.743,74.8097,28.7425,-190.743,0.0471831
320,320,0A,0.191763,0.610067,0.331151,0.693819,74.8935,28.7755,-190.7,74.8935,28.7755,-190.7,0.044454
328,328,0A,0.183496,0.612902,0.322468,0.697636,74.8637,28.7231,-190.808,74.8637,28.7231,-190.808,0.0293106
336,336,0A,0.176044,0.615195,0.3139,0.701435,74.821,28.6993,-190.873,74.821,28.6993,-190.873,0.0262623
344,344,0A,0.16698,0.61758,0.303378,0.706169,74.8581,28.7479,-190.813,74.8581,28.7479,-190.813,0.0326487
352,352,0A,0.153329,0.621181,0.287922,0.712549,74.837,28.7213,-190.88,74.837,28.7213,-190.88,0.0279313
360,360,0A,0.132807,0.625957,0.263665,0.721818,74.9044,28.8115,-190.924,74.9044,28.8115,-190.924,0.0374009
368,368,0A,0.107757,0.631034,0.234178,0.731673,74.8182,28.5863,-190.958,74.8182,28.5863,-190.958,0.0332708
376,376,0A,0.0780982,0.635283,0.200251,0.741765,74.7649,28.4717,-190.975,74.7649,28.4717,-190.975,0.0348055
384,384,0A,0.0447738,0.638822,0.162516,0.75066,74.7763,28.5867,-191.09,74.7763,28.5867,-191.09,0.0340535
392,392,0A,0.0175383,0.640547,0.131643,0.756348,74.7204,28.56,-191.126,74.7204,28.56,-191.126,0.0302791
400,400,0A,0.00323451,-0.640878,-0.107838,-0.760024,74.6943,28.628,-191.147,74.6943,28.628,-191.147,0.0303143
408,408,0A,0.0178121,-0.640431,-0.0910055,-0.762397,74.7225,28.5879,-191.202,74.7225,28.5879,-191.202,0.0386472
416,416,0A,0.0300037,-0.639752,-0.0771406,-0.764112,74.867,28.7237,-191.143,74.867,28.7237,-191.143,0.0406894
424,424,0A,0.0408529,-0.639421,-0.0648817,-0.765024,74.859,28.7816,-191.203,74.859,28.7816,-191.203,0.034974
432,432,0A,0.0504196,-0.638865,-0.0539959,-0.765764,74.8476,28.6995,-191.183,74.8476,28.6995,-191.183,0.0377589
440,440,0A,0.0616028,-0.638258,-0.0415945,-0.766226,74.7574,28.6599,-191.213,74.7574,28.6599,-191.213,0.049952
448,448,0A,0.0748394,-0.636962,-0.0254151,-0.766833,74.723,28.5994,-191.357,74.723,28.5994,-191.357,0.0392158
456,456,0A,0.0941692,-0.634197,-0.00245946,-0.767411,74.7863,28.6984,-191.352,74.7863,28.6984,-191.352,0.0442142
464,464,0A,0.109499,-0.631455,0.0165528,-0.767464,74.8069,28.709,-191.364,74.8069,28.709,-191.364,0.0382422
472,472,0A,0.120899,-0.629274,0.0302849,-0.767125,74.8309,28.5665,-191.413,74.8309,28.5665,-191.413,0.0424363
480,480,0A,0.130599,-0.627608,0.0423179,-0.76633,74.7192,28.5182,-191.478,74.7192,28.5182,-191.478,0.033187
488,488,0A,0.140774,-0.625443,0.0536403,-0.765589,74.7791,28.6692,-191.44,74.7791,28.6692,-191.44,0.0412498
496,496,0A,0.148928,-0.623629,0.0629286,-0.764819,74.8406,28.6997,-191.502,74.8406,28.6997,-191.502,0.0352036
504,504,0A,0.155309,-0.622275,0.0703139,-0.764009,74.7949,28.7084,-191.459,74.7949,28.7084,-191.459,0.0479312
512,512,0A,0.157414,-0.62182,0.0733663,-0.763661,74.741,28.6529,-191.448,74.741,28.6529,-191.448,0.0436527
520,520,0A,0.158081,-0.621933,0.0734363,-0.763425,74.7488,28.6388,-191.451,74.7488,28.6388,-191.451,0.0454434
528,528,0A,0.158117,-0.622531,0.0726463,-0.763005,74.738,28.6939,-191.447,74.738,28.6939,-191.447,0.0476349
536,536,0A,0.158057,-0.623063,0.0721101,-0.762634,74.7537,28.7432,-191.452,74.7537,28.7432,-191.452,0.0478415
544,544,0A,0.157707,-0.623432,0.0715135,-0.76246,74.7267,28.718,-191.444,74.7267,28.718,-191.444,0.0585452
552,552,0A,0.155444,-0.624091,0.0689359,-0.762624,74.7106,28.6436,-191.431,74.7106,28.6436,-191.431,0.048706
560,560,0A,0.155421,-0.623086,0.069655,-0.763385,74.7606,28.673,-191.414,74.7606,28.673,-191.414,0.0520636
568,568,0A,0.155599,-0.623127,0.0700257,-0.763281,74.7382,28.6767,-191.445,74.7382,28.6767,-191.445,0.0472925
576,576,0A,0.155042,-0.623331,0.0694038,-0.763285,74.7228,28.6879,-191.479,74.7228,28.6879,-191.479,0.0449884
584,584,0A,0.154094,-0.623607,0.0683289,-0.763348,74.7193,28.7057,-191.499,74.7193,28.7057,-191.499,0.0423418
592,592,0A,0.152897,-0.623919,0.0670197,-0.76345,74.7064,28.6962,-191.494,74.7064,28.6962,-191.494,0.0419276
600,600,0A,0.151714,-0.62419,0.0657927,-0.763571,74.6914,28.6872,-191.489,74.6914,28.6872,-191.489,0.0429333
608,608,0A,0.150564,-0.624361,0.0646112,-0.76376,74.6918,28.685,-191.481,74.6918,28.685,-191.481,0.0431196
616,616,0A,0.14928,-0.624521,0.0633472,-0.763987,74.6834,28.6846,-191.476,74.6834,28.6846,-191.476,0.0418645
624,624,0A,0.148195,-0.624619,0.062306,-0.764204,74.6832,28.6781,-191.466,74.6832,28.6781,-191.466,0.0420452
632,632,0A,0.14703,-0.624717,0.0612984,-0.76443,74.6717,28.6761,-191.462,74.6717,28.6761,-191.462,0.0401424
640,640,0A,0.146083,-0.624817,0.0604486,-0.764598,74.6585,28.6732,-191.468,74.6585,28.6732,-191.468,0.0394644
648,648,0A,0.145386,-0.624853,0.0597789,-0.764754,74.6598,28.6741,-191.466,74.6598,28.6741,-191.466,0.0399892
656,656,0A,0.144941,-0.624784,0.0593074,-0.764931,74.6689,28.696,-191.455,74.6689,28.696,-191.455,0.0408428
664,664,0A,0.144363,-0.624674,0.0586313,-0.765182,74.672,28.6817,-191.453,74.672,28.6817,-191.453,0.0425438
672,672,0A,0.143855,-0.624594,0.0580972,-0.765384,74.6626,28.684,-191.473,74.6626,28.684,-191.473,0.0422327
680,680,0A,0.14356,-0.624481,0.0575473,-0.765573,74.672,28.6912,-191.484,74.672,28.6912,-191.484,0.0435563
688,688,0A,0.143791,-0.624376,0.0572298,-0.76564,74.6737,28.711,-191.496,74.6737,28.711,-191.496,0.047303
696,696,0A,0.143951,-0.62433,0.0568401,-0.765676,74.6692,28.7024,-191.509,74.6692,28.7024,-191.509,0.0498618
704,704,0A,0.14403,-0.624277,0.0564414,-0.765734,74.6671,28.69,-191.513,74.6671,28.69,-191.513,0.0499954
712,712,0A,0.144302,-0.624213,0.0561798,-0.765754,74.6707,28.6838,-191.522,74.6707,28.6838,-191.522,0.0513315
720,720,0A,0.144659,-0.624137,0.0559377,-0.765767,74.6713,28.679,-191.523,74.6713,28.679,-191.523,0.0535104
728,728,0A,0.145201,-0.624021,0.0557981,-0.765768,74.6736,28.6798,-191.518,74.6736,28.6798,-191.518,0.0557634
736,736,0A,0.145418,-0.624008,0.0556027,-0.765752,74.6559,28.6342,-191.52,74.6559,28.6342,-191.52,0.0553949
744,744,0A,0.146177,-0.623968,0.0560858,-0.765605,74.638,28.6102,-191.505,74.638,28.6102,-191.505,0.0579089
752,752,0A,0.147411,-0.623745,0.0570668,-0.765478,74.6465,28.5976,-191.474,74.6465,28.5976,-191.474,0.0619669
760,760,0A,0.154241,-0.622227,0.0659431,-0.764654,74.821,28.7857,-191.374,74.821,28.7857,-191.374,0.0630332
768,768,0A,0.157129,-0.620964,0.069554,-0.764772,74.6142,28.5614,-191.497,74.6142,28.5614,-191.497,0.0587573
776,776,0A,0.161289,-0.620242,0.0748511,-0.763992,74.6758,28.5865,-191.464,74.6758,28.5865,-191.464,0.0469771
784,784,0A,0.169875,-0.617992,0.0859097,-0.76279,74.6789,28.5112,-191.404,74.6789,28.5112,-191.404,0.039268
792,792,0A,0.188006,-0.612673,0.107285,-0.760116,74.7307,28.7703,-191.512,74.7307,28.7703,-191.512,0.0589485
800,800,0A,0.211588,-0.605113,0.136393,-0.755292,74.6931,28.7786,-191.586,74.6931,28.7786,-191.586,0.0687179
808,808,0A,0.249298,-0.591296,0.184764,-0.744366,74.5165,28.507,-191.798,74.5165,28.507,-191.798,0.0185793
816,816,0A,0.293111,-0.570656,0.238905,-0.728945,74.7248,28.9402,-191.678,74.7248,28.9402,-191.678,0.0681009
824,824,0A,0.319462,-0.555938,0.273936,-0.716824,74.6628,28.6264,-191.7,74.6628,28.6264,-191.7,0.0640372
832,832,0A,0.336438,-0.545761,0.295468,-0.708275,74.7291,28.8419,-191.633,74.7291,28.8419,-191.633,0.0669918
840,840,0A,0.341736,-0.54246,0.303265,-0.704971,74.576,28.596,-191.665,74.576,28.596,-191.665,0.0567163
848,848,0A,0.345384,-0.539827,0.307726,-0.703279,74.609,28.6985,-191.649,74.609,28.6985,-191.649,0.0656352
856,856,0A,0.347762,-0.538325,0.310663,-0.701966,74.5712,28.5674,-191.646,74.5712,28.5674,-191.646,0.0675255
864,864,0A,0.351461,-0.536268,0.314874,-0.699819,74.6493,28.7326,-191.653,74.6493,28.7326,-191.653,0.0652486
872,872,0A,0.354464,-0.534193,0.319108,-0.697971,74.6724,28.787,-191.716,74.6724,28.787,-191.716,0.0576312
880,880,0A,0.35917,-0.531087,0.324334,-0.695522,74.7217,28.9844,-191.78,74.7217,28.9844,-191.78,0.0615869
888,888,0A,0.363974,-0.527907,0.330701,-0.692441,74.6384,28.7261,-191.748,74.6384,28.7261,-191.748,0.0561158
896,896,0A,0.371841,-0.522225,0.341328,-0.687394,74.6058,28.5269,-191.69,74.6058,28.5269,-191.69,0.0694145
904,904,0A,0.384129,-0.513772,0.356619,-0.679196,74.648,28.7167,-191.763,74.648,28.7167,-191.763,0.0685901
912,912,0A,0.394748,-0.505897,0.370433,-0.671581,74.6849,28.7524,-191.696,74.6849,28.7524,-191.696,0.066282
920,920,0A,0.403046,-0.499585,0.381034,-0.665418,74.6734,28.8097,-191.738,74.6734,28.8097,-191.738,0.0722257
928,928,0A,0.40924,-0.494302,0.389494,-0.660668,74.7258,28.897,-191.783,74.7258,28.897,-191.783,0.0775739
936,936,0A,0.413803,-0.49022,0.396717,-0.656557,74.6879,28.8395,-191.771,74.6879,28.8395,-191.771,0.060498
944,944,0A,0.419276,-0.485817,0.403412,-0.652264,74.6321,28.6813,-191.663,74.6321,28.6813,-191.663,0.0816268
952,952,0A,0.424402,-0.481854,0.409933,-0.647807,74.5961,28.6182,-191.735,74.5961,28.6182,-191.735,0.0838829
960,960,0A,0.428535,-0.478097,0.415952,-0.644023,74.6651,28.7467,-191.693,74.6651,28.7467,-191.693,0.0689677
968,968,0A,0.432317,-0.474916,0.420835,-0.640668,74.6523,28.891,-191.767,74.6523,28.891,-191.767,0.073786
976,976,0A,0.435128,-0.47217,0.424956,-0.638069,74.6366,28.7559,-191.659,74.6366,28.7559,-191.659,0.0688872
984,984,0A,0.438967,-0.46858,0.430458,-0.634387,74.6115,28.7998,-191.71,74.6115,28.7998,-191.71,0.073849
992,992,0A,0.442614,-0.465113,0.435369,-0.631045,74.6628,28.8531,-191.744,74.6628,28.8531,-191.744,0.0743177
1000,1000,0A,0.445397,-0.46231,0.439414,-0.628336,74.6222,28.8244,-191.795,74.6222,28.8244,-191.795,0.0679795
1008,1008,0A,0.447044,-0.460179,0.442338,-0.626678,74.6036,28.7075,-191.678,74.6036,28.7075,-191.678,0.0815495
1016,1016,0A,0.449293,-0.45799,0.445139,-0.624686,74.6442,28.8197,-191.716,74.6442,28.8197,-191.716,0.0913489
1024,1024,0A,0.451071,-0.456022,0.44787,-0.62289,74.6178,28.6951,-191.704,74.6178,28.6951,-191.704,0.0774942
1032,1032,0A,0.453981,-0.453459,0.451298,-0.620166,74.6145,28.8205,-191.751,74.6145,28.8205,-191.751,0.0650065
1040,1040,0A,0.457144,-0.450308,0.455565,-0.617011,74.6682,28.75,-191.731,74.6682,28.75,-191.731,0.0797973
1048,1048,0A,0.462096,-0.445392,0.462151,-0.611972,74.6607,28.6896,-191.78,74.6607,28.6896,-191.78,0.0793157
1056,1056,0A,0.46745,-0.439873,0.468957,-0.606697,74.6189,28.7786,-191.842,74.6189,28.7786,-191.842,0.0567528
1064,1064,0A,0.472763,-0.434099,0.475112,-0.601932,74.7031,28.8709,-191.702,74.7031,28.8709,-191.702,0.0903863
1072,1072,0A,0.477209,-0.429289,0.481244,-0.596981,74.6607,28.8259,-191.67,74.6607,28.8259,-191.67,0.0738157
1080,1080,0A,0.481916,-0.424411,0.487246,-0.591797,74.6028,28.7947,-191.805,74.6028,28.7947,-191.805,0.0690435
1088,1088,0A,0.485714,-0.419637,0.492965,-0.587343,74.5614,28.5893,-191.779,74.5614,28.5893,-191.779,0.0706475
1096,1096,0A,0.491863,-0.412908,0.500079,-0.580947,74.659,28.9888,-191.725,74.659,28.9888,-191.725,0.08536
1104,1104,0A,0.495502,-0.408246,0.50632,-0.57572,74.5436,28.6862,-191.741,74.5436,28.6862,-191.741,0.0597302
1112,1112,0A,0.501464,-0.401704,0.513528,-0.568733,74.6463,28.9142,-191.696,74.6463,28.9142,-191.696,0.0744022
1120,1120,0A,0.505688,-0.396261,0.519511,-0.563351,74.6274,28.908,-191.715,74.6274,28.908,-191.715,0.0676423
1128,1128,0A,0.509926,-0.391109,0.524691,-0.558309,74.6316,29.046,-191.802,74.6316,29.046,-191.802,0.0798367
1136,1136,0A,0.511809,-0.388018,0.528227,-0.555401,74.5698,28.5459,-191.618,74.5698,28.5459,-191.618,0.0627007
1144,1144,0A,0.51474,-0.384698,0.531716,-0.55166,74.5697,28.5619,-191.697,74.5697,28.5619,-191.697,0.0719468
1152,1152,0A,0.517354,-0.381104,0.535495,-0.548042,74.6065,28.759,-191.782,74.6065,28.759,-191.782,0.0706464
1160,1160,0A,0.519665,-0.377669,0.538764,-0.545021,74.5609,28.8769,-191.656,74.5609,28.8769,-191.656,0.0827578
1168,1168,0A,0.520915,-0.3755,0.541086,-0.543023,74.5547,28.8022,-191.74,74.5547,28.8022,-191.74,0.0655309
1176,1176,0A,0.521728,-0.374056,0.542619,-0.541707,74.5495,28.6564,-191.625,74.5495,28.6564,-191.625,0.0423226
1184,1184,0A,0.523902,-0.372127,0.543762,-0.539789,74.5717,28.8083,-191.742,74.5717,28.8083,-191.742,0.0696502
1192,1192,0A,0.525565,-0.370537,0.54499,-0.538024,74.6376,29.0363,-191.749,74.6376,29.0363,-191.749,0.0728621
1200,1200,0A,0.52338,-0.373101,0.544088,-0.539294,74.5637,28.7397,-191.706,74.5637,28.7397,-191.706,0.0687273
1208,1208,0A,0.523898,-0.372322,0.544525,-0.538888,74.5623,28.8193,-191.744,74.5623,28.8193,-191.744,0.0560764
1216,1216,0A,0.523186,-0.372437,0.544,-0.54003,74.5535,28.7439,-191.728,74.5535,28.7439,-191.728,0.0788235
1224,1224,0A,0.52379,-0.372049,0.544178,-0.53953,74.5775,28.91,-191.758,74.5775,28.91,-191.758,0.0661335
1232,1232,0A,0.523795,-0.372215,0.543812,-0.539781,74.5781,28.8687,-191.73,74.5781,28.8687,-191.73,0.0638772
1240,1240,0A,0.52398,-0.372051,0.544041,-0.539485,74.5849,28.8672,-191.742,74.5849,28.8672,-191.742,0.0663613
1248,1248,0A,0.523943,-0.372157,0.54407,-0.539417,74.5775,28.8487,-191.741,74.5775,28.8487,-191.741,0.0710122
1256,1256,0A,0.523739,-0.372398,0.543932,-0.539588,74.5821,28.8419,-191.728,74.5821,28.8419,-191.728,0.0748855
1264,1264,0A,0.523259,-0.372838,0.543665,-0.54002,74.5774,28.8315,-191.716,74.5774,28.8315,-191.716,0.0797748
1272,1272,0A,0.522663,-0.373538,0.543228,-0.540552,74.5811,28.8154,-191.733,74.5811,28.8154,-191.733,0.079588
1280,1280,0A,0.522055,-0.374275,0.542825,-0.541033,74.5759,28.8197,-191.742,74.5759,28.8197,-191.742,0.0788148
1288,1288,0A,0.521474,-0.375013,0.542446,-0.541464,74.5773,28.8304,-191.747,74.5773,28.8304,-191.747,0.079443
1296,1296,0A,0.521056,-0.375586,0.542166,-0.541749,74.5859,28.8761,-191.747,74.5859,28.8761,-191.747,0.0791695
1304,1304,0A,0.520477,-0.376184,0.541882,-0.542176,74.5805,28.8496,-191.744,74.5805,28.8496,-191.744,0.0779827
1312,1312,0A,0.52004,-0.376685,0.541628,-0.5425,74.5801,28.853,-191.738,74.5801,28.853,-191.738,0.0779304
1320,1320,0A,0.519598,-0.377103,0.541383,-0.542877,74.5755,28.8364,-191.727,74.5755,28.8364,-191.727,0.0789504
1328,1328,0A,0.519379,-0.377348,0.541174,-0.543126,74.5788,28.8455,-191.713,74.5788,28.8455,-191.713,0.0796864
1336,1336,0A,0.51911,-0.377713,0.540969,-0.543332,74.5776,28.8665,-191.728,74.5776,28.8665,-191.728,0.0801098
1344,1344,0A,0.518914,-0.378018,0.540839,-0.543437,74.5804,28.8816,-191.73,74.5804,28.8816,-191.73,0.0786465
1352,1352,0A,0.518688,-0.378265,0.540716,-0.543604,74.578,28.8807,-191.71,74.578,28.8807,-191.71,0.0804673
1360,1360,0A,0.518605,-0.37843,0.540559,-0.543723,74.5843,28.9005,-191.693,74.5843,28.9005,-191.693,0.081092
1368,1368,0A,0.518464,-0.378666,0.540355,-0.543898,74.5822,28.8923,-191.692,74.5822,28.8923,-191.692,0.0807064
1376,1376,0A,0.518291,-0.378895,0.540211,-0.544045,74.5786,28.8851,-191.696,74.5786,28.8851,-191.696,0.0783252
1384,1384,0A,0.518111,-0.37907,0.540151,-0.544154,74.5728,28.8973,-191.695,74.5728,28.8973,-191.695,0.0764416
1392,1392,0A,0.517821,-0.379225,0.540157,-0.544318,74.5657,28.8898,-191.697,74.5657,28.8898,-191.697,0.0753153
1400,1400,0A,0.517612,-0.379364,0.540119,-0.544456,74.5683,28.9032,-191.689,74.5683,28.9032,-191.689,0.0753671
1408,1408,0A,0.517468,-0.379482,0.540051,-0.544579,74.573,28.9123,-191.69,74.573,28.9123,-191.69,0.0771024
1416,1416,0A,0.517505,-0.379444,0.540006,-0.544614,74.5785,28.9221,-191.678,74.5785,28.9221,-191.678,0.0780967
1424,1424,0A,0.517448,-0.379511,0.539832,-0.544795,74.5804,28.8952,-191.673,74.5804,28.8952,-191.673,0.0800252
1432,1432,0A,0.517434,-0.379547,0.539668,-0.544945,74.5758,28.8774,-191.665,74.5758,28.8774,-191.665,0.0815534
1440,1440,0A,0.517364,-0.379562,0.539611,-0.545057,74.569,28.8762,-191.674,74.569,28.8762,-191.674,0.0814731
1448,1448,0A,0.517206,-0.379597,0.539623,-0.545172,74.5649,28.8884,-191.678,74.5649,28.8884,-191.678,0.0798761
1456,1456,0A,0.517159,-0.379569,0.539634,-0.545225,74.561,28.8865,-191.678,74.561,28.8865,-191.678,0.0813581
1464,1464,0A,0.517141,-0.379609,0.539529,-0.545318,74.5648,28.8904,-191.675,74.5648,28.8904,-191.675,0.0824393
1472,1472,0A,0.517236,-0.379599,0.539434,-0.545328,74.5677,28.9099,-191.671,74.5677,28.9099,-191.671,0.0842973
1480,1480,0A,0.517305,-0.379608,0.539345,-0.545345,74.5722,28.9183,-191.67,74.5722,28.9183,-191.67,0.0835928
1488,1488,0A,0.51714,-0.379737,0.539284,-0.545471,74.5633,28.8979,-191.669,74.5633,28.8979,-191.669,0.0808519
1496,1496,0A,0.516868,-0.379944,0.539232,-0.545636,74.5554,28.877,-191.673,74.5554,28.877,-191.673,0.0788029
1504,1504,0A,0.516811,-0.380005,0.539332,-0.54555,74.5519,28.9181,-191.679,74.5519,28.9181,-191.679,0.0773603
1512,1512,0A,0.516641,-0.380153,0.539373,-0.545566,74.5579,28.9378,-191.681,74.5579,28.9378,-191.681,0.0756693
1520,1520,0A,0.516496,-0.380326,0.53935,-0.545606,74.5606,28.9255,-191.683,74.5606,28.9255,-191.683,0.0746709
1528,1528,0A,0.516419,-0.380475,0.539267,-0.545657,74.5648,28.9158,-191.678,74.5648,28.9158,-191.678,0.0750277
1536,1536,0A,0.516343,-0.380611,0.53918,-0.545721,74.5712,28.911,-191.673,74.5712,28.911,-191.673,0.0742604
1544,1544,0A,0.516248,-0.380737,0.539148,-0.545753,74.5732,28.9076,-191.675,74.5732,28.9076,-191.675,0.0726912
1552,1552,0A,0.516196,-0.38081,0.539171,-0.545729,74.5726,28.911,-191.673,74.5726,28.911,-191.673,0.0709946
1560,1560,0A,0.516048,-0.380956,0.539141,-0.545798,74.5726,28.8983,-191.677,74.5726,28.8983,-191.677,0.0704718
1568,1568,0A,0.516017,-0.381018,0.539106,-0.545818,74.58,28.9066,-191.674,74.58,28.9066,-191.674,0.071596
1576,1576,0A,0.516044,-0.381024,0.539088,-0.545806,74.5822,28.9091,-191.677,74.5822,28.9091,-191.677,0.0715808
1584,1584,0A,0.515971,-0.381046,0.539099,-0.545848,74.5816,28.8972,-191.672,74.5816,28.8972,-191.672,0.070892
1592,1592,0A,0.516042,-0.380953,0.539169,-0.545778,74.5811,28.9035,-191.674,74.5811,28.9035,-191.674,0.071365
1600,1600,0A,0.516166,-0.380883,0.539191,-0.545688,74.5903,28.9254,-191.676,74.5903,28.9254,-191.676,0.073603
1608,1608,0A,0.516347,-0.38077,0.539292,-0.545495,74.5886,28.9429,-191.672,74.5886,28.9429,-191.672,0.0717249
1616,1616,0A,0.516401,-0.380728,0.53938,-0.545387,74.5793,28.9353,-191.661,74.5793,28.9353,-191.661,0.0706561
1624,1624,0A,0.516546,-0.380629,0.539451,-0.545247,74.5816,28.934,-191.671,74.5816,28.934,-191.671,0.0727819
1632,1632,0A,0.516747,-0.380471,0.539546,-0.545073,74.5815,28.9409,-191.674,74.5815,28.9409,-191.674,0.0746165
1640,1640,0A,0.517043,-0.380189,0.539783,-0.544755,74.5816,28.9601,-191.682,74.5816,28.9601,-191.682,0.0742737
1648,1648,0A,0.51727,-0.37991,0.540091,-0.544428,74.5732,28.9463,-191.688,74.5732,28.9463,-191.688,0.0726188
1656,1656,0A,0.517574,-0.379591,0.540455,-0.544,74.5636,28.951,-191.697,74.5636,28.951,-191.697,0.0736986
1664,1664,0A,0.518115,-0.379144,0.540829,-0.543426,74.5725,28.9588,-191.706,74.5725,28.9588,-191.706,0.0739313
1672,1672,0A,0.518686,-0.378577,0.541412,-0.542695,74.5723,28.9691,-191.709,74.5723,28.9691,-191.709,0.0700837
1680,1680,0A,0.522317,-0.374332,0.546394,-0.537135,74.5847,28.9729,-191.703,74.5847,28.9729,-191.703,0.0770761
1688,1688,0A,0.524656,-0.371168,0.549849,-0.533515,74.5747,28.8936,-191.714,74.5747,28.8936,-191.714,0.0885048
1696,1696,0A,0.528187,-0.366521,0.554815,-0.528073,74.5846,28.8779,-191.705,74.5846,28.8779,-191.705,0.0873776
1704,1704,0A,0.534638,-0.356908,0.562494,-0.51998,74.5337,28.7649,-191.719,74.5337,28.7649,-191.719,0.0874201
1712,1712,0A,0.538708,-0.350492,0.568899,-0.51313,74.4874,28.6332,-191.74,74.4874,28.6332,-191.74,0.0805023
1720,1720,0A,0.543914,-0.342262,0.576342,-0.504821,74.5575,28.7181,-191.557,74.5575,28.7181,-191.557,0.0778288
1728,1728,0A,0.549823,-0.333242,0.584084,-0.49547,74.56,28.9317,-191.603,74.56,28.9317,-191.603,0.0741681
1736,1736,0A,0.55398,-0.325911,0.590749,-0.487754,74.4946,28.7081,-191.476,74.4946,28.7081,-191.476,0.0780013
1744,1744,0A,0.558032,-0.318679,0.597194,-0.480003,74.5125,28.6254,-191.464,74.5125,28.6254,-191.464,0.0802747
1752,1752,0A,0.562742,-0.311332,0.602816,-0.472236,74.5832,28.8245,-191.504,74.5832,28.8245,-191.504,0.0855135
1760,1760,0A,0.566027,-0.30568,0.606935,-0.466694,74.5354,28.6998,-191.434,74.5354,28.6998,-191.434,0.0878634
1768,1768,0A,0.569654,-0.299506,0.611794,-0.45989,74.4913,28.8906,-191.636,74.4913,28.8906,-191.636,0.0864512
1776,1776,0A,0.573,-0.292961,0.616963,-0.452992,74.4903,28.8539,-191.473,74.4903,28.8539,-191.473,0.0778936
1784,1784,0A,0.576476,-0.28578,0.622032,-0.446186,74.5656,28.8278,-191.504,74.5656,28.8278,-191.504,0.0852325
1792,1792,0A,0.579976,-0.27852,0.627242,-0.438888,74.5654,28.8412,-191.463,74.5654,28.8412,-191.463,0.0774641
1800,1800,0A,0.583862,-0.270839,0.63269,-0.430645,74.5482,28.8716,-191.553,74.5482,28.8716,-191.553,0.0804044
1808,1808,0A,0.587917,-0.261168,0.640019,-0.420144,74.5488,28.8852,-191.621,74.5488,28.8852,-191.621,0.0791875
1816,1816,0A,0.593864,-0.246026,0.650983,-0.403755,74.5298,28.7348,-191.483,74.5298,28.7348,-191.483,0.0538829
1824,1824,0A,0.601972,-0.225227,0.664358,-0.381484,74.5614,28.8635,-191.351,74.5614,28.8635,-191.351,0.0680018
1832,1832,0A,0.610838,-0.201299,0.67834,-0.355263,74.5484,29.013,-191.251,74.5484,29.013,-191.251,0.0592891
1840,1840,0A,0.618196,-0.179083,0.690362,-0.330398,74.5074,28.9026,-191.186,74.5074,28.9026,-191.186,0.0747331
1848,1848,0A,0.624744,-0.155605,0.702388,-0.303533,74.5222,28.8941,-191.362,74.5222,28.8941,-191.362,0.0578906
1856,1856,0A,0.631826,-0.126102,0.715673,-0.269641,74.6407,28.8514,-190.896,74.6407,28.8514,-190.896,0.056252
1864,1864,0A,0.63749,-0.0962759,0.727405,-0.234988,74.567,28.8646,-190.861,74.567,28.8646,-190.861,0.0355565
1872,1872,0A,0.640922,-0.0726537,0.73545,-0.207494,74.5905,28.8945,-190.827,74.5905,28.8945,-190.827,0.0368236
1880,1880,0A,0.642885,-0.0560413,0.740492,-0.187694,74.5789,29.0606,-190.894,74.5789,29.0606,-190.894,0.0291074
1888,1888,0A,0.643916,-0.0435684,0.743993,-0.173059,74.5838,28.976,-190.815,74.5838,28.976,-190.815,0.019958
1896,1896,0A,0.644344,-0.0339669,0.746571,-0.162171,74.5639,28.812,-190.714,74.5639,28.812,-190.714,0.0247694
1904,1904,0A,0.644788,-0.025861,0.748534,-0.152566,74.5628,28.9721,-190.857,74.5628,28.9721,-190.857,0.0234335
1912,1912,0A,0.645104,-0.018373,0.750225,-0.143756,74.5424,28.9593,-190.704,74.5424,28.9593,-190.704,0.0186769
1920,1920,0A,0.645319,-0.0136634,0.75133,-0.137404,74.5953,29.0479,-190.655,74.5953,29.0479,-190.655,0.0214546
1928,1928,0A,0.645312,-0.0119734,0.751813,-0.13493,74.5936,29.0741,-190.739,74.5936,29.0741,-190.739,0.0153103
1936,1936,0A,0.644826,-0.0133101,0.75194,-0.136413,74.5153,29.0748,-190.748,74.5153,29.0748,-190.748,0.020087
1944,1944,0A,0.644475,-0.0141206,0.75193,-0.138042,74.4814,28.9174,-190.822,74.4814,28.9174,-190.822,0.0151722
1952,1952,0A,0.644022,-0.0157459,0.752012,-0.139518,74.5373,28.9085,-190.686,74.5373,28.9085,-190.686,0.0198775
1960,1960,0A,0.643964,-0.0169082,0.751883,-0.140342,74.557,28.9664,-190.726,74.557,28.9664,-190.726,0.0157413
1968,1968,0A,0.644048,-0.0181988,0.751518,-0.141743,74.5123,28.9491,-190.723,74.5123,28.9491,-190.723,0.0138109
1976,1976,0A,0.644536,-0.0167396,0.751414,-0.140254,74.5392,29.0369,-190.854,74.5392,29.0369,-190.854,0.0214851
1984,1984,0A,0.644272,-0.0171069,0.751602,-0.140413,74.5296,29.0278,-190.801,74.5296,29.0278,-190.801,0.0216325
1992,1992,0A,0.644047,-0.0180163,0.75162,-0.141234,74.5218,29.0187,-190.761,74.5218,29.0187,-190.761,0.0202776
2000,2000,0A,0.643836,-0.0191598,0.751562,-0.142348,74.5063,29.0177,-190.741,74.5063,29.0177,-190.741,0.0194136
2008,2008,0A,0.643663,-0.0203692,0.751454,-0.14353,74.4988,29.0111,-190.732,74.4988,29.0111,-190.732,0.0191013
2016,2016,0A,0.643502,-0.021682,0.751323,-0.144742,74.5046,29.0107,-190.742,74.5046,29.0107,-190.742,0.0197948
2024,2024,0A,0.64337,-0.0228714,0.751192,-0.145823,74.5022,29.023,-190.733,74.5022,29.023,-190.733,0.0209198
2032,2032,0A,0.643282,-0.0240178,0.751024,-0.146884,74.5017,29.0314,-190.736,74.5017,29.0314,-190.736,0.021917
2040,2040,0A,0.643187,-0.0250481,0.750887,-0.147825,74.4958,29.0294,-190.737,74.4958,29.0294,-190.737,0.0229253
2048,2048,0A,0.64307,-0.0260324,0.75078,-0.148704,74.4979,29.0371,-190.752,74.4979,29.0371,-190.752,0.0257202
2056,2056,0A,0.643055,-0.0266432,0.750655,-0.14929,74.505,29.0529,-190.716,74.505,29.0529,-190.716,0.025814
2064,2064,0A,0.643014,-0.027305,0.750547,-0.14989,74.5023,29.0609,-190.714,74.5023,29.0609,-190.714,0.0257245
2072,2072,0A,0.642953,-0.0279422,0.750465,-0.150446,74.4941,29.0596,-190.708,74.4941,29.0596,-190.708,0.0265846
2080,2080,0A,0.642889,-0.0286129,0.75038,-0.151015,74.4989,29.0415,-190.728,74.4989,29.0415,-190.728,0.027956
2088,2088,0A,0.642771,-0.0291859,0.750375,-0.151426,74.4995,29.0456,-190.752,74.4995,29.0456,-190.752,0.0308381
2096,2096,0A,0.642712,-0.0293316,0.75042,-0.151428,74.5051,29.057,-190.753,74.5051,29.057,-190.753,0.0298907
2104,2104,0A,0.642657,-0.0294648,0.75046,-0.151442,74.5048,29.0527,-190.747,74.5048,29.0527,-190.747,0.0290291
2112,2112,0A,0.642664,-0.0293857,0.750503,-0.151212,74.5031,29.0558,-190.737,74.5031,29.0558,-190.737,0.028124
2120,2120,0A,0.642696,-0.029297,0.750546,-0.150876,74.5157,29.0738,-190.76,74.5157,29.0738,-190.76,0.0312668
2128,2128,0A,0.642774,-0.028637,0.750689,-0.149958,74.5254,29.0709,-190.786,74.5254,29.0709,-190.786,0.0312753
2136,2136,0A,0.64346,-0.0222392,0.751965,-0.141467,74.552,29.1364,-191.039,74.552,29.1364,-191.039,0.0394306
2144,2144,0A,0.644208,-0.0158425,0.752987,-0.133253,74.5647,29.171,-191.029,74.5647,29.171,-191.029,0.0340629
2152,2152,0A,0.644133,-0.00367065,0.755078,-0.122214,74.549,28.9812,-190.703,74.549,28.9812,-190.703,0.0194267
2160,2160,0A,0.644412,0.00774731,0.756901,-0.108507,74.5977,29.1348,-190.642,74.5977,29.1348,-190.642,0.0218121
2168,2168,0A,0.644198,0.0228005,0.759099,-0.0908727,74.5902,29.1889,-190.692,74.5902,29.1889,-190.692,0.0152155
2176,2176,0A,0.643109,0.0383064,0.761417,-0.0720225,74.5814,29.1829,-190.537,74.5814,29.1829,-190.537,0.0170911
2184,2184,0A,0.641839,0.055935,0.763083,-0.0511721,74.5869,29.2312,-190.475,74.5869,29.2312,-190.475,0.0167346
2192,2192,0A,0.640208,0.0733068,0.764063,-0.0310996,74.58,29.158,-190.467,74.58,29.158,-190.467,0.0169241
2200,2200,0A,0.637967,0.0898165,0.764723,-0.0113899,74.5877,29.2289,-190.391,74.5877,29.2289,-190.391,0.0179303
2208,2208,0A,0.635565,0.10777,0.764418,0.0104,74.6253,29.2654,-190.402,74.6253,29.2654,-190.402,0.0234557
2216,2216,0A,0.633136,0.122989,0.763666,0.0287523,74.6181,29.368,-190.392,74.6181,29.368,-190.392,0.0314791
2224,2224,0A,0.630598,0.136048,0.762787,0.0446454,74.6139,29.2872,-190.404,74.6139,29.2872,-190.404,0.0378853
2232,2232,0A,0.627924,0.147837,0.761751,0.0599346,74.6501,29.3619,-190.38,74.6501,29.3619,-190.38,0.0370462
2240,2240,0A,0.624725,0.161472,0.760167,0.0760991,74.6433,29.3278,-190.397,74.6433,29.3278,-190.397,0.044414
2248,2248,0A,0.620844,0.175504,0.758259,0.0937801,74.6425,29.3147,-190.273,74.6425,29.3147,-190.273,0.042308
2256,2256,0A,0.616137,0.192019,0.755224,0.114635,74.661,29.4353,-190.302,74.661,29.4353,-190.302,0.0579141
2264,2264,0A,0.610975,0.208745,0.75165,0.134752,74.6151,29.3103,-190.281,74.6151,29.3103,-190.281,0.0742888
2272,2272,0A,0.606051,0.223468,0.747883,0.153083,74.6804,29.4782,-190.187,74.6804,29.4782,-190.187,0.0645881
2280,2280,0A,0.600843,0.237783,0.743733,0.171198,74.7431,29.4532,-190.157,74.7431,29.4532,-190.157,0.071022
2288,2288,0A,0.594678,0.251738,0.739625,0.189579,74.6845,29.3625,-190.248,74.6845,29.3625,-190.248,0.0736535
2296,2296,0A,0.588041,0.266487,0.73459,0.208734,74.6969,29.4059,-190.143,74.6969,29.4059,-190.143,0.0812957
2304,2304,0A,0.583009,0.277464,0.730422,0.222704,74.7299,29.4642,-190.162,74.7299,29.4642,-190.162,0.0780159
2312,2312,0A,0.579511,0.285426,0.727091,0.23246,74.7564,29.4618,-190.093,74.7564,29.4618,-190.093,0.0887766
2320,2320,0A,0.576204,0.291523,0.724513,0.241006,74.7483,29.4605,-190.237,74.7483,29.4605,-190.237,0.087211
2328,2328,0A,0.572337,0.298534,0.721596,0.250214,74.7189,29.3521,-190.047,74.7189,29.3521,-190.047,0.0857652
2336,2336,0A,0.567763,0.306391,0.718021,0.261182,74.731,29.365,-190.097,74.731,29.365,-190.097,0.0826878
2344,2344,0A,0.562671,0.316122,0.71336,0.273105,74.7148,29.3847,-190.167,74.7148,29.3847,-190.167,0.0909247
2352,2352,0A,0.557697,0.325226,0.708627,0.284692,74.7588,29.3809,-190.141,74.7588,29.3809,-190.141,0.0980825
2360,2360,0A,0.552589,0.333481,0.70407,0.29618,74.8121,29.4248,-190.177,74.8121,29.4248,-190.177,0.0806594
2368,2368,0A,0.545868,0.344665,0.697886,0.310146,74.7789,29.403,-190.162,74.7789,29.403,-190.162,0.0904078
2376,2376,0A,0.538925,0.355006,0.691689,0.324188,74.7516,29.4449,-190.142,74.7516,29.4449,-190.142,0.0943697
2384,2384,0A,0.532431,0.364482,0.685622,0.337034,74.7836,29.4207,-190.187,74.7836,29.4207,-190.187,0.0955556
2392,2392,0A,0.52623,0.373648,0.679609,0.348713,74.7852,29.2812,-190.229,74.7852,29.2812,-190.229,0.0949296
2400,2400,0A,0.519598,0.38306,0.673349,0.360394,74.7168,29.2163,-190.176,74.7168,29.2163,-190.176,0.102892
2408,2408,0A,0.513102,0.390957,0.667595,0.371747,74.7125,29.2598,-190.199,74.7125,29.2598,-190.199,0.0976509
2416,2416,0A,0.506311,0.399374,0.661108,0.383517,74.7338,29.2106,-190.074,74.7338,29.2106,-190.074,0.105485
2424,2424,0A,0.500855,0.40577,0.655679,0.393167,74.8028,29.3187,-190.166,74.8028,29.3187,-190.166,0.0985591
2432,2432,0A,0.495312,0.412268,0.650253,0.402333,74.8379,29.2785,-190.043,74.8379,29.2785,-190.043,0.0968057
2440,2440,0A,0.489478,0.418415,0.644964,0.411536,74.8337,29.2864,-190.064,74.8337,29.2864,-190.064,0.094979
2448,2448,0A,0.485143,0.422643,0.641013,0.418462,74.8254,29.3941,-190.208,74.8254,29.3941,-190.208,0.0944381
2456,2456,0A,0.482968,0.42556,0.63861,0.421684,74.8389,29.3636,-190.184,74.8389,29.3636,-190.184,0.10341
2464,2464,0A,0.483931,0.425123,0.639469,0.419715,74.8302,29.2633,-190.098,74.8302,29.2633,-190.098,0.0848246
2472,2472,0A,0.484543,0.424913,0.640165,0.418159,74.7848,29.2862,-190.155,74.7848,29.2862,-190.155,0.0845222
2480,2480,0A,0.484823,0.424369,0.640858,0.417323,74.7277,29.1412,-190.142,74.7277,29.1412,-190.142,0.10095
2488,2488,0A,0.485057,0.422914,0.641723,0.417198,74.7338,29.2074,-190.101,74.7338,29.2074,-190.101,0.108292
2496,2496,0A,0.486409,0.421079,0.642898,0.41567,74.6775,29.0705,-190.274,74.6775,29.0705,-190.274,0.0893504
2504,2504,0A,0.486621,0.420622,0.643562,0.414854,74.6688,29.0536,-190.237,74.6688,29.0536,-190.237,0.0928862
2512,2512,0A,0.486974,0.41987,0.644434,0.41385,74.6746,29.0903,-190.184,74.6746,29.0903,-190.184,0.0979663
2520,2520,0A,0.487376,0.419094,0.645281,0.412841,74.6632,29.0615,-190.161,74.6632,29.0615,-190.161,0.0992868
2528,2528,0A,0.48864,0.417476,0.646899,0.410447,74.625,28.9536,-190.164,74.625,28.9536,-190.164,0.0882077
2536,2536,0A,0.488686,0.417225,0.647076,0.410367,74.6402,29.0549,-190.14,74.6402,29.0549,-190.14,0.0993871
2544,2544,0A,0.489921,0.415701,0.648386,0.408371,74.6363,28.9811,-190.14,74.6363,28.9811,-190.14,0.0895012
2552,2552,0A,0.490384,0.415042,0.648873,0.407711,74.6339,29.0241,-190.117,74.6339,29.0241,-190.117,0.0989387
2560,2560,0A,0.49151,0.413515,0.650162,0.40585,74.6203,29.0476,-190.13,74.6203,29.0476,-190.13,0.0991852
2568,2568,0A,0.492825,0.411859,0.651626,0.403583,74.605,29.0082,-190.136,74.605,29.0082,-190.136,0.0932758
2576,2576,0A,0.494629,0.40955,0.653684,0.400385,74.5695,28.9367,-190.185,74.5695,28.9367,-190.185,0.0835388
2584,2584,0A,0.495767,0.408021,0.654966,0.39844,74.5658,28.9729,-190.169,74.5658,28.9729,-190.169,0.085243
2592,2592,0A,0.497079,0.40649,0.65624,0.396268,74.5619,28.9681,-190.108,74.5619,28.9681,-190.108,0.0899275
2600,2600,0A,0.50131,0.402585,0.657496,0.392826,74.6738,28.9932,-189.884,74.6738,28.9932,-189.884,0.107694
2608,2608,0A,0.503063,0.400558,0.657692,0.392328,74.5407,29.1681,-190.407,74.5407,29.1681,-190.407,0.103206
2616,2616,0A,0.503477,0.399766,0.658149,0.391839,74.6432,29.4114,-190.303,74.6432,29.4114,-190.303,0.080916
2624,2624,0A,0.503347,0.401085,0.658669,0.389779,74.6765,29.4625,-190.167,74.6765,29.4625,-190.167,0.116543
2632,2632,0A,0.505968,0.400033,0.66039,0.384519,74.5406,29.1345,-190.095,74.5406,29.1345,-190.095,0.107258
2640,2640,0A,0.505616,0.400349,0.659479,0.386212,74.6939,29.3177,-190.061,74.6939,29.3177,-190.061,0.101326
2648,2648,0A,0.503888,0.400606,0.658265,0.390255,74.6849,29.3152,-190.159,74.6849,29.3152,-190.159,0.0917768
2656,2656,0A,0.501723,0.401345,0.657245,0.393986,74.6727,29.2039,-190.171,74.6727,29.2039,-190.171,0.0905166
2664,2664,0A,0.499902,0.404443,0.655257,0.396439,74.5158,28.9471,-190.234,74.5158,28.9471,-190.234,0.095354
2672,2672,0A,0.497023,0.405851,0.654079,0.400542,74.6445,29.2254,-190.264,74.6445,29.2254,-190.264,0.0863118
2680,2680,0A,0.492017,0.411358,0.649405,0.408629,74.7354,29.3441,-190.196,74.7354,29.3441,-190.196,0.0772312
2688,2688,0A,0.486415,0.417996,0.643853,0.417293,74.7144,29.2512,-190.185,74.7144,29.2512,-190.185,0.101027
2696,2696,0A,0.4814,0.423495,0.639336,0.424448,74.7153,29.1801,-190.249,74.7153,29.1801,-190.249,0.108193
2704,2704,0A,0.476006,0.428896,0.634688,0.432016,74.7192,29.1507,-190.188,74.7192,29.1507,-190.188,0.0844216
2712,2712,0A,0.469966,0.435496,0.628472,0.441021,74.7594,29.191,-190.113,74.7594,29.191,-190.113,0.0814039
2720,2720,0A,0.464541,0.441294,0.622517,0.449369,74.836,29.3158,-190.168,74.836,29.3158,-190.168,0.0948295
2728,2728,0A,0.460776,0.445603,0.618659,0.454296,74.7169,29.0729,-190.241,74.7169,29.0729,-190.241,0.0871108
2736,2736,0A,0.455773,0.450544,0.61366,0.461198,74.7475,29.214,-190.158,74.7475,29.214,-190.158,0.0819934
2744,2744,0A,0.449969,0.457033,0.607368,0.468778,74.761,29.08,-190.223,74.761,29.08,-190.223,0.0984916
2752,2752,0A,0.442886,0.463882,0.600044,0.478136,74.799,29.1056,-190.151,74.799,29.1056,-190.151,0.109261
2760,2760,0A,0.437773,0.467696,0.595391,0.484897,74.7601,29.126,-190.26,74.7601,29.126,-190.26,0.0914541
2768,2768,0A,0.433254,0.471938,0.590588,0.490685,74.7422,29.1144,-190.295,74.7422,29.1144,-190.295,0.0941422
2776,2776,0A,0.428662,0.476549,0.58536,0.496491,74.7692,29.076,-190.319,74.7692,29.076,-190.319,0.0825875
2784,2784,0A,0.422839,0.481863,0.578995,0.503765,74.7882,29.0867,-190.263,74.7882,29.0867,-190.263,0.0768259
2792,2792,0A,0.417456,0.486815,0.572685,0.51066,74.7749,29.0091,-190.261,74.7749,29.0091,-190.261,0.095245
2800,2800,0A,0.41396,0.489453,0.568615,0.515509,74.7856,29.0973,-190.305,74.7856,29.0973,-190.305,0.0913067
2808,2808,0A,0.410168,0.493351,0.563838,0.520051,74.7955,29.138,-190.328,74.7955,29.138,-190.328,0.0989313
2816,2816,0A,0.406646,0.496471,0.560088,0.523888,74.7491,28.9755,-190.288,74.7491,28.9755,-190.288,0.0843229
2824,2824,0A,0.401627,0.499858,0.555096,0.529818,74.891,29.1378,-190.351,74.891,29.1378,-190.351,0.0815559
2832,2832,0A,0.39776,0.502411,0.55128,0.534284,74.8939,29.1479,-190.29,74.8939,29.1479,-190.29,0.0782326
2840,2840,0A,0.394378,0.505177,0.547398,0.538161,74.8646,29.1011,-190.323,74.8646,29.1011,-190.323,0.0884024
2848,2848,0A,0.391136,0.508188,0.543358,0.541774,74.8112,29.0004,-190.346,74.8112,29.0004,-190.346,0.0854515
2856,2856,0A,0.387171,0.511339,0.538595,0.546395,74.8501,29.0744,-190.365,74.8501,29.0744,-190.365,0.0832568
2864,2864,0A,0.383129,0.514266,0.533964,0.551022,74.8817,29.1435,-190.375,74.8817,29.1435,-190.375,0.0811506
2872,2872,0A,0.379288,0.517324,0.529449,0.555159,74.8438,29.0858,-190.464,74.8438,29.0858,-190.464,0.0755356
2880,2880,0A,0.374771,0.520578,0.524336,0.560015,74.8551,29.0994,-190.337,74.8551,29.0994,-190.337,0.0879437
2888,2888,0A,0.371069,0.523176,0.520052,0.564039,74.824,29.0974,-190.434,74.824,29.0974,-190.434,0.0948884
2896,2896,0A,0.370599,0.524567,0.517435,0.565462,74.7764,28.9663,-190.35,74.7764,28.9663,-190.35,0.0752603
2904,2904,0A,0.367391,0.526794,0.513811,0.56878,74.7678,28.9217,-190.321,74.7678,28.9217,-190.321,0.0731476
2912,2912,0A,0.361157,0.529496,0.509291,0.574302,74.8798,29.009,-190.391,74.8798,29.009,-190.391,0.0870765
2920,2920,0A,0.357629,0.531577,0.505656,0.577788,74.8546,29.0553,-190.496,74.8546,29.0553,-190.496,0.0785128
2928,2928,0A,0.353885,0.534322,0.501224,0.581412,74.813,28.9397,-190.416,74.813,28.9397,-190.416,0.0977469
2936,2936,0A,0.350085,0.536209,0.4976,0.585077,74.8005,28.956,-190.488,74.8005,28.956,-190.488,0.0847381
2944,2944,0A,0.346128,0.538758,0.493112,0.588878,74.7994,28.8396,-190.53,74.7994,28.8396,-190.53,0.0814307
2952,2952,0A,0.341498,0.541547,0.487987,0.593274,74.8615,28.9355,-190.494,74.8615,28.9355,-190.494,0.0890559
2960,2960,0A,0.337048,0.544039,0.483486,0.597211,74.7979,28.9653,-190.58,74.7979,28.9653,-190.58,0.0761028
2968,2968,0A,0.332753,0.546618,0.478453,0.601304,74.7675,28.8684,-190.532,74.7675,28.8684,-190.532,0.0649109
2976,2976,0A,0.327231,0.549206,0.472129,0.60695,74.9162,29.1557,-190.511,74.9162,29.1557,-190.511,0.0700281
2984,2984,0A,0.323259,0.551736,0.467358,0.610465,74.8229,29.0225,-190.654,74.8229,29.0225,-190.654,0.0680205
2992,2992,0A,0.31791,0.554917,0.461618,0.614744,74.7957,29.0595,-190.53,74.7957,29.0595,-190.53,0.0730612
3000,3000,0A,0.313771,0.557089,0.45715,0.618234,74.7774,28.9113,-190.707,74.7774,28.9113,-190.707,0.0620585
3008,3008,0A,0.308853,0.559541,0.451434,0.62268,74.8239,28.9417,-190.643,74.8239,28.9417,-190.643,0.0746574
3016,3016,0A,0.304811,0.561388,0.44675,0.626377,74.7955,28.954,-190.641,74.7955,28.954,-190.641,0.0576787
3024,3024,0A,0.300005,0.564185,0.441058,0.630207,74.7456,28.9122,-190.758,74.7456,28.9122,-190.758,0.0594471
3032,3032,0A,0.295139,0.566732,0.435641,0.633976,74.7468,28.9679,-190.666,74.7468,28.9679,-190.666,0.0710375
3040,3040,0A,0.290336,0.569194,0.430341,0.637597,74.7374,28.8385,-190.71,74.7374,28.8385,-190.71,0.0637085
3048,3048,0A,0.285059,0.571421,0.424803,0.641687,74.8023,28.8849,-190.726,74.8023,28.8849,-190.726,0.0643229
3056,3056,0A,0.27935,0.57414,0.418447,0.645933,74.8336,28.919,-190.66,74.8336,28.919,-190.66,0.0679405
3064,3064,0A,0.274998,0.576174,0.413585,0.649113,74.7522,28.8635,-190.773,74.7522,28.8635,-190.773,0.0547204
3072,3072,0A,0.270063,0.578346,0.408068,0.652735,74.7747,28.8516,-190.803,74.7747,28.8516,-190.803,0.0473442
3080,3080,0A,0.264078,0.581172,0.401312,0.656849,74.7375,28.8039,-190.758,74.7375,28.8039,-190.758,0.0565754
3088,3088,0A,0.256868,0.584235,0.393399,0.66176,74.7037,28.7957,-190.81,74.7037,28.7957,-190.81,0.0484225
3096,3096,0A,0.249936,0.587047,0.385516,0.666548,74.673,28.7408,-190.734,74.673,28.7408,-190.734,0.0572124
3104,3104,0A,0.244382,0.589082,0.37967,0.670158,74.7071,28.7904,-190.811,74.7071,28.7904,-190.811,0.0435532
3112,3112,0A,0.23946,0.591123,0.374248,0.67318,74.7332,28.7378,-190.789,74.7332,28.7378,-190.789,0.04321
3120,3120,0A,0.234801,0.593025,0.368814,0.676141,74.7704,28.7616,-190.795,74.7704,28.7616,-190.795,0.0621383
3128,3128,0A,0.230595,0.594418,0.364645,0.678621,74.7485,28.7741,-190.847,74.7485,28.7741,-190.847,0.0557896
3136,3136,0A,0.226659,0.595824,0.360533,0.680908,74.7549,28.8086,-190.945,74.7549,28.8086,-190.945,0.0488149
3144,3144,0A,0.223226,0.597016,0.356788,0.682967,74.7887,28.8172,-190.879,74.7887,28.8172,-190.879,0.037818
3152,3152,0A,0.220083,0.598347,0.353339,0.684614,74.6975,28.7284,-190.951,74.6975,28.7284,-190.951,0.0457543
3160,3160,0A,0.220202,0.598856,0.351199,0.685231,74.7637,28.8317,-190.682,74.7637,28.8317,-190.682,0.0464993
3168,3168,0A,0.216597,0.600102,0.34738,0.687234,74.7577,28.8248,-190.653,74.7577,28.8248,-190.653,0.0501251
3176,3176,0A,0.213822,0.600951,0.344674,0.688723,74.7627,28.8055,-190.656,74.7627,28.8055,-190.656,0.044145
3184,3184,0A,0.211024,0.601864,0.341766,0.690235,74.755,28.7811,-190.657,74.755,28.7811,-190.657,0.0450111
3192,3192,0A,0.207918,0.602916,0.33844,0.691897,74.7584,28.7845,-190.697,74.7584,28.7845,-190.697,0.0467987
3200,3200,0A,0.205444,0.603699,0.335941,0.69317,74.7517,28.8097,-190.724,74.7517,28.8097,-190.724,0.047409
3208,3208,0A,0.203335,0.604371,0.33383,0.694225,74.734,28.799,-190.719,74.734,28.799,-190.719,0.0462106
3216,3216,0A,0.200754,0.604768,0.331439,0.695775,74.7907,28.8667,-190.694,74.7907,28.8667,-190.694,0.0520401
3224,3224,0A,0.199599,0.605072,0.330368,0.696351,74.7695,28.7891,-190.715,74.7695,28.7891,-190.715,0.0464726
3232,3232,0A,0.199292,0.605367,0.33003,0.696343,74.7303,28.7115,-190.7,74.7303,28.7115,-190.7,0.0408368
3240,3240,0A,0.199374,0.605354,0.330403,0.696154,74.7355,28.7289,-190.729,74.7355,28.7289,-190.729,0.0469473
3248,3248,0A,0.200282,0.604976,0.331822,0.695547,74.7353,28.7247,-190.713,74.7353,28.7247,-190.713,0.0410272
3256,3256,0A,0.201081,0.604588,0.333034,0.695074,74.6984,28.7121,-190.707,74.6984,28.7121,-190.707,0.0426965
3264,3264,0A,0.200297,0.604733,0.332124,0.69561,74.7553,28.7884,-190.897,74.7553,28.7884,-190.897,0.0436005
3272,3272,0A,0.200302,0.604779,0.332116,0.695572,74.7267,28.7626,-190.908,74.7267,28.7626,-190.908,0.0435506
3280,3280,0A,0.200501,0.604724,0.332338,0.695457,74.7174,28.7496,-190.908,74.7174,28.7496,-190.908,0.0441739
3288,3288,0A,0.203499,0.603741,0.336064,0.693647,74.6766,28.7566,-190.813,74.6766,28.7566,-190.813,0.0560159
3296,3296,0A,0.20482,0.603419,0.337653,0.692766,74.6561,28.719,-190.771,74.6561,28.719,-190.771,0.0503499
3304,3304,0A,0.204709,0.603261,0.337941,0.692796,74.7268,28.8261,-190.761,74.7268,28.8261,-190.761,0.0623238
3312,3312,0A,0.205947,0.603135,0.339535,0.691759,74.6886,28.7627,-190.771,74.6886,28.7627,-190.771,0.0435966
3320,3320,0A,0.206247,0.603114,0.340096,0.691413,74.692,28.8055,-190.756,74.692,28.8055,-190.756,0.0403741
3328,3328,0A,0.20656,0.603123,0.340561,0.691082,74.6921,28.8049,-190.736,74.6921,28.8049,-190.736,0.0384362
3336,3336,0A,0.207213,0.603066,0.34145,0.690498,74.6732,28.7961,-190.757,74.6732,28.7961,-190.757,0.0410374
3344,3344,0A,0.20705,0.603217,0.34154,0.690369,74.6786,28.8268,-190.741,74.6786,28.8268,-190.741,0.044005
3352,3352,0A,0.207392,0.603289,0.342132,0.689911,74.6729,28.7817,-190.725,74.6729,28.7817,-190.725,0.0380104
3360,3360,0A,0.205275,0.604078,0.339754,0.691028,74.691,28.8458,-190.89,74.691,28.8458,-190.89,0.040184
3368,3368,0A,0.205483,0.604131,0.340281,0.69066,74.6859,28.8279,-190.862,74.6859,28.8279,-190.862,0.0383476
3376,3376,0A,0.205773,0.604229,0.340757,0.690254,74.6712,28.8144,-190.848,74.6712,28.8144,-190.848,0.0381353
3384,3384,0A,0.206184,0.604183,0.341249,0.689928,74.6649,28.8129,-190.836,74.6649,28.8129,-190.836,0.038107
3392,3392,0A,0.206274,0.60411,0.341564,0.689809,74.6708,28.8377,-190.826,74.6708,28.8377,-190.826,0.0364991
3400,3400,0A,0.206403,0.604054,0.341823,0.689691,74.6744,28.837,-190.816,74.6744,28.837,-190.816,0.0377571
3408,3408,0A,0.206412,0.60408,0.341944,0.689606,74.6666,28.828,-190.805,74.6666,28.828,-190.805,0.0388799
3416,3416,0A,0.206156,0.603996,0.341875,0.68979,74.6952,28.8517,-190.802,74.6952,28.8517,-190.802,0.0365497
3424,3424,0A,0.205892,0.603931,0.34176,0.689983,74.7114,28.8515,-190.804,74.7114,28.8515,-190.804,0.0360261
3432,3432,0A,0.20532,0.603965,0.341391,0.690306,74.7304,28.8782,-190.805,74.7304,28.8782,-190.805,0.0357533
3440,3440,0A,0.204576,0.604055,0.340833,0.690724,74.7544,28.8946,-190.809,74.7544,28.8946,-190.809,0.0344488
3448,3448,0A,0.201173,0.604826,0.336996,0.692928,74.7724,28.8884,-190.604,74.7724,28.8884,-190.604,0.0364966
3456,3456,0A,0.198953,0.605716,0.334196,0.694147,74.7731,28.8974,-190.604,74.7731,28.8974,-190.604,0.0361104
3464,3464,0A,0.197181,0.606665,0.331806,0.694969,74.7326,28.8258,-190.628,74.7326,28.8258,-190.628,0.0373245
3472,3472,0A,0.195096,0.607312,0.329347,0.696162,74.7465,28.8466,-190.647,74.7465,28.8466,-190.647,0.0417706
3480,3480,0A,0.193099,0.607952,0.327077,0.697228,74.759,28.8577,-190.665,74.759,28.8577,-190.665,0.0395507
3488,3488,0A,0.190952,0.608615,0.324703,0.69835,74.7647,28.8618,-190.674,74.7647,28.8618,-190.674,0.0411617
3496,3496,0A,0.188909,0.609258,0.322478,0.699376,74.7445,28.8322,-190.665,74.7445,28.8322,-190.665,0.0426265
3504,3504,0A,0.186743,0.610159,0.319856,0.700375,74.7187,28.7337,-190.643,74.7187,28.7337,-190.643,0.0336419
3512,3512,0A,0.184444,0.610948,0.317047,0.701573,74.7169,28.7542,-190.662,74.7169,28.7542,-190.662,0.0380485
3520,3520,0A,0.182388,0.611641,0.314485,0.702659,74.7178,28.722,-190.646,74.7178,28.722,-190.646,0.0381578
3528,3528,0A,0.178835,0.612849,0.310266,0.704393,74.7318,28.7605,-190.65,74.7318,28.7605,-190.65,0.0377835
3536,3536,0A,0.172615,0.614957,0.302689,0.707398,74.7299,28.7743,-190.672,74.7299,28.7743,-190.672,0.0389462
3544,3544,0A,0.155428,0.618466,0.285484,0.715431,74.8296,28.7982,-190.848,74.8296,28.7982,-190.848,0.0284827
3552,3552,0A,0.130472,0.625137,0.257055,0.72533,74.5552,28.4884,-190.924,74.5552,28.4884,-190.924,0.034813
3560,3560,0A,0.0943487,0.631546,0.216762,0.738418,74.7318,28.6049,-190.881,74.7318,28.6049,-190.881,0.0291575
3568,3568,0A,0.0512065,0.637089,0.168281,0.750451,74.7083,28.7179,-191.048,74.7083,28.7179,-191.048,0.0240541
3576,3576,0A,0.0115029,0.639617,0.122578,0.758771,74.6939,28.6835,-191.121,74.6939,28.6835,-191.121,0.0253231
3584,3584,0A,0.0214662,-0.639494,-0.0844334,-0.763844,74.7713,28.7522,-191.206,74.7713,28.7522,-191.206,0.0329412
3592,3592,0A,0.0483165,-0.638671,-0.0531562,-0.76612,74.6392,28.6006,-191.314,74.6392,28.6006,-191.314,0.0422271
3600,3600,0A,0.0663397,-0.636945,-0.0323975,-0.767366,74.7288,28.6082,-191.249,74.7288,28.6082,-191.249,0.0330134
3608,3608,0A,0.0776123,-0.635508,-0.0200461,-0.767922,74.8177,28.7205,-191.268,74.8177,28.7205,-191.268,0.0476172
3616,3616,0A,0.0872794,-0.634299,-0.0087177,-0.768096,74.8274,28.8514,-191.306,74.8274,28.8514,-191.306,0.0436001
3624,3624,0A,0.0985381,-0.632593,0.00486859,-0.768175,74.8069,28.8049,-191.347,74.8069,28.8049,-191.347,0.0442957
3632,3632,0A,0.11092,-0.630388,0.0206052,-0.768039,74.7118,28.6017,-191.402,74.7118,28.6017,-191.402,0.0491159
3640,3640,0A,0.124762,-0.627284,0.0377669,-0.767804,74.698,28.6475,-191.488,74.698,28.6475,-191.488,0.0574861
3648,3648,0A,0.140328,-0.623798,0.0571075,-0.766761,74.6784,28.7614,-191.571,74.6784,28.7614,-191.571,0.0450045
3656,3656,0A,0.155165,-0.62024,0.0746299,-0.765282,74.7406,28.7072,-191.512,74.7406,28.7072,-191.512,0.049853
3664,3664,0A,0.168618,-0.616833,0.0907223,-0.763449,74.7515,28.7408,-191.44,74.7515,28.7408,-191.44,0.0492306
3672,3672,0A,0.179933,-0.613426,0.104533,-0.761843,74.7837,28.7779,-191.484,74.7837,28.7779,-191.484,0.0615818
3680,3680,0A,0.189464,-0.610368,0.11659,-0.760238,74.7079,28.5641,-191.472,74.7079,28.5641,-191.472,0.0685555
3688,3688,0A,0.202785,-0.606084,0.132599,-0.7576,74.6783,28.645,-191.494,74.6783,28.645,-191.494,0.0633528
3696,3696,0A,0.220925,-0.599638,0.154566,-0.753483,74.7188,28.692,-191.524,74.7188,28.692,-191.524,0.0636163
3704,3704,0A,0.245524,-0.590052,0.184266,-0.746728,74.7269,28.8267,-191.61,74.7269,28.8267,-191.61,0.0683182
3712,3712,0A,0.262672,-0.582432,0.205574,-0.741294,74.7323,28.6662,-191.528,74.7323,28.6662,-191.528,0.073759
3720,3720,0A,0.272385,-0.577858,0.217432,-0.737976,74.7525,28.6823,-191.547,74.7525,28.6823,-191.547,0.0706284
3728,3728,0A,0.28082,-0.574274,0.227536,-0.734559,74.5885,28.5344,-191.561,74.5885,28.5344,-191.561,0.0764262
3736,3736,0A,0.295058,-0.567351,0.245557,-0.72853,74.632,28.7863,-191.737,74.632,28.7863,-191.737,0.0431609
3744,3744,0A,0.316759,-0.55595,0.272195,-0.718675,74.6724,28.7614,-191.696,74.6724,28.7614,-191.696,0.0629467
3752,3752,0A,0.333804,-0.545637,0.294994,-0.709812,74.6739,28.7802,-191.632,74.6739,28.7802,-191.632,0.0597434
3760,3760,0A,0.34484,-0.538864,0.308748,-0.703837,74.6322,28.6962,-191.616,74.6322,28.6962,-191.616,0.0752644
3768,3768,0A,0.352669,-0.534322,0.317557,-0.699488,74.636,28.8809,-191.739,74.636,28.8809,-191.739,0.0742895
3776,3776,0A,0.356902,-0.531545,0.323124,-0.696902,74.663,28.8405,-191.724,74.663,28.8405,-191.724,0.0568263
3784,3784,0A,0.360906,-0.529017,0.328446,-0.69427,74.5973,28.7736,-191.773,74.5973,28.7736,-191.773,0.0559478
3792,3792,0A,0.366214,-0.525593,0.334157,-0.69136,74.6564,28.7396,-191.74,74.6564,28.7396,-191.74,0.0825483
3800,3800,0A,0.369155,-0.523452,0.338531,-0.689289,74.6083,28.7289,-191.676,74.6083,28.7289,-191.676,0.0665639
3808,3808,0A,0.371103,-0.52181,0.341924,-0.687812,74.5182,28.4433,-191.647,74.5182,28.4433,-191.647,0.0688
3816,3816,0A,0.375138,-0.519029,0.346873,-0.685244,74.5664,28.5385,-191.694,74.5664,28.5385,-191.694,0.0562205
3824,3824,0A,0.379607,-0.516048,0.35211,-0.682358,74.6022,28.7567,-191.759,74.6022,28.7567,-191.759,0.061443
3832,3832,0A,0.382078,-0.514533,0.355251,-0.680492,74.5952,28.534,-191.736,74.5952,28.534,-191.736,0.076011
3840,3840,0A,0.383696,-0.513303,0.358,-0.679069,74.6222,28.6945,-191.751,74.6222,28.6945,-191.751,0.0634505
3848,3848,0A,0.384493,-0.512592,0.359575,-0.678322,74.6123,28.8046,-191.729,74.6123,28.8046,-191.729,0.0687105
3856,3856,0A,0.383687,-0.513396,0.358922,-0.678516,74.5163,28.5918,-191.693,74.5163,28.5918,-191.693,0.0665704
3864,3864,0A,0.383532,-0.514114,0.357946,-0.678576,74.605,28.696,-191.7,74.605,28.696,-191.7,0.0662322
3872,3872,0A,0.383318,-0.514038,0.357688,-0.67889,74.6028,28.6985,-191.711,74.6028,28.6985,-191.711,0.0623794
3880,3880,0A,0.383508,-0.513612,0.358065,-0.678906,74.6147,28.7196,-191.708,74.6147,28.7196,-191.708,0.0581444
3888,3888,0A,0.383536,-0.513278,0.358255,-0.679043,74.6108,28.7622,-191.708,74.6108,28.7622,-191.708,0.0599326
3896,3896,0A,0.383349,-0.513511,0.357871,-0.679175,74.5652,28.6977,-191.727,74.5652,28.6977,-191.727,0.0609716
3904,3904,0A,0.383432,-0.513413,0.358181,-0.679039,74.5514,28.6596,-191.731,74.5514,28.6596,-191.731,0.0638319
3912,3912,0A,0.383318,-0.513451,0.358175,-0.679078,74.5446,28.6603,-191.734,74.5446,28.6603,-191.734,0.0653134
3920,3920,0A,0.383107,-0.513578,0.357968,-0.67921,74.5399,28.6487,-191.733,74.5399,28.6487,-191.733,0.0668738
3928,3928,0A,0.382759,-0.513757,0.357677,-0.679424,74.5324,28.6269,-191.728,74.5324,28.6269,-191.728,0.0665969
3936,3936,0A,0.382451,-0.513885,0.357473,-0.679607,74.531,28.6351,-191.72,74.531,28.6351,-191.72,0.0656455
3944,3944,0A,0.382157,-0.514007,0.357338,-0.679752,74.5294,28.6333,-191.727,74.5294,28.6333,-191.727,0.0668256
3952,3952,0A,0.381797,-0.514192,0.357119,-0.679929,74.5259,28.6332,-191.733,74.5259,28.6332,-191.733,0.0673601
3960,3960,0A,0.381498,-0.514392,0.356902,-0.68006,74.5236,28.6395,-191.738,74.5236,28.6395,-191.738,0.0679334
3968,3968,0A,0.381289,-0.514556,0.356741,-0.680137,74.5286,28.6414,-191.748,74.5286,28.6414,-191.748,0.067791
3976,3976,0A,0.381041,-0.514718,0.356613,-0.680221,74.529,28.6414,-191.735,74.529,28.6414,-191.735,0.0678691
3984,3984,0A,0.380859,-0.514838,0.35651,-0.680286,74.5327,28.6502,-191.732,74.5327,28.6502,-191.732,0.0688116
3992,3992,0A,0.380674,-0.514961,0.356422,-0.680342,74.5292,28.643,-191.723,74.5292,28.643,-191.723,0.0692796
4000,4000,0A,0.380572,-0.515053,0.356351,-0.680367,74.5378,28.6601,-191.724,74.5378,28.6601,-191.724,0.0687917
4008,4008,0A,0.380436,-0.515156,0.356284,-0.6804,74.5398,28.6693,-191.726,74.5398,28.6693,-191.726,0.0674406
4016,4016,0A,0.380324,-0.515253,0.356183,-0.680442,74.5449,28.6701,-191.734,74.5449,28.6701,-191.734,0.0674597
4024,4024,0A,0.380304,-0.515281,0.356133,-0.680458,74.5581,28.6922,-191.73,74.5581,28.6922,-191.73,0.0675199
4032,4032,0A,0.380216,-0.515351,0.35607,-0.680488,74.5585,28.6823,-191.73,74.5585,28.6823,-191.73,0.0670835
4040,4040,0A,0.380233,-0.515371,0.356052,-0.680472,74.5529,28.6846,-191.732,74.5529,28.6846,-191.732,0.0684875
4048,4048,0A,0.380082,-0.515462,0.355935,-0.68055,74.5553,28.6717,-191.73,74.5553,28.6717,-191.73,0.0674956
4056,4056,0A,0.380093,-0.515477,0.355919,-0.68054,74.5628,28.6943,-191.739,74.5628,28.6943,-191.739,0.0667796
4064,4064,0A,0.380005,-0.515564,0.355808,-0.680581,74.5602,28.6897,-191.732,74.5602,28.6897,-191.732,0.0659866
4072,4072,0A,0.379999,-0.515596,0.355757,-0.680587,74.5643,28.6958,-191.73,74.5643,28.6958,-191.73,0.0662291
4080,4080,0A,0.379863,-0.515698,0.355655,-0.680638,74.5578,28.6789,-191.735,74.5578,28.6789,-191.735,0.0654292
4088,4088,0A,0.379705,-0.515814,0.355516,-0.680712,74.551,28.6564,-191.735,74.551,28.6564,-191.735,0.0657313
4096,4096,0A,0.379649,-0.515861,0.355458,-0.680738,74.5475,28.6463,-191.73,74.5475,28.6463,-191.73,0.0659093
4104,4104,0A,0.379644,-0.515909,0.35545,-0.680709,74.5333,28.6358,-191.729,74.5333,28.6358,-191.729,0.0657166
4112,4112,0A,0.379684,-0.515905,0.355444,-0.680692,74.5366,28.6461,-191.728,74.5366,28.6461,-191.728,0.065439
4120,4120,0A,0.379557,-0.515992,0.35535,-0.680746,74.5337,28.6388,-191.718,74.5337,28.6388,-191.718,0.0641559
4128,4128,0A,0.379496,-0.51606,0.355308,-0.68075,74.5221,28.6477,-191.713,74.5221,28.6477,-191.713,0.0639821
4136,4136,0A,0.379415,-0.516122,0.35522,-0.680794,74.5163,28.6284,-191.707,74.5163,28.6284,-191.707,0.0649886
4144,4144,0A,0.37937,-0.516133,0.355181,-0.680831,74.5191,28.621,-191.708,74.5191,28.621,-191.708,0.0663646
4152,4152,0A,0.37934,-0.516159,0.355149,-0.680846,74.5179,28.6242,-191.71,74.5179,28.6242,-191.71,0.0665669
4160,4160,0A,0.379407,-0.516122,0.355163,-0.680829,74.5249,28.64,-191.708,74.5249,28.64,-191.708,0.06763
4168,4168,0A,0.379454,-0.516084,0.355173,-0.680826,74.5303,28.6488,-191.693,74.5303,28.6488,-191.693,0.0678439
4176,4176,0A,0.37941,-0.516121,0.355106,-0.680858,74.5328,28.6483,-191.697,74.5328,28.6483,-191.697,0.0686069
4184,4184,0A,0.379261,-0.516192,0.354995,-0.680945,74.5329,28.636,-191.7,74.5329,28.636,-191.7,0.0684799
4192,4192,0A,0.37916,-0.516249,0.354919,-0.680997,74.5323,28.625,-191.702,74.5323,28.625,-191.702,0.0684365
4200,4200,0A,0.379104,-0.516301,0.354874,-0.681013,74.5276,28.617,-191.717,74.5276,28.617,-191.717,0.0675728
4208,4208,0A,0.379087,-0.516315,0.354837,-0.681031,74.5292,28.6073,-191.723,74.5292,28.6073,-191.723,0.0676802
4216,4216,0A,0.379153,-0.516308,0.354867,-0.680984,74.5272,28.633,-191.73,74.5272,28.633,-191.73,0.0681022
4224,4224,0A,0.379124,-0.516338,0.354829,-0.680997,74.5296,28.641,-191.73,74.5296,28.641,-191.73,0.0658711
4232,4232,0A,0.378954,-0.516446,0.3547,-0.681077,74.5242,28.6156,-191.731,74.5242,28.6156,-191.731,0.0640875
4240,4240,0A,0.378854,-0.516516,0.354637,-0.681113,74.5089,28.5962,-191.726,74.5089,28.5962,-191.726,0.0643824
4248,4248,0A,0.378953,-0.516484,0.35465,-0.681075,74.5135,28.6043,-191.741,74.5135,28.6043,-191.741,0.0672484
4256,4256,0A,0.378997,-0.516471,0.354686,-0.681042,74.5109,28.6244,-191.741,74.5109,28.6244,-191.741,0.0667828
4264,4264,0A,0.378979,-0.516489,0.354658,-0.681052,74.5109,28.6249,-191.737,74.5109,28.6249,-191.737,0.0673839
4272,4272,0A,0.378911,-0.516541,0.354606,-0.681078,74.5042,28.6296,-191.737,74.5042,28.6296,-191.737,0.0677298
4280,4280,0A,0.378892,-0.516556,0.354563,-0.681099,74.5069,28.6369,-191.736,74.5069,28.6369,-191.736,0.0693991
4288,4288,0A,0.378925,-0.516543,0.354548,-0.681098,74.5146,28.6545,-191.727,74.5146,28.6545,-191.727,0.069986
4296,4296,0A,0.378748,-0.51664,0.354441,-0.681179,74.5114,28.6245,-191.73,74.5114,28.6245,-191.73,0.0673564
4304,4304,0A,0.37876,-0.516655,0.354436,-0.681164,74.5054,28.629,-191.725,74.5054,28.629,-191.725,0.0687375
4312,4312,0A,0.378761,-0.516639,0.354452,-0.681166,74.5079,28.6318,-191.719,74.5079,28.6318,-191.719,0.0679339
4320,4320,0A,0.378754,-0.516652,0.354406,-0.681184,74.5156,28.6402,-191.719,74.5156,28.6402,-191.719,0.0679924
4328,4328,0A,0.378702,-0.516686,0.3544,-0.681191,74.5099,28.6499,-191.711,74.5099,28.6499,-191.711,0.066635
4336,4336,0A,0.37862,-0.516727,0.354333,-0.68124,74.5118,28.6294,-191.716,74.5118,28.6294,-191.716,0.0651089
4344,4344,0A,0.37866,-0.516718,0.354351,-0.681215,74.5116,28.6339,-191.717,74.5116,28.6339,-191.717,0.0643701
4352,4352,0A,0.378576,-0.516768,0.354276,-0.681263,74.5125,28.6207,-191.712,74.5125,28.6207,-191.712,0.0639798
4360,4360,0A,0.378484,-0.516807,0.354249,-0.681298,74.5069,28.6039,-191.705,74.5069,28.6039,-191.705,0.0619422
4368,4368,0A,0.378446,-0.516832,0.354226,-0.681313,74.5013,28.5908,-191.706,74.5013,28.5908,-191.706,0.0620632
4376,4376,0A,0.378428,-0.51682,0.354196,-0.681348,74.5133,28.5949,-191.699,74.5133,28.5949,-191.699,0.0616635
