80,80,0A,0.348367,-0.505999,0.464629,-0.637751,-7.80772,-15.9162,-269.409,-7.80772,-15.9162,-269.409,0.162081
88,88,0A,0.355807,-0.500775,0.472021,-0.632316,-7.78518,-15.8565,-269.355,-7.78518,-15.8565,-269.355,0.156398
96,96,0A,0.370946,-0.488441,0.488732,-0.620456,-7.8316,-15.835,-269.427,-7.8316,-15.835,-269.427,0.162636
104,104,0A,0.39893,-0.463486,0.519986,-0.596364,-7.75427,-15.8656,-269.283,-7.75427,-15.8656,-269.283,0.170154
112,112,0A,0.436428,-0.42762,0.560933,-0.558592,-7.67236,-15.8798,-269.208,-7.67236,-15.8798,-269.208,0.168864
120,120,0A,0.468311,-0.395075,0.594664,-0.520553,-7.45287,-15.9756,-269.098,-7.45287,-15.9756,-269.098,0.170532
128,128,0A,0.486802,-0.37504,0.615281,-0.493759,-7.55541,-16.083,-268.82,-7.55541,-16.083,-268.82,0.177392
136,136,0A,0.497869,-0.36349,0.627911,-0.475111,-7.50417,-16.1028,-268.76,-7.50417,-16.1028,-268.76,0.168668
144,144,0A,0.507348,-0.352984,0.638911,-0.458032,-7.46652,-16.1427,-268.845,-7.46652,-16.1427,-268.845,0.165867
152,152,0A,0.521904,-0.333747,0.655824,-0.431422,-7.48507,-16.1538,-268.734,-7.48507,-16.1538,-268.734,0.17767
160,160,0A,0.544029,-0.300245,0.679728,-0.389685,-7.2902,-16.423,-268.47,-7.2902,-16.423,-268.47,0.179818
168,168,0A,0.567015,-0.259428,0.703955,-0.340055,-7.29735,-16.4742,-268.471,-7.29735,-16.4742,-268.471,0.175026
176,176,0A,0.590724,-0.209466,0.726982,-0.280475,-7.20984,-16.4022,-268.734,-7.20984,-16.4022,-268.734,0.178137
184,184,0A,0.617678,-0.1361,0.750168,-0.192867,-7.04907,-16.7654,-268.735,-7.04907,-16.7654,-268.735,0.186426
192,192,0A,0.638503,-0.039722,0.764688,-0.0773882,-7.01782,-17.366,-268.826,-7.01782,-17.366,-268.826,0.185673
200,200,0A,0.643667,0.0403435,0.763972,0.020291,-7.22375,-17.4775,-269.26,-7.22375,-17.4775,-269.26,0.150896
208,208,0A,0.641911,0.0884108,0.757387,0.0806166,-7.11214,-17.477,-269.918,-7.11214,-17.477,-269.918,0.131389
216,216,0A,0.637346,0.124494,0.749815,0.126762,-7.111,-17.6789,-270.224,-7.111,-17.6789,-270.224,0.123033
224,224,0A,0.629865,0.163611,0.738442,0.17665,-7.06981,-17.7558,-270.49,-7.06981,-17.7558,-270.49,0.11333
232,232,0A,0.619077,0.203738,0.723344,0.228052,-7.07085,-17.878,-270.757,-7.07085,-17.878,-270.757,0.0970637
240,240,0A,0.606488,0.238834,0.707453,0.273204,-7.14445,-17.9276,-271.255,-7.14445,-17.9276,-271.255,0.0884987
248,248,0A,0.593904,0.266768,0.692842,0.309973,-7.07862,-18.1437,-271.517,-7.07862,-18.1437,-271.517,0.0991095
256,256,0A,0.578561,0.296752,0.674619,0.34942,-7.09846,-18.2404,-271.74,-7.09846,-18.2404,-271.74,0.0923345
264,264,0A,0.558492,0.331045,0.649831,0.395241,-7.21364,-18.3992,-271.985,-7.21364,-18.3992,-271.985,0.084339
272,272,0A,0.533912,0.367396,0.619029,0.443578,-7.37896,-18.3895,-272.085,-7.37896,-18.3895,-272.085,0.0613706
280,280,0A,0.509237,0.398899,0.588074,0.485516,-7.44935,-18.439,-272.244,-7.44935,-18.439,-272.244,0.0689243
288,288,0A,0.486026,0.424794,0.559711,0.519666,-7.57259,-18.5414,-272.307,-7.57259,-18.5414,-272.307,0.0440567
296,296,0A,0.460404,0.44986,0.528806,0.553189,-7.68936,-18.6096,-272.516,-7.68936,-18.6096,-272.516,0.0706628
304,304,0A,0.429877,0.477993,0.490045,0.588715,-7.91053,-18.3835,-272.136,-7.91053,-18.3835,-272.136,0.0291481
312,312,0A,0.400832,0.500903,0.454411,0.618014,-7.97117,-18.3409,-272.044,-7.97117,-18.3409,-272.044,0.053656
320,320,0A,0.377935,0.517291,0.426911,0.638218,-8.04261,-18.2969,-271.816,-8.04261,-18.2969,-271.816,0.0855942
328,328,0A,0.357396,0.530579,0.403524,0.654158,-8.2005,-18.3748,-271.97,-8.2005,-18.3748,-271.97,0.0879036
336,336,0A,0.333079,0.545398,0.374798,0.67166,-8.24912,-18.1932,-271.854,-8.24912,-18.1932,-271.854,0.0998351
344,344,0A,0.305923,0.56096,0.340986,0.689539,-8.29881,-18.1053,-271.446,-8.29881,-18.1053,-271.446,0.135007
352,352,0A,0.282648,0.573115,0.310653,0.703665,-8.31363,-17.9621,-271.335,-8.31363,-17.9621,-271.335,0.151565
360,360,0A,0.26357,0.582746,0.284051,0.71432,-8.4305,-17.6961,-271.33,-8.4305,-17.6961,-271.33,0.157856
368,368,0A,0.250967,0.589074,0.264698,0.72107,-8.41568,-17.6148,-271.248,-8.41568,-17.6148,-271.248,0.164692
376,376,0A,0.238758,0.594978,0.246432,0.72682,-8.46972,-17.4586,-271.278,-8.46972,-17.4586,-271.278,0.170159
384,384,0A,0.218442,0.602743,0.218905,0.735571,-8.50265,-17.2124,-271.124,-8.50265,-17.2124,-271.124,0.163664
392,392,0A,0.189949,0.611193,0.183132,0.746207,-8.54368,-17.1102,-270.975,-8.54368,-17.1102,-270.975,0.176782
400,400,0A,0.157538,0.618689,0.14371,0.756144,-8.62245,-17.0044,-270.94,-8.62245,-17.0044,-270.94,0.193027
408,408,0A,0.124938,0.623891,0.10511,0.764266,-8.61833,-16.9212,-270.827,-8.61833,-16.9212,-270.827,0.20757
416,416,0A,0.0897557,0.627604,0.0638919,0.770697,-8.64456,-16.7827,-270.695,-8.64456,-16.7827,-270.695,0.215017
424,424,0A,0.0452824,0.629924,0.0126688,0.775233,-8.7098,-16.6367,-270.689,-8.7098,-16.6367,-270.689,0.20774
432,432,0A,0.00466687,-0.628671,0.0448544,-0.776363,-8.59735,-16.5639,-270.484,-8.59735,-16.5639,-270.484,0.215763
440,440,0A,0.0363113,-0.625749,0.0827335,-0.774774,-8.53046,-16.5775,-270.586,-8.53046,-16.5775,-270.586,0.209761
448,448,0A,0.0530622,-0.622631,0.105536,-0.773549,-8.45918,-16.4695,-270.523,-8.45918,-16.4695,-270.523,0.202501
456,456,0A,0.0687504,-0.619003,0.127255,-0.771955,-8.55576,-16.2588,-270.442,-8.55576,-16.2588,-270.442,0.196411
464,464,0A,0.0842246,-0.61451,0.148378,-0.770239,-8.39191,-16.1287,-270.418,-8.39191,-16.1287,-270.418,0.196882
472,472,0A,0.0975795,-0.611368,0.165801,-0.767605,-8.46528,-16.1235,-270.492,-8.46528,-16.1235,-270.492,0.197982
480,480,0A,0.103708,-0.609879,0.174566,-0.766041,-8.39263,-16.1443,-270.495,-8.39263,-16.1443,-270.495,0.188864
488,488,0A,0.101308,-0.610333,0.174129,-0.766101,-8.4142,-16.0712,-270.494,-8.4142,-16.0712,-270.494,0.192685
496,496,0A,0.0918622,-0.612032,0.165609,-0.767823,-8.43792,-15.9349,-270.411,-8.43792,-15.9349,-270.411,0.19917
504,504,0A,0.0752517,-0.615,0.148162,-0.770817,-8.44092,-15.882,-270.382,-8.44092,-15.882,-270.382,0.209446
512,512,0A,0.0502768,-0.618935,0.11973,-0.774634,-8.43793,-15.9278,-270.416,-8.43793,-15.9278,-270.416,0.201552
520,520,0A,0.0112514,-0.623553,0.0748687,-0.778106,-8.47578,-15.8549,-270.419,-8.47578,-15.8549,-270.419,0.213686
528,528,0A,0.0500023,0.62684,-0.00327561,0.777535,-8.5,-16.0334,-270.437,-8.5,-16.0334,-270.437,0.221912
536,536,0A,0.122407,0.623299,0.0829439,0.767878,-8.68765,-16.4665,-270.797,-8.68765,-16.4665,-270.797,0.196116
544,544,0A,0.183887,0.612662,0.156603,0.752534,-8.57254,-16.6529,-270.966,-8.57254,-16.6529,-270.966,0.175789
552,552,0A,0.239742,0.597057,0.222896,0.732369,-8.54458,-16.9006,-271.394,-8.54458,-16.9006,-271.394,0.161022
560,560,0A,0.290952,0.577782,0.28203,0.708502,-8.38313,-17.1564,-271.568,-8.38313,-17.1564,-271.568,0.148208
568,568,0A,0.334323,0.557427,0.333088,0.683049,-8.29357,-17.3256,-271.958,-8.29357,-17.3256,-271.958,0.11246
576,576,0A,0.36672,0.539374,0.37219,0.660353,-8.21063,-17.3575,-272.109,-8.21063,-17.3575,-272.109,0.0739972
584,584,0A,0.393762,0.522866,0.404328,0.638813,-8.12695,-17.4889,-272.183,-8.12695,-17.4889,-272.183,0.0599782
592,592,0A,0.421708,0.503752,0.438662,0.613165,-8.07358,-17.6129,-272.491,-8.07358,-17.6129,-272.491,0.04191
600,600,0A,0.446682,0.485113,0.469631,0.587015,-7.93236,-17.6268,-272.635,-7.93236,-17.6268,-272.635,0.0238729
608,608,0A,0.471407,0.464931,0.500276,0.557977,-7.80547,-17.686,-272.388,-7.80547,-17.686,-272.388,0.0144835
616,616,0A,0.496549,0.44042,0.533302,0.524461,-7.67428,-17.8033,-272.721,-7.67428,-17.8033,-272.721,0.0720758
624,624,0A,0.519455,0.417491,0.55871,0.493673,-7.48811,-17.7211,-272.709,-7.48811,-17.7211,-272.709,0.0836715
632,632,0A,0.536738,0.400342,0.57416,0.471146,-7.43496,-17.6913,-272.811,-7.43496,-17.6913,-272.811,0.0911323
640,640,0A,0.550494,0.387021,0.584201,0.453741,-7.40688,-17.4744,-272.726,-7.40688,-17.4744,-272.726,0.0873985
648,648,0A,0.565191,0.371247,0.596378,0.432513,-7.45412,-17.5387,-272.98,-7.45412,-17.5387,-272.98,0.0999881
656,656,0A,0.58292,0.352223,0.609192,0.406237,-7.41012,-17.3086,-273.101,-7.41012,-17.3086,-273.101,0.106186
664,664,0A,0.602882,0.330574,0.621307,0.375807,-7.38921,-17.231,-273.346,-7.38921,-17.231,-273.346,0.130113
672,672,0A,0.618489,0.313799,0.628053,0.352918,-7.29823,-17.1244,-273.285,-7.29823,-17.1244,-273.285,0.138502
680,680,0A,0.630426,0.302232,0.629873,0.338347,-7.43934,-16.9399,-273.473,-7.43934,-16.9399,-273.473,0.136935
688,688,0A,0.642942,0.290904,0.629693,0.32479,-7.41054,-16.893,-273.728,-7.41054,-16.893,-273.728,0.142027
696,696,0A,0.657404,0.278232,0.628455,0.308952,-7.41678,-16.688,-274.035,-7.41678,-16.688,-274.035,0.153048
704,704,0A,0.668648,0.269697,0.624617,0.300045,-7.39978,-16.6066,-274.354,-7.39978,-16.6066,-274.354,0.171061
712,712,0A,0.675968,0.262844,0.620739,0.297763,-7.46397,-16.7786,-274.507,-7.46397,-16.7786,-274.507,0.166716
720,720,0A,0.681383,0.256786,0.617548,0.297346,-7.43447,-16.8866,-274.858,-7.43447,-16.8866,-274.858,0.186507
728,728,0A,0.688537,0.247193,0.616679,0.290721,-7.50168,-16.9591,-274.971,-7.50168,-16.9591,-274.971,0.184248
736,736,0A,0.696095,0.235857,0.617162,0.280954,-7.47038,-17.0476,-275.096,-7.47038,-17.0476,-275.096,0.201378
744,744,0A,0.701786,0.224481,0.618688,0.272636,-7.48605,-17.2195,-275.169,-7.48605,-17.2195,-275.169,0.199413
752,752,0A,0.705946,0.214243,0.620032,0.267021,-7.43336,-17.4194,-275.289,-7.43336,-17.4194,-275.289,0.204524
760,760,0A,0.708829,0.205899,0.620685,0.26442,-7.48761,-17.5324,-275.391,-7.48761,-17.5324,-275.391,0.203785
768,768,0A,0.712002,0.196301,0.621539,0.261169,-7.5039,-17.8023,-275.387,-7.5039,-17.8023,-275.387,0.210263
776,776,0A,0.714462,0.187311,0.622049,0.259833,-7.50597,-18.0236,-275.546,-7.50597,-18.0236,-275.546,0.223373
784,784,0A,0.715591,0.181252,0.620846,0.263871,-7.47022,-18.2308,-275.697,-7.47022,-18.2308,-275.697,0.224885
792,792,0A,0.715406,0.176989,0.619199,0.271041,-7.51682,-18.4415,-275.786,-7.51682,-18.4415,-275.786,0.231247
800,800,0A,0.714647,0.171775,0.618515,0.277872,-7.46329,-18.7804,-275.804,-7.46329,-18.7804,-275.804,0.236433
808,808,0A,0.713242,0.165792,0.61929,0.283335,-7.46337,-19.0405,-275.738,-7.46337,-19.0405,-275.738,0.237352
816,816,0A,0.711128,0.158631,0.62157,0.287724,-7.42973,-19.4179,-275.715,-7.42973,-19.4179,-275.715,0.225051
824,824,0A,0.708002,0.152617,0.624409,0.292498,-7.43565,-19.7607,-275.577,-7.43565,-19.7607,-275.577,0.22501
832,832,0A,0.704288,0.146315,0.62788,0.297214,-7.35299,-20.0546,-275.621,-7.35299,-20.0546,-275.621,0.225322
840,840,0A,0.6996,0.139357,0.633151,0.300432,-7.33028,-20.3891,-275.425,-7.33028,-20.3891,-275.425,0.215772
848,848,0A,0.694023,0.129947,0.640849,0.301264,-7.36132,-20.829,-275.363,-7.36132,-20.829,-275.363,0.220764
856,856,0A,0.687919,0.119435,0.649436,0.301224,-7.34018,-21.2162,-275.167,-7.34018,-21.2162,-275.167,0.211733
864,864,0A,0.68136,0.108825,0.657983,0.301603,-7.2344,-21.5621,-274.958,-7.2344,-21.5621,-274.958,0.197292
872,872,0A,0.673898,0.0973092,0.667739,0.300861,-7.24066,-22.0593,-274.491,-7.24066,-22.0593,-274.491,0.190142
880,880,0A,0.665451,0.0850705,0.678361,0.299608,-7.01799,-22.4998,-274.177,-7.01799,-22.4998,-274.177,0.172506
888,888,0A,0.655639,0.0718884,0.690136,0.297797,-6.8842,-22.958,-273.785,-6.8842,-22.958,-273.785,0.151426
896,896,0A,0.646249,0.0551035,0.703175,0.291329,-6.79174,-23.4576,-273.248,-6.79174,-23.4576,-273.248,0.12717
904,904,0A,0.637955,0.0367879,0.71561,0.282069,-6.56892,-23.9132,-272.837,-6.56892,-23.9132,-272.837,0.130076
912,912,0A,0.630284,0.0231552,0.72562,0.275103,-6.39813,-24.1882,-272.348,-6.39813,-24.1882,-272.348,0.117116
920,920,0A,0.62274,0.0125011,0.73445,0.269487,-6.32785,-24.378,-271.773,-6.32785,-24.378,-271.773,0.108343
928,928,0A,0.615773,0.000962658,0.743333,0.261304,-6.19458,-24.496,-271.348,-6.19458,-24.496,-271.348,0.105045
936,936,0A,0.608813,-0.0106835,0.752208,0.251825,-6.01421,-24.6034,-270.888,-6.01421,-24.6034,-270.888,0.111855
944,944,0A,0.601103,-0.0198956,0.760802,0.243845,-5.83173,-24.7247,-270.398,-5.83173,-24.7247,-270.398,0.110244
952,952,0A,0.591884,-0.026226,0.769598,0.238127,-5.69295,-24.7511,-269.799,-5.69295,-24.7511,-269.799,0.109273
960,960,0A,0.581803,-0.0326759,0.77919,0.230871,-5.59504,-24.7877,-269.134,-5.59504,-24.7877,-269.134,0.121175
968,968,0A,0.5696,-0.0353321,0.789319,0.22646,-5.311,-24.7427,-268.566,-5.311,-24.7427,-268.566,0.120119
976,976,0A,0.555837,-0.0351222,0.800152,0.222637,-5.18812,-24.6397,-267.809,-5.18812,-24.6397,-267.809,0.127502
984,984,0A,0.541379,-0.0323744,0.811076,0.219126,-5.01486,-24.442,-267,-5.01486,-24.442,-267,0.135764
992,992,0A,0.525834,-0.0291989,0.822485,0.214858,-4.812,-24.2093,-266.123,-4.812,-24.2093,-266.123,0.144814
1000,1000,0A,0.508935,-0.027427,0.834621,0.208903,-4.5987,-23.9696,-265.281,-4.5987,-23.9696,-265.281,0.138754
1008,1008,0A,0.492574,-0.0244452,0.846143,0.202029,-4.34074,-23.6754,-264.311,-4.34074,-23.6754,-264.311,0.144945
1016,1016,0A,0.477025,-0.0171729,0.856381,0.196884,-4.05791,-23.2951,-263.536,-4.05791,-23.2951,-263.536,0.141238
1024,1024,0A,0.46113,-0.00612265,0.866054,0.193061,-3.92046,-23.0173,-262.598,-3.92046,-23.0173,-262.598,0.14604
1032,1032,0A,0.445998,0.00453743,0.874916,0.188645,-3.70119,-22.5204,-261.917,-3.70119,-22.5204,-261.917,0.149018
1040,1040,0A,0.432382,0.0142313,0.883043,0.181877,-3.4741,-22.0768,-261.059,-3.4741,-22.0768,-261.059,0.135313
1048,1048,0A,0.420963,0.0220912,0.890241,0.172552,-3.29086,-21.5698,-260.393,-3.29086,-21.5698,-260.393,0.13397
1056,1056,0A,0.410655,0.0326818,0.896449,0.163317,-3.11468,-21.1432,-259.729,-3.11468,-21.1432,-259.729,0.136954
1064,1064,0A,0.400863,0.0459248,0.90176,0.155011,-3.00431,-20.5759,-259.136,-3.00431,-20.5759,-259.136,0.13024
1072,1072,0A,0.393247,0.0595643,0.90584,0.145816,-2.82592,-19.988,-258.573,-2.82592,-19.988,-258.573,0.120937
1080,1080,0A,0.389615,0.0733,0.908041,0.135239,-2.80455,-19.3273,-258.171,-2.80455,-19.3273,-258.171,0.121008
1088,1088,0A,0.389252,0.0871934,0.908655,0.123392,-2.72746,-18.6162,-257.982,-2.72746,-18.6162,-257.982,0.117942
1096,1096,0A,0.389223,0.101419,0.908672,0.111955,-2.69217,-17.877,-257.775,-2.69217,-17.877,-257.775,0.121105
1104,1104,0A,0.390756,0.114113,0.907988,0.0992269,-2.74207,-17.35,-257.541,-2.74207,-17.35,-257.541,0.118976
1120,1120,0A,0.401643,0.139755,0.902238,0.0715408,-3.19859,-16.1583,-257.951,-3.19859,-16.1583,-257.951,0.134466
1128,1128,0A,0.407934,0.1542,0.897942,0.0592652,-3.32156,-15.3375,-258.025,-3.32156,-15.3375,-258.025,0.150203
1136,1136,0A,0.412788,0.167525,0.894021,0.0476223,-3.41481,-14.8399,-258.14,-3.41481,-14.8399,-258.14,0.127923
1144,1144,0A,0.418402,0.182758,0.888843,0.0387086,-3.3675,-14.3742,-258.188,-3.3675,-14.3742,-258.188,0.141237
1152,1152,0A,0.425317,0.19674,0.882891,0.0300357,-3.48563,-13.9376,-258.21,-3.48563,-13.9376,-258.21,0.146023
1160,1160,0A,0.432984,0.205764,0.877392,0.0192415,-3.78661,-13.3927,-258.592,-3.78661,-13.3927,-258.592,0.145172
1168,1168,0A,0.441506,0.215075,0.871033,0.0108014,-3.7731,-13.0685,-258.84,-3.7731,-13.0685,-258.84,0.132424
1176,1176,0A,0.450088,0.219582,0.865566,0.00107483,-3.98473,-12.6123,-259.152,-3.98473,-12.6123,-259.152,0.158975
1184,1184,0A,0.459251,0.227172,0.858754,-0.00488172,-4.13451,-12.1397,-259.606,-4.13451,-12.1397,-259.606,0.144013
1192,1192,0A,0.468164,0.229947,0.8531,-0.0129077,-4.2558,-12.0622,-259.886,-4.2558,-12.0622,-259.886,0.152754
1200,1200,0A,0.477171,0.231249,0.847588,-0.0206603,-4.40415,-11.8837,-260.217,-4.40415,-11.8837,-260.217,0.144755
1208,1208,0A,0.487664,0.233382,0.840823,-0.0270892,-4.54262,-11.7392,-260.7,-4.54262,-11.7392,-260.7,0.148616
1216,1216,0A,0.499702,0.232906,0.833527,-0.0358425,-4.68452,-11.2292,-261.324,-4.68452,-11.2292,-261.324,0.150167
1224,1224,0A,0.511773,0.229007,0.826667,-0.0475978,-4.9253,-11.1186,-261.92,-4.9253,-11.1186,-261.92,0.159992
1232,1232,0A,0.522618,0.229196,0.819483,-0.0527954,-5.24635,-10.873,-262.516,-5.24635,-10.873,-262.516,0.130993
1240,1240,0A,0.534519,0.228521,0.811591,-0.0581998,-5.34661,-10.9391,-263.084,-5.34661,-10.9391,-263.084,0.135581
1248,1248,0A,0.546768,0.229606,0.802854,-0.061255,-5.41363,-10.7968,-263.693,-5.41363,-10.7968,-263.693,0.133621
1256,1256,0A,0.558674,0.229647,0.794325,-0.0647562,-5.58666,-10.759,-264.192,-5.58666,-10.759,-264.192,0.129109
1272,1272,0A,0.581606,0.228987,0.777596,-0.0681441,-5.59354,-10.4661,-264.999,-5.59354,-10.4661,-264.999,0.117596
1280,1280,0A,0.59295,0.227092,0.769375,-0.0700186,-5.65507,-10.5626,-265.611,-5.65507,-10.5626,-265.611,0.131456
1288,1288,0A,0.603698,0.223053,0.761758,-0.0742992,-5.77948,-10.429,-266.306,-5.77948,-10.429,-266.306,0.125645
1296,1296,0A,0.614373,0.218493,0.754054,-0.078799,-5.90345,-10.5384,-266.774,-5.90345,-10.5384,-266.774,0.121024
1304,1304,0A,0.624658,0.21541,0.746242,-0.0807746,-5.98516,-10.5494,-267.297,-5.98516,-10.5494,-267.297,0.109723
1312,1312,0A,0.634691,0.211247,0.738679,-0.0830394,-6.0745,-10.5594,-267.84,-6.0745,-10.5594,-267.84,0.113763
1320,1320,0A,0.644747,0.205571,0.73101,-0.0875572,-6.21665,-10.7242,-268.402,-6.21665,-10.7242,-268.402,0.0979294
1328,1328,0A,0.655054,0.19998,0.723002,-0.0904495,-6.25522,-10.6649,-269.087,-6.25522,-10.6649,-269.087,0.101782
1336,1336,0A,0.665143,0.193987,0.715219,-0.0917368,-6.39436,-10.8785,-269.576,-6.39436,-10.8785,-269.576,0.103714
1344,1344,0A,0.675358,0.187991,0.707285,-0.0910954,-6.43186,-11.0009,-270.204,-6.43186,-11.0009,-270.204,0.106572
1352,1352,0A,0.684927,0.180438,0.700127,-0.0902132,-6.51397,-11.2991,-270.666,-6.51397,-11.2991,-270.666,0.105131
1360,1360,0A,0.693421,0.171951,0.694215,-0.0875517,-6.52906,-11.5861,-271.185,-6.52906,-11.5861,-271.185,0.108892
1368,1368,0A,0.701219,0.1631,0.688944,-0.0839353,-6.70683,-11.9255,-271.625,-6.70683,-11.9255,-271.625,0.104622
1376,1376,0A,0.708546,0.154209,0.683971,-0.0797837,-6.87403,-12.1454,-272.11,-6.87403,-12.1454,-272.11,0.113515
1384,1384,0A,0.715113,0.144736,0.67975,-0.0748617,-6.97066,-12.6485,-272.388,-6.97066,-12.6485,-272.388,0.119091
1392,1392,0A,0.720383,0.135115,0.676867,-0.0681331,-7.02971,-13.1153,-272.704,-7.02971,-13.1153,-272.704,0.127513
1400,1400,0A,0.724922,0.125441,0.674467,-0.0620258,-7.11096,-13.5578,-273.088,-7.11096,-13.5578,-273.088,0.127773
1408,1408,0A,0.729346,0.115904,0.671889,-0.0564338,-7.23693,-13.7526,-273.488,-7.23693,-13.7526,-273.488,0.131788
1416,1416,0A,0.733498,0.105626,0.66954,-0.0504034,-7.28977,-14.2076,-273.599,-7.28977,-14.2076,-273.599,0.131779
1424,1424,0A,0.736513,0.0938197,0.668527,-0.0426451,-7.3234,-14.7263,-273.84,-7.3234,-14.7263,-273.84,0.142446
1432,1432,0A,0.738464,0.0822055,0.668416,-0.0336552,-7.37771,-15.304,-273.964,-7.37771,-15.304,-273.964,0.153617
1440,1440,0A,0.739474,0.0699896,0.669075,-0.0248628,-7.51979,-15.6806,-274.166,-7.51979,-15.6806,-274.166,0.163714
1448,1448,0A,0.73976,0.0572203,0.670269,-0.0148683,-7.5193,-16.3623,-274.249,-7.5193,-16.3623,-274.249,0.161715
1456,1456,0A,0.738785,0.0440958,0.67248,-0.00479834,-7.59102,-16.8989,-274.352,-7.59102,-16.8989,-274.352,0.175464
1464,1464,0A,0.736686,0.0298897,0.675555,0.00505918,-7.64098,-17.6236,-274.254,-7.64098,-17.6236,-274.254,0.173596
1472,1472,0A,0.733361,0.0158993,0.679465,0.0160129,-7.66004,-18.2249,-274.32,-7.66004,-18.2249,-274.32,0.177104
1480,1480,0A,0.729994,0.00174975,0.682953,0.0261117,-7.4797,-18.8672,-274.221,-7.4797,-18.8672,-274.221,0.168659
1488,1488,0A,0.726159,-0.0109769,0.686445,0.0369671,-7.52515,-19.4107,-274.182,-7.52515,-19.4107,-274.182,0.177
1496,1496,0A,0.722181,-0.024042,0.689678,0.0471301,-7.34976,-20.0748,-274.032,-7.34976,-20.0748,-274.032,0.171113
1504,1504,0A,0.716562,-0.0370373,0.694127,0.0579188,-7.38275,-20.5743,-273.992,-7.38275,-20.5743,-273.992,0.177391
1512,1512,0A,0.71006,-0.0509888,0.699015,0.067778,-7.22355,-21.2965,-273.598,-7.22355,-21.2965,-273.598,0.170693
1520,1520,0A,0.702906,-0.064101,0.704072,0.0780819,-7.04117,-21.8333,-273.323,-7.04117,-21.8333,-273.323,0.167462
1528,1528,0A,0.695334,-0.0764644,0.709181,0.0879035,-6.86666,-22.5387,-272.995,-6.86666,-22.5387,-272.995,0.154128
1536,1536,0A,0.687298,-0.0869646,0.714625,0.0967971,-6.75226,-22.9555,-272.571,-6.75226,-22.9555,-272.571,0.146152
1544,1544,0A,0.678249,-0.0980052,0.720651,0.105053,-6.52452,-23.4184,-272.202,-6.52452,-23.4184,-272.202,0.150916
1552,1552,0A,0.667574,-0.107799,0.727897,0.113536,-6.37687,-23.8598,-271.741,-6.37687,-23.8598,-271.741,0.140537
1560,1560,0A,0.656414,-0.116579,0.735442,0.121058,-6.17583,-24.3007,-271.197,-6.17583,-24.3007,-271.197,0.134434
1568,1568,0A,0.646075,-0.122052,0.742747,0.126563,-5.99352,-24.5135,-270.757,-5.99352,-24.5135,-270.757,0.127322
1576,1576,0A,0.635481,-0.124309,0.750502,0.132134,-5.8423,-24.6946,-270.298,-5.8423,-24.6946,-270.298,0.128802
1584,1584,0A,0.624268,-0.12426,0.758944,0.137305,-5.64472,-24.8326,-269.797,-5.64472,-24.8326,-269.797,0.123909
1592,1592,0A,0.612459,-0.120645,0.768062,0.142901,-5.46471,-24.8309,-269.261,-5.46471,-24.8309,-269.261,0.128497
1600,1600,0A,0.599513,-0.116048,0.778024,0.147635,-5.37378,-24.7576,-268.721,-5.37378,-24.7576,-268.721,0.127223
1608,1608,0A,0.585493,-0.111645,0.788508,0.151625,-5.19739,-24.6508,-268.175,-5.19739,-24.6508,-268.175,0.143619
1616,1616,0A,0.571496,-0.10688,0.798925,0.153912,-5.03746,-24.5086,-267.395,-5.03746,-24.5086,-267.395,0.145697
1624,1624,0A,0.558406,-0.102233,0.808695,0.154092,-4.95457,-24.3773,-266.738,-4.95457,-24.3773,-266.738,0.148059
1632,1632,0A,0.545712,-0.0950761,0.817939,0.155355,-4.77956,-24.0975,-266.078,-4.77956,-24.0975,-266.078,0.153299
1640,1640,0A,0.533182,-0.0867389,0.826841,0.156614,-4.64455,-23.9013,-265.432,-4.64455,-23.9013,-265.432,0.156158
1648,1648,0A,0.521372,-0.0800606,0.835098,0.156123,-4.55913,-23.6735,-264.962,-4.55913,-23.6735,-264.962,0.162235
1656,1656,0A,0.511247,-0.0716846,0.842233,0.155344,-4.37996,-23.45,-264.383,-4.37996,-23.45,-264.383,0.160891
1664,1664,0A,0.502241,-0.0627621,0.8486,0.153929,-4.31146,-23.1609,-263.905,-4.31146,-23.1609,-263.905,0.15024
1672,1672,0A,0.49464,-0.0538007,0.853963,0.152259,-4.21936,-22.7187,-263.535,-4.21936,-22.7187,-263.535,0.155664
1680,1680,0A,0.489093,-0.0466868,0.858241,0.148427,-4.19793,-22.5031,-263.17,-4.19793,-22.5031,-263.17,0.161841
1688,1688,0A,0.486431,-0.0399316,0.860823,0.144135,-4.1728,-22.2434,-262.965,-4.1728,-22.2434,-262.965,0.159873
1696,1696,0A,0.486052,-0.0345959,0.861934,0.140093,-4.31234,-21.9273,-262.809,-4.31234,-21.9273,-262.809,0.16573
1704,1704,0A,0.489568,-0.032994,0.860899,0.134494,-4.36608,-21.7795,-262.869,-4.36608,-21.7795,-262.869,0.165281
1712,1712,0A,0.495049,-0.0331941,0.858514,0.129535,-4.46931,-21.601,-263.269,-4.46931,-21.601,-263.269,0.160648
1720,1720,0A,0.500747,-0.0356713,0.855598,0.126228,-4.47556,-21.6187,-263.403,-4.47556,-21.6187,-263.403,0.165505
1728,1728,0A,0.50607,-0.0395597,0.852501,0.124778,-4.65131,-21.6866,-263.62,-4.65131,-21.6866,-263.62,0.164976
1736,1736,0A,0.512462,-0.0459894,0.848549,0.123421,-4.69116,-21.7935,-264.01,-4.69116,-21.7935,-264.01,0.171767
1744,1744,0A,0.519157,-0.0550042,0.844102,0.122237,-4.77584,-22.0565,-264.225,-4.77584,-22.0565,-264.225,0.165431
1752,1752,0A,0.5271,-0.0651006,0.838551,0.121494,-4.80668,-22.3191,-264.655,-4.80668,-22.3191,-264.655,0.163853
1760,1760,0A,0.536636,-0.0752765,0.831762,0.120529,-4.90019,-22.5357,-265.243,-4.90019,-22.5357,-265.243,0.165091
1768,1768,0A,0.546249,-0.0852458,0.82452,0.120468,-4.95077,-22.893,-265.751,-4.95077,-22.893,-265.751,0.164466
1776,1776,0A,0.555824,-0.0934089,0.817005,0.121808,-5.09032,-23.1793,-266.142,-5.09032,-23.1793,-266.142,0.16394
1784,1784,0A,0.566951,-0.100952,0.808457,0.121544,-5.20257,-23.3601,-266.783,-5.20257,-23.3601,-266.783,0.163365
1792,1792,0A,0.579779,-0.108353,0.798798,0.118484,-5.35079,-23.5751,-267.481,-5.35079,-23.5751,-267.481,0.152647
1800,1800,0A,0.59488,-0.115266,0.787563,0.112139,-5.50743,-23.6812,-268.197,-5.50743,-23.6812,-268.197,0.142642
1808,1808,0A,0.610761,-0.11975,0.775606,0.105196,-5.69523,-23.7356,-269.06,-5.69523,-23.7356,-269.06,0.140524
1816,1816,0A,0.626664,-0.12132,0.763573,0.0976187,-5.92034,-23.7135,-269.736,-5.92034,-23.7135,-269.736,0.140556
1824,1824,0A,0.643196,-0.120986,0.751058,0.087025,-6.21337,-23.608,-270.409,-6.21337,-23.608,-270.409,0.132081
1832,1832,0A,0.661086,-0.117414,0.737422,0.0734097,-6.45183,-23.0652,-271.329,-6.45183,-23.0652,-271.329,0.144041
1840,1840,0A,0.677667,-0.111187,0.724457,0.0597246,-6.68556,-22.7311,-272.041,-6.68556,-22.7311,-272.041,0.140625
1848,1848,0A,0.692555,-0.101377,0.712636,0.0473275,-6.92731,-22.1942,-272.663,-6.92731,-22.1942,-272.663,0.145425
1856,1856,0A,0.706153,-0.0909939,0.701463,0.0319096,-7.18588,-21.615,-273.24,-7.18588,-21.615,-273.24,0.15976
1864,1864,0A,0.718112,-0.0800783,0.691152,0.0145734,-7.29963,-20.933,-273.732,-7.29963,-20.933,-273.732,0.176398
1872,1872,0A,0.727998,-0.0668198,0.682315,-0.000898786,-7.39438,-20.3304,-274.092,-7.39438,-20.3304,-274.092,0.179345
1880,1880,0A,0.736591,-0.0493937,0.674393,-0.0137421,-7.50897,-19.5624,-274.349,-7.50897,-19.5624,-274.349,0.179411
1888,1888,0A,0.743866,-0.0320365,0.666938,-0.0288364,-7.58742,-18.7095,-274.592,-7.58742,-18.7095,-274.592,0.189984
1896,1896,0A,0.74885,-0.0154839,0.660982,-0.0456951,-7.62559,-17.9403,-274.624,-7.62559,-17.9403,-274.624,0.187374
1904,1904,0A,0.75117,0.000200544,0.65715,-0.0624272,-7.61312,-17.0786,-274.62,-7.61312,-17.0786,-274.62,0.183683
1912,1912,0A,0.751275,0.0154111,0.655405,-0.0761084,-7.5541,-16.4454,-274.578,-7.5541,-16.4454,-274.578,0.171977
1920,1920,0A,0.749752,0.0313082,0.655401,-0.0856817,-7.40568,-15.7266,-274.508,-7.40568,-15.7266,-274.508,0.165432
1928,1928,0A,0.745946,0.0466064,0.657709,-0.0938748,-7.4761,-15.0932,-274.365,-7.4761,-15.0932,-274.365,0.158431
1936,1936,0A,0.740259,0.0597255,0.661888,-0.101755,-7.34093,-14.5076,-273.911,-7.34093,-14.5076,-273.911,0.144095
1944,1944,0A,0.732285,0.0711727,0.668686,-0.107478,-7.30137,-13.9869,-273.511,-7.30137,-13.9869,-273.511,0.139365
1952,1952,0A,0.723029,0.0817711,0.677141,-0.109648,-7.13419,-13.7846,-272.939,-7.13419,-13.7846,-272.939,0.121569
1960,1960,0A,0.711853,0.0925054,0.687642,-0.108889,-7.19009,-13.3554,-272.414,-7.19009,-13.3554,-272.414,0.117134
1968,1968,0A,0.699368,0.103123,0.699299,-0.105978,-7.10353,-13.0674,-271.781,-7.10353,-13.0674,-271.781,0.113637
1976,1976,0A,0.685282,0.113981,0.712243,-0.100536,-7.14283,-12.7888,-270.991,-7.14283,-12.7888,-270.991,0.108741
1984,1984,0A,0.670369,0.123629,0.725552,-0.0943159,-6.92497,-12.6272,-270.093,-6.92497,-12.6272,-270.093,0.117121
1992,1992,0A,0.654854,0.134071,0.738926,-0.0847267,-6.7696,-12.4477,-269.338,-6.7696,-12.4477,-269.338,0.129253
2000,2000,0A,0.638984,0.143918,0.752089,-0.0731422,-6.60584,-12.3796,-268.444,-6.60584,-12.3796,-268.444,0.126807
2008,2008,0A,0.62194,0.151386,0.765889,-0.0607201,-6.48276,-12.3618,-267.489,-6.48276,-12.3618,-267.489,0.126774
2016,2016,0A,0.603576,0.155586,0.780405,-0.0495775,-6.35435,-12.5799,-266.402,-6.35435,-12.5799,-266.402,0.126267
2024,2024,0A,0.584873,0.156761,0.794876,-0.03901,-6.20178,-12.8251,-265.43,-6.20178,-12.8251,-265.43,0.142797
2032,2032,0A,0.567485,0.156625,0.807892,-0.027188,-5.94908,-13.0744,-264.576,-5.94908,-13.0744,-264.576,0.140729
2040,2040,0A,0.551447,0.154937,0.819578,-0.0138939,-5.72258,-13.3302,-263.882,-5.72258,-13.3302,-263.882,0.1434
2048,2048,0A,0.535871,0.151456,0.830604,0.000510047,-5.49198,-13.7316,-263.29,-5.49198,-13.7316,-263.29,0.143167
2056,2056,0A,0.519916,0.143424,0.841979,0.0137104,-5.29572,-14.4623,-262.498,-5.29572,-14.4623,-262.498,0.146451
2064,2064,0A,0.506156,0.132235,0.851852,0.025847,-5.04912,-15.0054,-261.859,-5.04912,-15.0054,-261.859,0.149694
2072,2072,0A,0.495735,0.119397,0.859447,0.0366419,-4.89969,-15.5894,-261.47,-4.89969,-15.5894,-261.47,0.153298
2080,2080,0A,0.487841,0.107592,0.864866,0.0494235,-4.79279,-16.1172,-261.279,-4.79279,-16.1172,-261.279,0.152741
2088,2088,0A,0.481824,0.0946384,0.868947,0.0618193,-4.73278,-16.74,-261.225,-4.73278,-16.74,-261.225,0.149853
2096,2096,0A,0.479984,0.0801068,0.870698,0.0712926,-4.62033,-17.3874,-261.178,-4.62033,-17.3874,-261.178,0.150879
2104,2104,0A,0.48329,0.0649226,0.869622,0.0772878,-4.619,-17.7979,-261.625,-4.619,-17.7979,-261.625,0.152116
2112,2112,0A,0.489017,0.048936,0.867008,0.0822546,-4.71296,-18.3718,-262.097,-4.71296,-18.3718,-262.097,0.156594
2120,2120,0A,0.495201,0.0340623,0.863645,0.087937,-4.89585,-18.9314,-262.507,-4.89585,-18.9314,-262.507,0.165871
2128,2128,0A,0.503953,0.0185632,0.858747,0.0907747,-4.96576,-19.3905,-262.954,-4.96576,-19.3905,-262.954,0.156826
2136,2136,0A,0.516236,0.00308737,0.851722,0.089775,-5.10958,-19.5676,-263.727,-5.10958,-19.5676,-263.727,0.174302
2144,2144,0A,0.530206,-0.0104361,0.843285,0.0874265,-5.29125,-20.0059,-264.467,-5.29125,-20.0059,-264.467,0.172772
2152,2152,0A,0.544699,-0.0210421,0.833923,0.0862128,-5.49358,-20.1954,-265.326,-5.49358,-20.1954,-265.326,0.170364
2160,2160,0A,0.559617,-0.0311245,0.824016,0.0828165,-5.68569,-20.5267,-266.032,-5.68569,-20.5267,-266.032,0.164991
2168,2168,0A,0.574421,-0.0401265,0.813843,0.0780496,-5.82494,-20.6938,-266.8,-5.82494,-20.6938,-266.8,0.167484
2176,2176,0A,0.588738,-0.0455123,0.803635,0.0740847,-6.07451,-20.7703,-267.522,-6.07451,-20.7703,-267.522,0.166104
2184,2184,0A,0.603198,-0.0467624,0.79309,0.0705203,-6.28535,-20.798,-268.327,-6.28535,-20.798,-268.327,0.154632
2192,2192,0A,0.617993,-0.045108,0.782131,0.0657453,-6.48826,-20.6975,-269.028,-6.48826,-20.6975,-269.028,0.154359
2200,2200,0A,0.633049,-0.0417086,0.770788,0.0582711,-6.77098,-20.453,-269.791,-6.77098,-20.453,-269.791,0.146442
2208,2208,0A,0.649013,-0.0368086,0.758379,0.0478361,-6.92667,-20.1961,-270.569,-6.92667,-20.1961,-270.569,0.136526
2216,2216,0A,0.665991,-0.0300881,0.744607,0.0333444,-7.12504,-19.7443,-271.235,-7.12504,-19.7443,-271.235,0.130899
2224,2224,0A,0.68254,-0.021086,0.730365,0.0161996,-7.37319,-19.0034,-271.941,-7.37319,-19.0034,-271.941,0.131383
2232,2232,0A,0.697136,-0.0110332,0.716849,-0.00247729,-7.47926,-18.384,-272.6,-7.47926,-18.384,-272.6,0.138878
2240,2240,0A,0.708929,-0.000197633,0.704913,-0.0227374,-7.60506,-17.7256,-272.984,-7.60506,-17.7256,-272.984,0.133188
2248,2248,0A,0.71765,0.0103411,0.694865,-0.0451122,-7.59238,-16.9336,-273.204,-7.59238,-16.9336,-273.204,0.135382
2256,2256,0A,0.722517,0.0210486,0.687743,-0.0673598,-7.62407,-16.211,-273.354,-7.62407,-16.211,-273.354,0.140548
2264,2264,0A,0.723729,0.0312121,0.683584,-0.0891983,-7.53148,-15.5214,-273.46,-7.53148,-15.5214,-273.46,0.137613
2272,2272,0A,0.721511,0.0431618,0.682867,-0.106072,-7.40541,-14.8149,-273.175,-7.40541,-14.8149,-273.175,0.132673
2280,2280,0A,0.716401,0.0575815,0.685651,-0.115486,-7.39817,-14.1757,-272.829,-7.39817,-14.1757,-272.829,0.122508
2288,2288,0A,0.70897,0.0725485,0.691152,-0.120028,-7.2748,-13.6176,-272.325,-7.2748,-13.6176,-272.325,0.114088
2296,2296,0A,0.698921,0.0863487,0.699605,-0.120855,-7.18488,-13.1308,-271.832,-7.18488,-13.1308,-271.832,0.110531
2304,2304,0A,0.686246,0.0989138,0.71082,-0.118404,-7.16945,-12.8787,-271.136,-7.16945,-12.8787,-271.136,0.112408
2312,2312,0A,0.671664,0.111372,0.723779,-0.112284,-6.9623,-12.5471,-270.297,-6.9623,-12.5471,-270.297,0.120974
2320,2320,0A,0.654903,0.124638,0.73822,-0.102952,-6.83139,-12.2178,-269.356,-6.83139,-12.2178,-269.356,0.125695
2328,2328,0A,0.636473,0.134818,0.753796,-0.0922937,-6.56707,-12.2837,-268.236,-6.56707,-12.2837,-268.236,0.124138
2336,2336,0A,0.617543,0.143289,0.76933,-0.0789906,-6.38849,-12.2274,-267.16,-6.38849,-12.2274,-267.16,0.137054
2344,2344,0A,0.598963,0.149236,0.784114,-0.0643209,-6.24235,-12.1787,-266.248,-6.24235,-12.1787,-266.248,0.144213
2352,2352,0A,0.579632,0.148289,0.799573,-0.0521656,-6.13247,-12.4644,-265.311,-6.13247,-12.4644,-265.311,0.147038
2360,2360,0A,0.559448,0.142855,0.815547,-0.0386491,-5.82827,-12.9619,-264.264,-5.82827,-12.9619,-264.264,0.141688
2368,2368,0A,0.538359,0.13297,0.831827,-0.0235069,-5.54721,-13.6829,-263.198,-5.54721,-13.6829,-263.198,0.150729
2376,2376,0A,0.519364,0.118499,0.84624,-0.00986991,-5.22579,-14.4422,-262.202,-5.22579,-14.4422,-262.202,0.152011
2384,2384,0A,0.505126,0.0995522,0.857285,-0.000587374,-5.02046,-15.0296,-261.604,-5.02046,-15.0296,-261.604,0.160638
2392,2392,0A,0.495799,0.0795663,0.864744,0.00835608,-4.84348,-15.6423,-261.351,-4.84348,-15.6423,-261.351,0.159341
2400,2400,0A,0.489905,0.0609519,0.869421,0.0196493,-4.75645,-16.3017,-261.294,-4.75645,-16.3017,-261.294,0.163694
2408,2408,0A,0.487748,0.0407445,0.871528,0.0296953,-4.69668,-17.0046,-261.287,-4.69668,-17.0046,-261.287,0.170616
2416,2416,0A,0.490069,0.0219888,0.870564,0.0383145,-4.69105,-17.669,-261.517,-4.69105,-17.669,-261.517,0.169163
2424,2424,0A,0.497008,0.00457843,0.866592,0.0444969,-4.8521,-18.2532,-262.019,-4.8521,-18.2532,-262.019,0.165726
2432,2432,0A,0.507853,-0.00992228,0.859943,0.0498469,-4.93622,-18.8295,-262.689,-4.93622,-18.8295,-262.689,0.171263
2440,2440,0A,0.519964,-0.0197313,0.852045,0.0571745,-5.17761,-19.2908,-263.574,-5.17761,-19.2908,-263.574,0.175049
2448,2448,0A,0.533285,-0.0294308,0.843079,0.0629222,-5.30523,-19.6738,-264.421,-5.30523,-19.6738,-264.421,0.181399
2456,2456,0A,0.547623,-0.0363675,0.833196,0.0676048,-5.57228,-20.1131,-265.183,-5.57228,-20.1131,-265.183,0.176654
2464,2464,0A,0.563193,-0.0415998,0.822282,0.0702678,-5.83807,-20.2981,-266.172,-5.83807,-20.2981,-266.172,0.177712
2472,2472,0A,0.578944,-0.0452169,0.810978,0.0713647,-6.00792,-20.6158,-267.019,-6.00792,-20.6158,-267.019,0.163649
2480,2480,0A,0.594108,-0.0464387,0.79978,0.0723334,-6.17224,-20.7039,-267.877,-6.17224,-20.7039,-267.877,0.159333
2488,2488,0A,0.609342,-0.0467467,0.78847,0.0695112,-6.42978,-20.8017,-268.614,-6.42978,-20.8017,-268.614,0.146061
2496,2496,0A,0.626044,-0.0459214,0.776007,0.0614288,-6.59708,-20.5141,-269.526,-6.59708,-20.5141,-269.526,0.145268
2504,2504,0A,0.642047,-0.0420239,0.76382,0.0508759,-6.82026,-20.1655,-270.396,-6.82026,-20.1655,-270.396,0.141231
2512,2512,0A,0.654934,-0.0379222,0.753709,0.0393277,-7.07615,-19.946,-270.903,-7.07615,-19.946,-270.903,0.133773
2520,2520,0A,0.666439,-0.0326076,0.744398,0.0258429,-7.15886,-19.5684,-271.395,-7.15886,-19.5684,-271.395,0.136853
2528,2528,0A,0.677408,-0.0244828,0.735124,0.0106203,-7.27227,-18.8101,-271.938,-7.27227,-18.8101,-271.938,0.136636
2536,2536,0A,0.686848,-0.0148133,0.726633,-0.00507106,-7.4351,-18.354,-272.179,-7.4351,-18.354,-272.179,0.138058
2544,2544,0A,0.693846,-0.00292952,0.719949,-0.0155468,-7.50066,-17.9885,-272.329,-7.50066,-17.9885,-272.329,0.133795
2552,2552,0A,0.69948,0.010277,0.714171,-0.024135,-7.50767,-17.363,-272.617,-7.50767,-17.363,-272.617,0.132095
2560,2560,0A,0.703689,0.0227332,0.709292,-0.0347802,-7.54158,-16.7191,-272.742,-7.54158,-16.7191,-272.742,0.128291
2568,2568,0A,0.706015,0.033514,0.70587,-0.0465495,-7.49973,-16.1717,-272.699,-7.49973,-16.1717,-272.699,0.130152
2576,2576,0A,0.70564,0.0447079,0.705087,-0.054088,-7.50925,-15.5867,-272.652,-7.50925,-15.5867,-272.652,0.125646
2584,2584,0A,0.702871,0.0553439,0.706949,-0.0559748,-7.40179,-15.3021,-272.393,-7.40179,-15.3021,-272.393,0.12356
2592,2592,0A,0.697122,0.0664254,0.711903,-0.0529501,-7.36487,-14.9803,-271.987,-7.36487,-14.9803,-271.987,0.122808
2600,2600,0A,0.687815,0.0760856,0.720435,-0.0457684,-7.37553,-14.7652,-271.612,-7.37553,-14.7652,-271.612,0.119454
2608,2608,0A,0.675477,0.0822175,0.731857,-0.0368418,-7.27649,-14.7519,-270.918,-7.27649,-14.7519,-270.918,0.125991
2616,2616,0A,0.660938,0.0836999,0.745199,-0.0288712,-7.20256,-14.931,-270.158,-7.20256,-14.931,-270.158,0.136245
2624,2624,0A,0.645729,0.0816658,0.758885,-0.0214132,-7.00903,-15.1578,-269.35,-7.00903,-15.1578,-269.35,0.146293
2632,2632,0A,0.630407,0.0794431,0.772124,-0.00998729,-6.85717,-15.3785,-268.659,-6.85717,-15.3785,-268.659,0.139839
2640,2640,0A,0.614724,0.0782261,0.784827,0.00642453,-6.74351,-15.8285,-267.839,-6.74351,-15.8285,-267.839,0.135596
2648,2648,0A,0.599284,0.0745588,0.796738,0.0225598,-6.61066,-16.3803,-267.166,-6.61066,-16.3803,-267.166,0.146172
2656,2656,0A,0.586525,0.0627972,0.806925,0.0302872,-6.41853,-16.8328,-266.521,-6.41853,-16.8328,-266.521,0.146736
2664,2664,0A,0.577665,0.0407602,0.814736,0.0291098,-6.21544,-17.2473,-266.098,-6.21544,-17.2473,-266.098,0.164149
2672,2672,0A,0.57262,0.0142984,0.819356,0.0236211,-6.14822,-17.7519,-265.83,-6.14822,-17.7519,-265.83,0.16578
2680,2680,0A,0.570607,-0.0177673,0.820937,0.0124227,-6.0645,-18.1185,-265.887,-6.0645,-18.1185,-265.887,0.172101
2688,2688,0A,0.570125,-0.0524427,0.819881,-0.0017516,-6.05353,-18.7683,-265.673,-6.05353,-18.7683,-265.673,0.187972
2696,2696,0A,0.571029,-0.0867128,0.816174,-0.0163516,-6.0253,-19.2099,-265.83,-6.0253,-19.2099,-265.83,0.189017
2704,2704,0A,0.573643,-0.128908,0.807787,-0.0423864,-5.98254,-19.6785,-265.904,-5.98254,-19.6785,-265.904,0.192181
2712,2712,0A,0.578281,-0.175238,0.792982,-0.0778591,-5.9557,-19.9507,-266.206,-5.9557,-19.9507,-266.206,0.190296
2720,2720,0A,0.584362,-0.217394,0.773338,-0.114932,-6.09861,-20.0897,-266.774,-6.09861,-20.0897,-266.774,0.188489
2728,2728,0A,0.591083,-0.251996,0.752312,-0.145414,-6.28593,-20.2832,-267.635,-6.28593,-20.2832,-267.635,0.180821
2736,2736,0A,0.598181,-0.279586,0.731057,-0.171953,-6.41996,-20.6507,-268.14,-6.41996,-20.6507,-268.14,0.169456
2744,2744,0A,0.604558,-0.305007,0.70779,-0.20128,-6.63798,-20.9087,-268.726,-6.63798,-20.9087,-268.726,0.156015
2752,2752,0A,0.609546,-0.329479,0.680914,-0.23718,-6.74491,-21.0825,-269.488,-6.74491,-21.0825,-269.488,0.131545
2760,2760,0A,0.612683,-0.35033,0.652893,-0.274988,-6.90892,-21.1014,-270.251,-6.90892,-21.1014,-270.251,0.115025
2768,2768,0A,0.612018,-0.371108,0.623541,-0.314498,-7.12511,-21.2877,-270.743,-7.12511,-21.2877,-270.743,0.104029
2776,2776,0A,0.608472,-0.388313,0.594645,-0.354081,-7.3491,-21.0299,-271.45,-7.3491,-21.0299,-271.45,0.0910365
2784,2784,0A,0.603278,-0.400779,0.567956,-0.390972,-7.41476,-21.1579,-271.827,-7.41476,-21.1579,-271.827,0.0814249
2792,2792,0A,0.59653,-0.408709,0.546184,-0.422838,-7.66002,-20.919,-272.167,-7.66002,-20.919,-272.167,0.0639884
2800,2800,0A,0.588753,-0.415136,0.528012,-0.449706,-7.75336,-20.9551,-272.404,-7.75336,-20.9551,-272.404,0.0592779
2808,2808,0A,0.580001,-0.41933,0.513151,-0.473749,-7.87288,-20.5933,-272.626,-7.87288,-20.5933,-272.626,0.0625277
2816,2816,0A,0.57174,-0.421227,0.50137,-0.494276,-7.87624,-20.4467,-272.677,-7.87624,-20.4467,-272.677,0.0557344
2824,2824,0A,0.563631,-0.422523,0.493135,-0.510502,-7.99116,-20.111,-272.898,-7.99116,-20.111,-272.898,0.0632036
2832,2832,0A,0.556558,-0.424102,0.488137,-0.521635,-7.98734,-20.1496,-272.723,-7.98734,-20.1496,-272.723,0.069358
2840,2840,0A,0.549746,-0.426368,0.486436,-0.528554,-8.14173,-19.9196,-272.734,-8.14173,-19.9196,-272.734,0.0721601
2848,2848,0A,0.543758,-0.428904,0.485996,-0.533083,-8.08391,-19.8928,-272.612,-8.08391,-19.8928,-272.612,0.0694305
2856,2856,0A,0.538452,-0.430963,0.487773,-0.53518,-8.16027,-19.691,-272.547,-8.16027,-19.691,-272.547,0.0799579
2864,2864,0A,0.532754,-0.433737,0.489664,-0.536913,-8.07598,-19.6581,-272.406,-8.07598,-19.6581,-272.406,0.0893473
2872,2872,0A,0.528157,-0.435472,0.494002,-0.536075,-8.09026,-19.3984,-272.216,-8.09026,-19.3984,-272.216,0.088054
2880,2880,0A,0.524678,-0.436469,0.500029,-0.533085,-7.92966,-19.2176,-272.045,-7.92966,-19.2176,-272.045,0.101839
2888,2888,0A,0.52339,-0.436049,0.510204,-0.524992,-7.95056,-19.0754,-271.78,-7.95056,-19.0754,-271.78,0.0989555
2896,2896,0A,0.523933,-0.434593,0.524047,-0.511857,-7.86395,-19.1076,-271.42,-7.86395,-19.1076,-271.42,0.0958932
2904,2904,0A,0.53052,-0.425255,0.547379,-0.487937,-7.86695,-18.9593,-271.066,-7.86695,-18.9593,-271.066,0.111486
2912,2912,0A,0.542014,-0.407512,0.577744,-0.454276,-7.57215,-18.9288,-270.661,-7.57215,-18.9288,-270.661,0.112952
2920,2920,0A,0.552258,-0.386478,0.61016,-0.416355,-7.51795,-18.7317,-270.214,-7.51795,-18.7317,-270.214,0.132943
2928,2928,0A,0.561959,-0.360482,0.644231,-0.373124,-7.26818,-18.7583,-269.428,-7.26818,-18.7583,-269.428,0.144851
2936,2936,0A,0.571542,-0.327221,0.680005,-0.322272,-7.14433,-18.5637,-268.948,-7.14433,-18.5637,-268.948,0.157108
2944,2944,0A,0.578624,-0.289166,0.713806,-0.268436,-6.88223,-18.529,-268.335,-6.88223,-18.529,-268.335,0.17358
2952,2952,0A,0.582764,-0.245802,0.744789,-0.212738,-6.67124,-18.7536,-267.348,-6.67124,-18.7536,-267.348,0.193054
2960,2960,0A,0.580318,-0.212771,0.767382,-0.170539,-6.49973,-18.5906,-266.908,-6.49973,-18.5906,-266.908,0.184022
2968,2968,0A,0.574952,-0.18508,0.7853,-0.135937,-6.22144,-18.6011,-266.317,-6.22144,-18.6011,-266.317,0.193324
2976,2976,0A,0.569642,-0.149992,0.802247,-0.097004,-6.06571,-18.4914,-265.831,-6.06571,-18.4914,-265.831,0.19394
2984,2984,0A,0.563748,-0.10786,0.817128,-0.0534374,-5.92143,-18.5399,-265.399,-5.92143,-18.5399,-265.399,0.200433
2992,2992,0A,0.555986,-0.0582254,0.829133,-0.00539589,-5.85975,-18.5115,-265.045,-5.85975,-18.5115,-265.045,0.192287
3000,3000,0A,0.544761,-0.0152511,0.837774,0.033728,-5.79732,-18.5401,-264.56,-5.79732,-18.5401,-264.56,0.17058
3008,3008,0A,0.532359,0.0112044,0.844552,0.0565819,-5.55899,-18.4721,-263.997,-5.55899,-18.4721,-263.997,0.164113
3016,3016,0A,0.519578,0.0328127,0.850594,0.0738404,-5.33249,-18.4219,-263.583,-5.33249,-18.4219,-263.583,0.165123
3024,3024,0A,0.507208,0.0528339,0.855633,0.0885522,-5.13627,-18.3417,-263.021,-5.13627,-18.3417,-263.021,0.155184
3032,3032,0A,0.495639,0.0674166,0.860317,0.0982461,-5.03872,-18.2678,-262.562,-5.03872,-18.2678,-262.562,0.150684
3040,3040,0A,0.486107,0.0776377,0.864237,0.103771,-4.79987,-18.1972,-262.173,-4.79987,-18.1972,-262.173,0.144622
3048,3048,0A,0.478621,0.0847196,0.867375,0.106796,-4.69166,-18.2077,-261.772,-4.69166,-18.2077,-261.772,0.142162
3056,3056,0A,0.473846,0.0919009,0.868844,0.110156,-4.58337,-18.2407,-261.517,-4.58337,-18.2407,-261.517,0.142562
3064,3064,0A,0.471076,0.0981441,0.869235,0.113515,-4.61771,-18.0199,-261.524,-4.61771,-18.0199,-261.524,0.146437
3072,3072,0A,0.470691,0.103278,0.868587,0.115503,-4.6125,-17.8817,-261.548,-4.6125,-17.8817,-261.548,0.134117
3080,3080,0A,0.471577,0.105437,0.867934,0.114843,-4.66211,-17.8779,-261.558,-4.66211,-17.8779,-261.558,0.136684
3088,3088,0A,0.472702,0.109413,0.8667,0.115815,-4.63982,-17.764,-261.681,-4.63982,-17.764,-261.681,0.137431
3096,3096,0A,0.473522,0.114055,0.865443,0.117374,-4.70512,-17.7986,-261.686,-4.70512,-17.7986,-261.686,0.130359
3104,3104,0A,0.47491,0.117789,0.864017,0.118582,-4.70027,-17.7891,-261.74,-4.70027,-17.7891,-261.74,0.136579
3112,3112,0A,0.476761,0.120729,0.862483,0.119361,-4.70727,-17.672,-261.927,-4.70727,-17.672,-261.927,0.140425
3120,3120,0A,0.478398,0.123328,0.861101,0.120131,-4.7813,-17.4934,-262.002,-4.7813,-17.4934,-262.002,0.13314
3128,3128,0A,0.4798,0.123819,0.860388,0.119137,-4.85755,-17.581,-261.976,-4.85755,-17.581,-261.976,0.131172
3136,3136,0A,0.480802,0.125652,0.859445,0.119984,-4.84342,-17.5259,-262.104,-4.84342,-17.5259,-262.104,0.132521
3144,3144,0A,0.481894,0.127117,0.858535,0.120573,-4.85655,-17.5739,-262.167,-4.85655,-17.5739,-262.167,0.134306
3152,3152,0A,0.483284,0.12922,0.857236,0.122011,-4.85339,-17.4295,-262.253,-4.85339,-17.4295,-262.253,0.132238
3160,3160,0A,0.484992,0.130485,0.856012,0.122475,-4.94655,-17.4218,-262.408,-4.94655,-17.4218,-262.408,0.131266
3168,3168,0A,0.486564,0.130473,0.85508,0.122762,-4.9294,-17.3976,-262.501,-4.9294,-17.3976,-262.501,0.135394
3176,3176,0A,0.487948,0.130308,0.854305,0.122842,-4.99865,-17.4777,-262.534,-4.99865,-17.4777,-262.534,0.128005
3184,3184,0A,0.489519,0.129759,0.853536,0.122512,-5.06927,-17.516,-262.565,-5.06927,-17.516,-262.565,0.129862
3192,3192,0A,0.491058,0.129872,0.852552,0.123089,-5.06214,-17.4363,-262.725,-5.06214,-17.4363,-262.725,0.13476
3200,3200,0A,0.491975,0.131436,0.851618,0.124225,-5.11819,-17.5557,-262.672,-5.11819,-17.5557,-262.672,0.129998
3208,3208,0A,0.492234,0.133095,0.851001,0.12565,-5.16591,-17.5291,-262.725,-5.16591,-17.5291,-262.725,0.137833
3216,3216,0A,0.492265,0.133091,0.851002,0.125525,-5.10999,-17.5617,-262.763,-5.10999,-17.5617,-262.763,0.135423
3224,3224,0A,0.492113,0.13371,0.851007,0.125437,-5.0585,-17.5966,-262.707,-5.0585,-17.5966,-262.707,0.131463
3232,3232,0A,0.491923,0.135487,0.85072,0.126222,-5.11526,-17.5027,-262.782,-5.11526,-17.5027,-262.782,0.132473
3240,3240,0A,0.492474,0.136705,0.850165,0.126497,-5.13358,-17.3994,-262.837,-5.13358,-17.3994,-262.837,0.140228
3248,3248,0A,0.493487,0.139672,0.848968,0.127342,-5.16518,-17.3301,-262.901,-5.16518,-17.3301,-262.901,0.138027
3256,3256,0A,0.494934,0.140961,0.848059,0.126353,-5.16809,-17.2835,-262.923,-5.16809,-17.2835,-262.923,0.129567
3264,3264,0A,0.49655,0.142999,0.846887,0.125587,-5.17726,-17.1912,-262.984,-5.17726,-17.1912,-262.984,0.135564
3272,3272,0A,0.497988,0.145786,0.845673,0.124864,-5.21078,-17.2249,-262.99,-5.21078,-17.2249,-262.99,0.134907
3280,3280,0A,0.498828,0.148367,0.844786,0.124475,-5.27132,-17.1792,-262.991,-5.27132,-17.1792,-262.991,0.134304
3288,3288,0A,0.499343,0.151451,0.843879,0.124851,-5.23732,-17.0564,-263,-5.23732,-17.0564,-263,0.125601
3296,3296,0A,0.499707,0.153183,0.843439,0.124248,-5.25676,-16.955,-263.02,-5.25676,-16.955,-263.02,0.13079
3304,3304,0A,0.499638,0.155685,0.842948,0.12475,-5.29275,-16.9525,-263.052,-5.29275,-16.9525,-263.052,0.123222
3312,3312,0A,0.500055,0.155882,0.842778,0.123979,-5.28574,-16.9809,-263.045,-5.28574,-16.9809,-263.045,0.131419
