64,64,0A,0.234549,0.654336,0.343363,0.631612,98.1674,-76.709,-240.279,98.1674,-76.709,-240.279,0.170244
72,72,0A,0.236556,0.655552,0.341029,0.630867,98.1102,-76.5622,-240.235,98.1102,-76.5622,-240.235,0.173597
80,80,0A,0.237201,0.657381,0.338957,0.629837,98.2157,-76.4108,-240.269,98.2157,-76.4108,-240.269,0.182365
88,88,0A,0.238745,0.659186,0.337912,0.627925,98.1055,-76.3991,-240.066,98.1055,-76.3991,-240.066,0.180412
96,96,0A,0.239298,0.661189,0.336479,0.626377,98.1803,-76.324,-240.117,98.1803,-76.324,-240.117,0.173048
104,104,0A,0.240042,0.6633,0.334689,0.624816,98.1334,-76.1578,-239.964,98.1334,-76.1578,-239.964,0.170355
112,112,0A,0.242184,0.664602,0.33337,0.623311,98.1776,-76.1456,-239.919,98.1776,-76.1456,-239.919,0.175789
120,120,0A,0.243507,0.66648,0.33107,0.622014,98.0873,-75.9241,-239.903,98.0873,-75.9241,-239.903,0.183937
128,128,0A,0.245988,0.668287,0.329296,0.620038,98.1339,-75.7986,-239.817,98.1339,-75.7986,-239.817,0.173813
136,136,0A,0.24902,0.669988,0.327976,0.617687,98.1279,-75.7317,-239.691,98.1279,-75.7317,-239.691,0.183029
144,144,0A,0.251202,0.671414,0.325389,0.616622,98.0936,-75.6892,-239.714,98.0936,-75.6892,-239.714,0.173717
152,152,0A,0.252988,0.67359,0.32313,0.614704,98.1353,-75.4313,-239.749,98.1353,-75.4313,-239.749,0.175866
160,160,0A,0.255166,0.676946,0.320354,0.611562,98.288,-75.2578,-239.544,98.288,-75.2578,-239.544,0.176299
168,168,0A,0.258223,0.679642,0.31863,0.60818,98.193,-75.1428,-239.324,98.193,-75.1428,-239.324,0.169597
176,176,0A,0.259948,0.680013,0.317953,0.607384,98.322,-74.98,-239.343,98.322,-74.98,-239.343,0.17306
184,184,0A,0.260951,0.677602,0.319856,0.608648,98.1956,-74.9979,-239.438,98.1956,-74.9979,-239.438,0.166468
192,192,0A,0.261747,0.673978,0.321728,0.611337,98.113,-75.3239,-239.66,98.113,-75.3239,-239.66,0.163505
200,200,0A,0.262063,0.672353,0.321649,0.613031,98.015,-75.2797,-239.891,98.015,-75.2797,-239.891,0.17608
208,208,0A,0.262943,0.673512,0.319605,0.61245,98.1594,-75.2,-239.767,98.1594,-75.2,-239.767,0.181905
216,216,0A,0.263964,0.676085,0.317764,0.61013,98.1267,-74.9815,-239.568,98.1267,-74.9815,-239.568,0.184003
224,224,0A,0.264618,0.677992,0.315843,0.608727,98.1314,-75.0331,-239.476,98.1314,-75.0331,-239.476,0.167273
232,232,0A,0.264897,0.678739,0.315009,0.608204,97.9624,-74.9084,-239.514,97.9624,-74.9084,-239.514,0.170397
240,240,0A,0.265412,0.679205,0.313376,0.608304,98.1812,-74.8713,-239.547,98.1812,-74.8713,-239.547,0.176606
248,248,0A,0.264937,0.680888,0.310528,0.608089,98.1137,-74.7146,-239.481,98.1137,-74.7146,-239.481,0.177954
256,256,0A,0.265943,0.681314,0.308779,0.608064,98.2715,-74.8033,-239.423,98.2715,-74.8033,-239.423,0.171417
264,264,0A,0.266237,0.681301,0.30809,0.608299,98.1115,-74.7255,-239.453,98.1115,-74.7255,-239.453,0.174767
272,272,0A,0.267059,0.68102,0.306589,0.609011,98.1091,-74.7669,-239.593,98.1091,-74.7669,-239.593,0.160501
280,280,0A,0.268092,0.681687,0.30454,0.608839,98.1261,-74.5984,-239.635,98.1261,-74.5984,-239.635,0.172916
288,288,0A,0.268493,0.683665,0.300694,0.608356,98.2184,-74.4743,-239.495,98.2184,-74.4743,-239.495,0.173367
296,296,0A,0.268773,0.685451,0.296724,0.608172,98.1179,-74.3522,-239.532,98.1179,-74.3522,-239.532,0.17919
304,304,0A,0.26887,0.686491,0.292488,0.609007,98.1288,-74.2432,-239.463,98.1288,-74.2432,-239.463,0.17355
312,312,0A,0.269811,0.686653,0.290936,0.609151,98.1646,-74.1689,-239.617,98.1646,-74.1689,-239.617,0.178395
320,320,0A,0.270879,0.686143,0.290784,0.609326,98.1503,-74.2618,-239.507,98.1503,-74.2618,-239.507,0.162098
328,328,0A,0.271079,0.685115,0.291327,0.610134,98.1633,-74.125,-239.644,98.1633,-74.125,-239.644,0.168207
336,336,0A,0.270075,0.684061,0.291224,0.611807,98.1659,-74.2339,-239.603,98.1659,-74.2339,-239.603,0.165187
344,344,0A,0.268092,0.681879,0.292645,0.614432,98.1963,-74.3271,-239.744,98.1963,-74.3271,-239.744,0.179818
352,352,0A,0.266187,0.678552,0.295769,0.617441,98.1985,-74.6108,-239.865,98.1985,-74.6108,-239.865,0.178076
360,360,0A,0.263601,0.675284,0.299495,0.62033,98.1481,-74.7926,-240.05,98.1481,-74.7926,-240.05,0.183986
368,368,0A,0.261086,0.67293,0.302606,0.622438,98.1439,-74.9664,-240.104,98.1439,-74.9664,-240.104,0.174334
376,376,0A,0.257455,0.671838,0.305468,0.623732,98.2536,-75.0382,-240.163,98.2536,-75.0382,-240.163,0.186629
384,384,0A,0.252474,0.670732,0.308839,0.625296,98.2156,-75.3221,-240.042,98.2156,-75.3221,-240.042,0.181305
392,392,0A,0.244781,0.668237,0.313505,0.628694,98.2513,-75.6121,-240.158,98.2513,-75.6121,-240.158,0.179429
400,400,0A,0.237243,0.664807,0.320137,0.63187,98.003,-76.1329,-240.094,98.003,-76.1329,-240.094,0.168829
408,408,0A,0.22911,0.66359,0.323457,0.634455,98.1207,-76.3043,-240.312,98.1207,-76.3043,-240.312,0.186386
416,416,0A,0.224317,0.665415,0.325663,0.633126,98.1048,-76.4414,-240.006,98.1048,-76.4414,-240.006,0.175455
424,424,0A,0.220359,0.667909,0.327709,0.63083,98.3374,-76.5718,-239.836,98.3374,-76.5718,-239.836,0.166373
432,432,0A,0.214899,0.668672,0.330868,0.630256,98.2314,-76.693,-239.67,98.2314,-76.693,-239.67,0.164162
440,440,0A,0.208364,0.666484,0.336098,0.631999,98.3361,-76.9724,-239.761,98.3361,-76.9724,-239.761,0.169438
448,448,0A,0.201161,0.664067,0.341562,0.633944,98.1748,-77.2833,-239.728,98.1748,-77.2833,-239.728,0.165624
456,456,0A,0.195107,0.661796,0.346361,0.635605,98.4928,-77.552,-239.827,98.4928,-77.552,-239.827,0.17747
464,464,0A,0.190581,0.660258,0.351763,0.635611,98.4446,-77.7292,-239.632,98.4446,-77.7292,-239.632,0.171666
472,472,0A,0.186166,0.657931,0.357068,0.636374,98.4952,-78.1828,-239.703,98.4952,-78.1828,-239.703,0.161603
480,480,0A,0.179736,0.65499,0.361148,0.638948,98.4174,-78.3779,-239.737,98.4174,-78.3779,-239.737,0.162923
488,488,0A,0.174482,0.650835,0.365992,0.641888,98.3741,-78.7709,-239.827,98.3741,-78.7709,-239.827,0.15982
496,496,0A,0.170107,0.64711,0.370365,0.644315,98.2945,-78.9279,-239.89,98.2945,-78.9279,-239.89,0.157615
504,504,0A,0.169437,0.644039,0.375197,0.644773,98.5822,-79.2249,-240.017,98.5822,-79.2249,-240.017,0.158052
512,512,0A,0.168098,0.643434,0.37818,0.643985,98.5815,-79.119,-239.978,98.5815,-79.119,-239.978,0.158548
520,520,0A,0.167668,0.64319,0.380552,0.642942,98.6017,-79.3277,-239.94,98.6017,-79.3277,-239.94,0.14918
528,528,0A,0.166159,0.642677,0.38281,0.642507,98.5878,-79.3798,-239.928,98.5878,-79.3798,-239.928,0.163531
536,536,0A,0.165243,0.640574,0.386384,0.642703,98.6612,-79.675,-239.858,98.6612,-79.675,-239.858,0.149598
544,544,0A,0.161695,0.63779,0.390329,0.643989,98.6817,-79.6254,-240.006,98.6817,-79.6254,-240.006,0.15501
552,552,0A,0.158275,0.633766,0.395773,0.645488,98.7021,-80.1314,-239.934,98.7021,-80.1314,-239.934,0.142233
560,560,0A,0.150814,0.629581,0.399665,0.648961,98.799,-80.3592,-240.11,98.799,-80.3592,-240.11,0.164511
568,568,0A,0.141833,0.625325,0.403231,0.652884,98.886,-80.82,-240.19,98.886,-80.82,-240.19,0.150527
576,576,0A,0.13129,0.621546,0.406308,0.656778,98.832,-80.9929,-240.331,98.832,-80.9929,-240.331,0.150657
584,584,0A,0.123547,0.618198,0.409687,0.659336,98.7838,-81.49,-240.286,98.7838,-81.49,-240.286,0.137617
592,592,0A,0.117444,0.616221,0.411562,0.661131,99.0343,-81.4811,-240.493,99.0343,-81.4811,-240.493,0.142753
600,600,0A,0.116381,0.615947,0.413554,0.660332,98.9103,-81.812,-240.297,98.9103,-81.812,-240.297,0.137382
608,608,0A,0.11538,0.616579,0.414056,0.659603,99.0871,-81.6111,-240.383,99.0871,-81.6111,-240.383,0.154538
616,616,0A,0.115991,0.617155,0.415246,0.658207,99.0914,-81.7885,-240.189,99.0914,-81.7885,-240.189,0.143014
624,624,0A,0.114566,0.616922,0.417199,0.657439,99.1666,-81.6785,-240.242,99.1666,-81.6785,-240.242,0.153158
632,632,0A,0.113124,0.616014,0.419818,0.656874,99.0606,-81.8373,-240.049,99.0606,-81.8373,-240.049,0.144211
640,640,0A,0.109822,0.615131,0.421129,0.657422,99.2167,-81.8952,-240.249,99.2167,-81.8952,-240.249,0.144296
648,648,0A,0.106907,0.614457,0.42231,0.657775,99.0688,-82.1374,-240.067,99.0688,-82.1374,-240.067,0.134659
656,656,0A,0.104272,0.613405,0.423747,0.658256,99.2625,-82.1072,-240.207,99.2625,-82.1072,-240.207,0.136924
664,664,0A,0.102668,0.613382,0.425351,0.657495,99.2673,-82.2673,-240.11,99.2673,-82.2673,-240.11,0.139965
672,672,0A,0.100769,0.613461,0.426636,0.656882,99.3571,-82.2528,-240.205,99.3571,-82.2528,-240.205,0.15289
680,680,0A,0.10029,0.613221,0.427865,0.656379,99.1205,-82.4024,-240.012,99.1205,-82.4024,-240.012,0.138175
688,688,0A,0.101482,0.611437,0.429486,0.656801,99.3669,-82.4388,-240.202,99.3669,-82.4388,-240.202,0.146867
696,696,0A,0.103798,0.609505,0.431713,0.656775,99.2159,-82.5527,-240.041,99.2159,-82.5527,-240.041,0.133489
704,704,0A,0.104085,0.607449,0.433024,0.65777,99.2144,-82.4681,-240.234,99.2144,-82.4681,-240.234,0.133103
712,712,0A,0.104291,0.605252,0.434853,0.658557,99.1781,-82.5859,-240.22,99.1781,-82.5859,-240.22,0.13719
720,720,0A,0.102498,0.60354,0.435318,0.660101,99.314,-82.5696,-240.421,99.314,-82.5696,-240.421,0.134091
728,728,0A,0.100615,0.602242,0.435869,0.661211,99.2403,-82.6874,-240.325,99.2403,-82.6874,-240.325,0.135472
736,736,0A,0.0982729,0.600996,0.436442,0.662317,99.3904,-82.8117,-240.465,99.3904,-82.8117,-240.465,0.138863
744,744,0A,0.095391,0.600258,0.436856,0.663136,99.2502,-82.9126,-240.334,99.2502,-82.9126,-240.334,0.130277
752,752,0A,0.0929713,0.598631,0.43823,0.664042,99.3974,-83.077,-240.467,99.3974,-83.077,-240.467,0.134308
760,760,0A,0.0895103,0.598128,0.438887,0.664537,99.356,-83.1178,-240.447,99.356,-83.1178,-240.447,0.127636
768,768,0A,0.0866566,0.598274,0.43946,0.664405,99.5006,-83.1338,-240.474,99.5006,-83.1338,-240.474,0.125881
776,776,0A,0.0836472,0.599743,0.439558,0.663401,99.4363,-83.1348,-240.305,99.4363,-83.1348,-240.305,0.130458
784,784,0A,0.0807423,0.601257,0.44,0.662096,99.6669,-83.2349,-240.357,99.6669,-83.2349,-240.357,0.141844
792,792,0A,0.0759027,0.603585,0.439081,0.66116,99.5088,-83.2974,-240.207,99.5088,-83.2974,-240.207,0.132347
800,800,0A,0.0700699,0.604639,0.438215,0.661415,99.6965,-83.4497,-240.143,99.6965,-83.4497,-240.143,0.126134
808,808,0A,0.0627425,0.605578,0.438061,0.661393,99.5859,-83.5541,-240.056,99.5859,-83.5541,-240.056,0.12963
816,816,0A,0.0566361,0.605696,0.438908,0.661276,99.6918,-83.7512,-240.017,99.6918,-83.7512,-240.017,0.12817
824,824,0A,0.0526816,0.605927,0.440574,0.660282,99.8068,-83.6786,-240.006,99.8068,-83.6786,-240.006,0.131926
832,832,0A,0.0536887,0.606325,0.444936,0.656902,99.9754,-83.929,-239.873,99.9754,-83.929,-239.873,0.130121
840,840,0A,0.0538439,0.6072,0.448888,0.653382,99.8898,-83.8436,-239.689,99.8898,-83.8436,-239.689,0.13324
848,848,0A,0.0510154,0.608213,0.450002,0.6519,99.8167,-84.1048,-239.496,99.8167,-84.1048,-239.496,0.126518
856,856,0A,0.0452094,0.608128,0.450424,0.652117,99.8512,-83.9487,-239.495,99.8512,-83.9487,-239.495,0.126091
864,864,0A,0.041184,0.607141,0.452793,0.651662,99.9299,-84.3338,-239.454,99.9299,-84.3338,-239.454,0.114602
872,872,0A,0.035527,0.606413,0.454036,0.651807,100.106,-84.304,-239.532,100.106,-84.304,-239.532,0.120018
880,880,0A,0.0307448,0.606421,0.454721,0.651566,99.9753,-84.6334,-239.383,99.9753,-84.6334,-239.383,0.118618
888,888,0A,0.0265872,0.606358,0.455309,0.651396,100.011,-84.6468,-239.46,100.011,-84.6468,-239.46,0.126804
896,896,0A,0.0245991,0.606082,0.45611,0.651172,100.15,-84.8163,-239.359,100.15,-84.8163,-239.359,0.123402
904,904,0A,0.0216925,0.605246,0.45615,0.652023,100.191,-84.8118,-239.39,100.191,-84.8118,-239.39,0.122109
912,912,0A,0.0199492,0.60318,0.456867,0.65349,100.137,-84.9662,-239.453,100.137,-84.9662,-239.453,0.109253
920,920,0A,0.0188355,0.599949,0.458252,0.655523,100.293,-84.9152,-239.595,100.293,-84.9152,-239.595,0.119514
928,928,0A,0.0184975,0.597021,0.46013,0.65689,100.238,-85.1504,-239.655,100.238,-85.1504,-239.655,0.120161
936,936,0A,0.017385,0.595028,0.460866,0.658212,100.23,-85.0695,-239.791,100.23,-85.0695,-239.791,0.121505
944,944,0A,0.0184874,0.594609,0.461202,0.658324,100.11,-85.2245,-239.716,100.11,-85.2245,-239.716,0.115543
952,952,0A,0.0208746,0.595128,0.460604,0.658203,100.257,-85.0536,-239.81,100.257,-85.0536,-239.81,0.121859
960,960,0A,0.0245525,0.596944,0.459544,0.657172,100.167,-84.9095,-239.752,100.167,-84.9095,-239.752,0.118314
968,968,0A,0.0300505,0.598373,0.458845,0.656132,100.238,-84.7326,-239.738,100.238,-84.7326,-239.738,0.13066
976,976,0A,0.034989,0.600479,0.457015,0.655238,99.9729,-84.5716,-239.571,99.9729,-84.5716,-239.571,0.122601
984,984,0A,0.0402834,0.601727,0.454711,0.655393,99.9561,-84.4187,-239.633,99.9561,-84.4187,-239.633,0.120884
992,992,0A,0.0460087,0.602989,0.452202,0.655592,99.8731,-84.2221,-239.686,99.8731,-84.2221,-239.686,0.11553
1000,1000,0A,0.0523407,0.60363,0.449226,0.656572,99.9425,-83.9342,-239.81,99.9425,-83.9342,-239.81,0.125612
1008,1008,0A,0.0575677,0.60498,0.444574,0.658057,99.6012,-83.648,-239.846,99.6012,-83.648,-239.846,0.129873
1016,1016,0A,0.0646034,0.604975,0.439996,0.660481,99.605,-83.4325,-240.01,99.605,-83.4325,-240.01,0.133927
1024,1024,0A,0.0733505,0.605356,0.435557,0.662159,99.4635,-83.1245,-240.107,99.4635,-83.1245,-240.107,0.137709
1032,1032,0A,0.0819619,0.607093,0.43048,0.662877,99.3853,-82.8946,-240.372,99.3853,-82.8946,-240.372,0.133133
1040,1040,0A,0.0897717,0.610006,0.425346,0.662507,99.2754,-82.4557,-240.302,99.2754,-82.4557,-240.302,0.134414
1048,1048,0A,0.0978723,0.612862,0.421505,0.661178,99.3502,-82.2618,-240.352,99.3502,-82.2618,-240.352,0.14129
1056,1056,0A,0.103524,0.616637,0.416616,0.659904,99.0254,-81.9037,-240.169,99.0254,-81.9037,-240.169,0.132665
1064,1064,0A,0.109113,0.619669,0.411375,0.659451,99.0812,-81.613,-240.317,99.0812,-81.613,-240.317,0.147622
1072,1072,0A,0.115222,0.622347,0.406984,0.658614,98.9869,-81.3491,-240.196,98.9869,-81.3491,-240.196,0.146145
1080,1080,0A,0.120643,0.62503,0.402579,0.65781,98.9606,-81.0482,-240.259,98.9606,-81.0482,-240.259,0.148131
1088,1088,0A,0.125875,0.628381,0.398017,0.656412,98.8116,-80.6667,-240.201,98.8116,-80.6667,-240.201,0.158449
1096,1096,0A,0.131854,0.631163,0.394189,0.654877,98.909,-80.454,-240.153,98.909,-80.454,-240.153,0.157458
1104,1104,0A,0.136416,0.634109,0.390234,0.653463,98.7009,-80.1864,-240.108,98.7009,-80.1864,-240.108,0.150961
1112,1112,0A,0.140587,0.636521,0.386712,0.652327,98.803,-80.0175,-240.11,98.803,-80.0175,-240.11,0.156123
1120,1120,0A,0.144327,0.638669,0.38394,0.651047,98.6651,-79.7426,-240.006,98.6651,-79.7426,-240.006,0.158379
1128,1128,0A,0.147319,0.639288,0.382716,0.650489,98.7916,-79.6584,-240.108,98.7916,-79.6584,-240.108,0.156081
1136,1136,0A,0.149353,0.639403,0.38227,0.650175,98.6898,-79.526,-240.186,98.6898,-79.526,-240.186,0.164822
1144,1144,0A,0.151089,0.639587,0.381884,0.649819,98.7537,-79.559,-240.191,98.7537,-79.559,-240.191,0.147928
1152,1152,0A,0.152471,0.640618,0.380943,0.649033,98.5616,-79.4129,-240.007,98.5616,-79.4129,-240.007,0.14792
1160,1160,0A,0.154985,0.641303,0.380965,0.647747,98.6161,-79.3924,-240.04,98.6161,-79.3924,-240.04,0.148994
1168,1168,0A,0.157958,0.642318,0.381161,0.645905,98.5395,-79.2249,-239.923,98.5395,-79.2249,-239.923,0.15509
1176,1176,0A,0.16095,0.644389,0.381104,0.643131,98.4869,-79.2284,-239.817,98.4869,-79.2284,-239.817,0.157317
1184,1184,0A,0.162614,0.647474,0.380295,0.640086,98.4462,-79.0235,-239.609,98.4462,-79.0235,-239.609,0.153899
1192,1192,0A,0.163748,0.650818,0.379989,0.636577,98.5582,-78.9741,-239.573,98.5582,-78.9741,-239.573,0.153281
1200,1200,0A,0.163304,0.654244,0.379081,0.633715,98.4845,-78.8449,-239.361,98.4845,-78.8449,-239.361,0.14894
1208,1208,0A,0.161474,0.656977,0.378376,0.631774,98.5048,-78.9292,-239.228,98.5048,-78.9292,-239.228,0.143164
1216,1216,0A,0.157748,0.659983,0.377216,0.630275,98.4261,-78.7379,-239.081,98.4261,-78.7379,-239.081,0.155397
1224,1224,0A,0.155662,0.664649,0.375763,0.626748,98.5278,-78.7164,-238.904,98.5278,-78.7164,-238.904,0.145513
1232,1232,0A,0.156264,0.671654,0.373148,0.620665,98.6594,-78.5374,-238.604,98.6594,-78.5374,-238.604,0.151289
1240,1240,0A,0.158022,0.679397,0.371149,0.612943,98.6666,-78.3167,-238.251,98.6666,-78.3167,-238.251,0.145033
1248,1248,0A,0.160214,0.684953,0.371712,0.605807,98.7756,-78.0813,-237.876,98.7756,-78.0813,-237.876,0.149173
1256,1256,0A,0.160478,0.68893,0.373357,0.600189,98.7581,-78.0139,-237.633,98.7581,-78.0139,-237.633,0.135195
1264,1264,0A,0.158296,0.69232,0.373166,0.596978,98.8079,-77.9489,-237.425,98.8079,-77.9489,-237.425,0.138785
1272,1272,0A,0.156048,0.695914,0.372973,0.593502,98.7136,-77.964,-237.21,98.7136,-77.964,-237.21,0.135644
1280,1280,0A,0.155023,0.699107,0.372877,0.590069,98.8083,-77.9255,-236.971,98.8083,-77.9255,-236.971,0.12987
1288,1288,0A,0.153593,0.702128,0.37306,0.58673,98.7724,-77.9024,-236.866,98.7724,-77.9024,-236.866,0.132679
1296,1296,0A,0.151499,0.704918,0.372715,0.584144,98.8583,-77.8638,-236.718,98.8583,-77.8638,-236.718,0.129552
1304,1304,0A,0.148408,0.708934,0.371512,0.580834,98.8923,-77.777,-236.549,98.8923,-77.777,-236.549,0.130132
1312,1312,0A,0.146436,0.713428,0.369987,0.576791,98.9399,-77.7531,-236.289,98.9399,-77.7531,-236.289,0.126925
1320,1320,0A,0.145841,0.717526,0.369614,0.572078,98.9741,-77.7128,-236.065,98.9741,-77.7128,-236.065,0.12114
1328,1328,0A,0.145335,0.72081,0.368937,0.568504,99.0837,-77.6548,-235.812,99.0837,-77.6548,-235.812,0.114448
1336,1336,0A,0.143474,0.72412,0.367794,0.565503,99.0346,-77.5602,-235.673,99.0346,-77.5602,-235.673,0.118302
1352,1352,0A,0.135078,0.731591,0.363249,0.560874,99.2786,-77.3784,-235.815,99.2786,-77.3784,-235.815,0.130544
1360,1360,0A,0.131564,0.734549,0.361488,0.558977,99.4373,-77.2888,-235.733,99.4373,-77.2888,-235.733,0.116016
1368,1368,0A,0.128148,0.73648,0.360557,0.55783,99.371,-77.3333,-235.66,99.371,-77.3333,-235.66,0.10873
1376,1376,0A,0.124716,0.737985,0.360032,0.556957,99.3768,-77.5347,-235.605,99.3768,-77.5347,-235.605,0.110359
1384,1384,0A,0.119866,0.740536,0.358863,0.555389,99.3459,-77.6071,-235.52,99.3459,-77.6071,-235.52,0.116777
1392,1392,0A,0.118011,0.742398,0.358656,0.55343,99.5139,-77.7441,-235.323,99.5139,-77.7441,-235.323,0.131586
1400,1400,0A,0.116173,0.744327,0.357638,0.551884,99.5256,-77.6002,-235.158,99.5256,-77.6002,-235.158,0.140095
1408,1408,0A,0.115667,0.745023,0.357271,0.551289,99.3767,-77.8672,-235.21,99.3767,-77.8672,-235.21,0.130989
1416,1416,0A,0.114358,0.743766,0.357817,0.552903,99.3934,-77.8291,-235.261,99.3934,-77.8291,-235.261,0.124599
1424,1424,0A,0.110986,0.744199,0.356567,0.553813,99.4223,-77.9107,-235.317,99.4223,-77.9107,-235.317,0.124224
1432,1432,0A,0.109955,0.744752,0.355954,0.553671,99.5219,-77.754,-235.271,99.5219,-77.754,-235.271,0.113249
1440,1440,0A,0.109302,0.747313,0.353037,0.552215,99.4799,-77.7619,-235.149,99.4799,-77.7619,-235.149,0.110886
1448,1448,0A,0.115481,0.745023,0.356807,0.551628,99.1549,-77.8313,-234.477,99.1549,-77.8313,-234.477,0.11651
1456,1456,0A,0.113723,0.745996,0.355065,0.551802,99.1744,-77.7832,-234.46,99.1744,-77.7832,-234.46,0.115693
1464,1464,0A,0.111922,0.745815,0.354264,0.552929,99.2087,-77.6642,-234.447,99.2087,-77.6642,-234.447,0.110868
1472,1472,0A,0.110749,0.744813,0.354474,0.554379,99.301,-77.6183,-234.517,99.301,-77.6183,-234.517,0.111913
1480,1480,0A,0.113305,0.740076,0.357913,0.557986,99.5719,-77.8344,-235.395,99.5719,-77.8344,-235.395,0.11489
1488,1488,0A,0.115525,0.736893,0.360006,0.560392,99.4414,-78.0056,-235.543,99.4414,-78.0056,-235.543,0.128271
1496,1496,0A,0.119142,0.731745,0.36296,0.56446,99.3487,-78.0544,-235.807,99.3487,-78.0544,-235.807,0.125359
1504,1504,0A,0.120659,0.726406,0.363755,0.570489,99.4297,-78.0484,-236.164,99.4297,-78.0484,-236.164,0.13599
1512,1512,0A,0.121874,0.719556,0.364802,0.578192,99.3465,-78.1252,-236.552,99.3465,-78.1252,-236.552,0.133434
1520,1520,0A,0.124105,0.710794,0.367856,0.586559,99.207,-78.4254,-236.996,99.207,-78.4254,-236.996,0.138957
1528,1528,0A,0.123933,0.701769,0.369211,0.596527,99.0797,-78.6285,-237.451,99.0797,-78.6285,-237.451,0.136524
1536,1536,0A,0.125186,0.692367,0.371308,0.605877,99.0396,-78.7387,-238.016,99.0396,-78.7387,-238.016,0.143031
1544,1544,0A,0.128598,0.684142,0.372497,0.613725,99.0387,-79.0499,-238.506,99.0387,-79.0499,-238.506,0.143534
1552,1552,0A,0.129954,0.678681,0.370909,0.620428,98.9248,-79.1696,-238.879,98.9248,-79.1696,-238.879,0.140523
1560,1560,0A,0.131727,0.673688,0.368694,0.626784,98.9922,-79.0819,-239.242,98.9922,-79.0819,-239.242,0.146298
1568,1568,0A,0.135278,0.668576,0.368098,0.631831,98.894,-79.1191,-239.485,98.894,-79.1191,-239.485,0.152197
1576,1576,0A,0.13945,0.662582,0.367954,0.637299,98.9905,-79.1614,-239.917,98.9905,-79.1614,-239.917,0.152205
1584,1584,0A,0.142012,0.657952,0.367454,0.641802,98.7048,-79.3778,-240.088,98.7048,-79.3778,-240.088,0.147127
1600,1600,0A,0.142159,0.64862,0.365469,0.652316,98.521,-79.4067,-240.042,98.521,-79.4067,-240.042,0.150233
1608,1608,0A,0.144665,0.642561,0.366248,0.657305,98.6689,-79.4682,-240.364,98.6689,-79.4682,-240.364,0.162857
1616,1616,0A,0.147702,0.637495,0.366792,0.661248,98.5551,-79.6014,-240.665,98.5551,-79.6014,-240.665,0.160988
1624,1624,0A,0.148828,0.633785,0.364894,0.665597,98.6375,-79.5254,-240.869,98.6375,-79.5254,-240.869,0.161487
1632,1632,0A,0.149466,0.631544,0.362429,0.668922,98.5767,-79.5859,-241.068,98.5767,-79.5859,-241.068,0.167096
1640,1640,0A,0.149436,0.629697,0.360194,0.671872,98.5779,-79.5584,-241.187,98.5779,-79.5584,-241.187,0.160426
1648,1648,0A,0.14916,0.627789,0.358419,0.674662,98.5304,-79.5854,-241.343,98.5304,-79.5854,-241.343,0.16747
1656,1656,0A,0.149664,0.624443,0.358311,0.677707,98.6748,-79.5862,-241.495,98.6748,-79.5862,-241.495,0.174119
1664,1664,0A,0.149259,0.621862,0.358201,0.680222,98.5085,-79.7071,-241.69,98.5085,-79.7071,-241.69,0.158563
1672,1672,0A,0.148533,0.619259,0.35767,0.683029,98.6283,-79.7725,-241.777,98.6283,-79.7725,-241.777,0.155794
1680,1680,0A,0.147157,0.617314,0.356789,0.685543,98.6208,-79.7473,-241.941,98.6208,-79.7473,-241.941,0.161645
1688,1688,0A,0.146435,0.615301,0.3562,0.687811,98.4981,-79.8489,-241.893,98.4981,-79.8489,-241.893,0.15553
1696,1696,0A,0.146073,0.613101,0.356045,0.689929,98.5191,-79.9163,-242.045,98.5191,-79.9163,-242.045,0.152087
1704,1704,0A,0.145178,0.610922,0.356135,0.692002,98.6251,-79.9367,-242.235,98.6251,-79.9367,-242.235,0.161355
1712,1712,0A,0.143552,0.60919,0.355871,0.694,98.6306,-79.9754,-242.441,98.6306,-79.9754,-242.441,0.178637
1720,1720,0A,0.142358,0.607639,0.355528,0.69578,98.6111,-80.1383,-242.332,98.6111,-80.1383,-242.332,0.165516
1728,1728,0A,0.142157,0.606068,0.355427,0.697241,98.6614,-80.1566,-242.447,98.6614,-80.1566,-242.447,0.160004
1736,1736,0A,0.142442,0.60474,0.355264,0.698418,98.6042,-80.1521,-242.507,98.6042,-80.1521,-242.507,0.154759
1744,1744,0A,0.142851,0.603547,0.354891,0.699555,98.5969,-80.1342,-242.624,98.5969,-80.1342,-242.624,0.157098
1752,1752,0A,0.143158,0.602229,0.354678,0.700736,98.6876,-80.1583,-242.693,98.6876,-80.1583,-242.693,0.151386
1760,1760,0A,0.142956,0.60104,0.354119,0.702078,98.6454,-80.1759,-242.814,98.6454,-80.1759,-242.814,0.157132
1768,1768,0A,0.143219,0.599375,0.354573,0.703218,98.5962,-80.3389,-242.771,98.5962,-80.3389,-242.771,0.154384
1776,1776,0A,0.141977,0.597938,0.354365,0.704797,98.6849,-80.2122,-243.027,98.6849,-80.2122,-243.027,0.162279
1784,1784,0A,0.140897,0.596554,0.354304,0.706215,98.588,-80.376,-242.887,98.588,-80.376,-242.887,0.152842
1792,1792,0A,0.140381,0.594983,0.35379,0.707899,98.5973,-80.345,-243.068,98.5973,-80.345,-243.068,0.154764
1800,1800,0A,0.140633,0.594018,0.353448,0.70883,98.5501,-80.4676,-243.045,98.5501,-80.4676,-243.045,0.15821
1808,1808,0A,0.140719,0.593059,0.352518,0.710078,98.6971,-80.3783,-243.274,98.6971,-80.3783,-243.274,0.155917
1816,1816,0A,0.14079,0.592005,0.352134,0.711134,98.6155,-80.42,-243.206,98.6155,-80.42,-243.206,0.147076
1824,1824,0A,0.140913,0.590457,0.351013,0.712948,98.6586,-80.3287,-243.444,98.6586,-80.3287,-243.444,0.156276
1832,1832,0A,0.141814,0.58907,0.350424,0.714205,98.6649,-80.3671,-243.424,98.6649,-80.3671,-243.424,0.164078
1840,1840,0A,0.142946,0.588366,0.349048,0.715233,98.7097,-80.3521,-243.512,98.7097,-80.3521,-243.512,0.153427
1848,1848,0A,0.144268,0.58793,0.348241,0.715719,98.5561,-80.3828,-243.461,98.5561,-80.3828,-243.461,0.161281
1856,1856,0A,0.145311,0.5863,0.347494,0.717206,98.6369,-80.3484,-243.584,98.6369,-80.3484,-243.584,0.150778
1864,1864,0A,0.146781,0.58386,0.347463,0.718911,98.5421,-80.4693,-243.625,98.5421,-80.4693,-243.625,0.142887
1872,1872,0A,0.147055,0.581033,0.346384,0.72166,98.7038,-80.3255,-243.976,98.7038,-80.3255,-243.976,0.145249
1880,1880,0A,0.147702,0.578685,0.345908,0.723641,98.5383,-80.501,-243.945,98.5383,-80.501,-243.945,0.132796
1888,1888,0A,0.14721,0.576523,0.344418,0.726173,98.6754,-80.3357,-244.17,98.6754,-80.3357,-244.17,0.143108
1896,1896,0A,0.147722,0.574919,0.343465,0.72779,98.6353,-80.4302,-244.295,98.6353,-80.4302,-244.295,0.136767
1904,1904,0A,0.147544,0.573422,0.341461,0.729947,98.7596,-80.3536,-244.385,98.7596,-80.3536,-244.385,0.134529
1912,1912,0A,0.147485,0.572006,0.339161,0.732139,98.6078,-80.3643,-244.412,98.6078,-80.3643,-244.412,0.131765
1920,1920,0A,0.147971,0.569753,0.337269,0.734667,98.6943,-80.2819,-244.666,98.6943,-80.2819,-244.666,0.138769
1928,1928,0A,0.149337,0.567926,0.33631,0.736243,98.5563,-80.3902,-244.647,98.5563,-80.3902,-244.647,0.126857
1936,1936,0A,0.150617,0.566223,0.335139,0.737827,98.7547,-80.286,-244.84,98.7547,-80.286,-244.84,0.13768
1944,1944,0A,0.152709,0.566043,0.334278,0.737925,98.6694,-80.3086,-244.858,98.6694,-80.3086,-244.858,0.132979
1952,1952,0A,0.155161,0.566333,0.333476,0.737554,98.7752,-80.119,-244.906,98.7752,-80.119,-244.906,0.135251
1960,1960,0A,0.157275,0.566798,0.333057,0.736938,98.637,-80.1883,-244.779,98.637,-80.1883,-244.779,0.135858
1968,1968,0A,0.156797,0.56623,0.332229,0.73785,98.638,-80.1101,-244.804,98.638,-80.1101,-244.804,0.139209
1976,1976,0A,0.155602,0.564996,0.331881,0.739204,98.5703,-80.1207,-244.854,98.5703,-80.1207,-244.854,0.130661
1984,1984,0A,0.155067,0.563475,0.332014,0.740416,98.6504,-80.1899,-244.858,98.6504,-80.1899,-244.858,0.128661
1992,1992,0A,0.154063,0.563204,0.330929,0.741318,98.6501,-80.1677,-245.077,98.6501,-80.1677,-245.077,0.133509
2000,2000,0A,0.154808,0.562864,0.331097,0.741346,98.6669,-80.2475,-245.019,98.6669,-80.2475,-245.019,0.136367
2008,2008,0A,0.155552,0.562642,0.331414,0.741217,98.607,-80.2994,-244.991,98.607,-80.2994,-244.991,0.138189
2016,2016,0A,0.154906,0.562327,0.330964,0.741792,98.5935,-80.3055,-244.896,98.5935,-80.3055,-244.896,0.125256
2024,2024,0A,0.154809,0.56209,0.330438,0.742226,98.6559,-80.1863,-245.065,98.6559,-80.1863,-245.065,0.124518
2032,2032,0A,0.155001,0.562291,0.330245,0.74212,98.6243,-80.2227,-244.965,98.6243,-80.2227,-244.965,0.13188
2040,2040,0A,0.154302,0.562512,0.330085,0.742169,98.6138,-80.2707,-245.017,98.6138,-80.2707,-245.017,0.132242
2048,2048,0A,0.154334,0.562317,0.331032,0.741888,98.4659,-80.0603,-244.249,98.4659,-80.0603,-244.249,0.161006
2056,2056,0A,0.149305,0.564396,0.328936,0.742271,98.8675,-80.3913,-245.913,98.8675,-80.3913,-245.913,0.145344
2064,2064,0A,0.150236,0.565054,0.331759,0.740323,98.5737,-80.4195,-244.755,98.5737,-80.4195,-244.755,0.127094
2072,2072,0A,0.148791,0.5667,0.332006,0.739246,98.61,-80.3271,-244.772,98.61,-80.3271,-244.772,0.13487
2080,2080,0A,0.147239,0.567854,0.333276,0.738099,98.659,-80.3407,-244.651,98.659,-80.3407,-244.651,0.133657
2088,2088,0A,0.145741,0.569896,0.334294,0.73636,98.7389,-80.2165,-244.773,98.7389,-80.2165,-244.773,0.132762
2096,2096,0A,0.144453,0.57439,0.335068,0.732762,98.5923,-80.2395,-244.398,98.5923,-80.2395,-244.398,0.130826
2104,2104,0A,0.144901,0.580561,0.336003,0.727362,98.7006,-80.1697,-244.281,98.7006,-80.1697,-244.281,0.145524
2112,2112,0A,0.146479,0.588007,0.338042,0.720083,98.5997,-80.1597,-243.694,98.5997,-80.1597,-243.694,0.152113
2120,2120,0A,0.146406,0.596346,0.33797,0.713242,98.6229,-79.8835,-243.464,98.6229,-79.8835,-243.464,0.163561
2128,2128,0A,0.147558,0.604661,0.339082,0.705433,98.4846,-79.8601,-242.85,98.4846,-79.8601,-242.85,0.16257
2136,2136,0A,0.148345,0.61282,0.339802,0.69784,98.4786,-79.4972,-242.461,98.4786,-79.4972,-242.461,0.171179
2144,2144,0A,0.149929,0.621254,0.340681,0.689566,98.4751,-79.3455,-241.998,98.4751,-79.3455,-241.998,0.166151
2152,2152,0A,0.152485,0.629237,0.341625,0.68125,98.5311,-79.1981,-241.648,98.5311,-79.1981,-241.648,0.166064
2160,2160,0A,0.154093,0.636823,0.342482,0.673363,98.3473,-79.0571,-241.085,98.3473,-79.0571,-241.085,0.158277
2168,2168,0A,0.155621,0.642573,0.344619,0.666424,98.5112,-78.7492,-240.829,98.5112,-78.7492,-240.829,0.174415
2176,2176,0A,0.155755,0.649177,0.345275,0.659617,98.449,-78.7067,-240.505,98.449,-78.7067,-240.505,0.162652
2184,2184,0A,0.156679,0.655398,0.346106,0.652776,98.4943,-78.5243,-240.118,98.4943,-78.5243,-240.118,0.168512
2192,2192,0A,0.15781,0.661652,0.347551,0.645385,98.4277,-78.4059,-239.829,98.4277,-78.4059,-239.829,0.16281
2200,2200,0A,0.157906,0.666862,0.350076,0.638599,98.5186,-78.2916,-239.389,98.5186,-78.2916,-239.389,0.159712
2208,2208,0A,0.157349,0.672065,0.351819,0.632293,98.4751,-78.3011,-239.144,98.4751,-78.3011,-239.144,0.150699
2216,2216,0A,0.157097,0.676971,0.352803,0.626547,98.6297,-78.0757,-238.852,98.6297,-78.0757,-238.852,0.159519
2224,2224,0A,0.1582,0.6817,0.353075,0.620964,98.4301,-77.9929,-238.553,98.4301,-77.9929,-238.553,0.152264
2232,2232,0A,0.16026,0.684545,0.352562,0.617588,98.4951,-77.8566,-238.442,98.4951,-77.8566,-238.442,0.151365
2240,2240,0A,0.163495,0.686139,0.351254,0.615715,98.5509,-77.7176,-238.379,98.5509,-77.7176,-238.379,0.146161
2248,2248,0A,0.16826,0.685488,0.350671,0.615487,98.601,-77.6787,-238.418,98.601,-77.6787,-238.418,0.150282
2256,2256,0A,0.171154,0.684343,0.349001,0.616911,98.4256,-77.5651,-238.51,98.4256,-77.5651,-238.51,0.145707
2264,2264,0A,0.176394,0.681999,0.348326,0.618412,98.4361,-77.4771,-238.708,98.4361,-77.4771,-238.708,0.146481
2272,2272,0A,0.182275,0.68059,0.346369,0.619356,98.3607,-77.3611,-238.845,98.3607,-77.3611,-238.845,0.155529
2280,2280,0A,0.18825,0.679565,0.343814,0.620117,98.4323,-77.131,-238.933,98.4323,-77.131,-238.933,0.15145
2288,2288,0A,0.195703,0.678947,0.342102,0.619434,98.2641,-77.0104,-239.102,98.2641,-77.0104,-239.102,0.156238
2296,2296,0A,0.203944,0.677846,0.341375,0.618382,98.3595,-76.7374,-239.149,98.3595,-76.7374,-239.149,0.162143
2304,2304,0A,0.210764,0.678306,0.337957,0.617467,98.282,-76.5304,-239.138,98.282,-76.5304,-239.138,0.158021
2312,2312,0A,0.21402,0.680077,0.330644,0.618358,98.3678,-76.2029,-239.305,98.3678,-76.2029,-239.305,0.17575
2320,2320,0A,0.215508,0.682028,0.322094,0.620201,98.2003,-76.0453,-239.332,98.2003,-76.0453,-239.332,0.158023
2328,2328,0A,0.217849,0.681482,0.317054,0.622577,98.1927,-75.8536,-239.431,98.1927,-75.8536,-239.431,0.15995
2336,2336,0A,0.220547,0.680075,0.313095,0.625163,98.2145,-75.7779,-239.678,98.2145,-75.7779,-239.678,0.1685
2344,2344,0A,0.224101,0.678397,0.310705,0.626912,98.2042,-75.7135,-239.815,98.2042,-75.7135,-239.815,0.171139
2352,2352,0A,0.229421,0.676664,0.310115,0.627152,98.105,-75.5881,-239.88,98.105,-75.5881,-239.88,0.173914
2360,2360,0A,0.235598,0.674842,0.310223,0.626773,98.1643,-75.4806,-239.931,98.1643,-75.4806,-239.931,0.172231
2368,2368,0A,0.241909,0.673566,0.30894,0.626375,98.132,-75.4217,-240.051,98.132,-75.4217,-240.051,0.173622
2376,2376,0A,0.245107,0.673626,0.303749,0.627604,98.0886,-75.2539,-240.133,98.0886,-75.2539,-240.133,0.169517
2384,2384,0A,0.246221,0.674637,0.294873,0.63031,98.1023,-74.9935,-240.294,98.1023,-74.9935,-240.294,0.1795
2392,2392,0A,0.249141,0.674575,0.288799,0.632038,98.187,-74.7549,-240.426,98.187,-74.7549,-240.426,0.192194
2400,2400,0A,0.253276,0.673241,0.286344,0.632934,98.1054,-74.6608,-240.411,98.1054,-74.6608,-240.411,0.191293
2408,2408,0A,0.257492,0.670501,0.286104,0.634248,98.0807,-74.7574,-240.61,98.0807,-74.7574,-240.61,0.179236
2416,2416,0A,0.261036,0.66826,0.284756,0.635769,98.0742,-74.7222,-240.814,98.0742,-74.7222,-240.814,0.185079
2424,2424,0A,0.263976,0.667781,0.281442,0.636534,98.0495,-74.5734,-240.798,98.0495,-74.5734,-240.798,0.17971
2432,2432,0A,0.266486,0.668326,0.276941,0.63689,98.1577,-74.3072,-240.966,98.1577,-74.3072,-240.966,0.196039
2440,2440,0A,0.270526,0.668149,0.275146,0.636151,98.1542,-74.2131,-240.938,98.1542,-74.2131,-240.938,0.187074
2448,2448,0A,0.274203,0.66769,0.273567,0.635738,98.1258,-74.1165,-240.979,98.1258,-74.1165,-240.979,0.191524
2456,2456,0A,0.277032,0.666996,0.271852,0.635977,98.1209,-74.0648,-241.009,98.1209,-74.0648,-241.009,0.189167
2464,2464,0A,0.27852,0.665957,0.269652,0.637351,98.07,-74.1058,-241.08,98.07,-74.1058,-241.08,0.18862
2472,2472,0A,0.278889,0.665345,0.2672,0.63886,98.0549,-74.0778,-241.205,98.0549,-74.0778,-241.205,0.195335
2480,2480,0A,0.281009,0.665054,0.266391,0.638571,98.2145,-73.9162,-241.273,98.2145,-73.9162,-241.273,0.20591
2488,2488,0A,0.282728,0.665575,0.265369,0.637695,98.1326,-73.8852,-241.121,98.1326,-73.8852,-241.121,0.189419
2496,2496,0A,0.283417,0.665342,0.264938,0.637811,98.0992,-73.8305,-241.178,98.0992,-73.8305,-241.178,0.190195
2504,2504,0A,0.282336,0.664972,0.265204,0.638565,98.0795,-73.9117,-241.235,98.0795,-73.9117,-241.235,0.187122
2512,2512,0A,0.280693,0.665111,0.26649,0.638609,98.1614,-73.9499,-241.245,98.1614,-73.9499,-241.245,0.185257
2520,2520,0A,0.27784,0.666626,0.268197,0.637562,98.1194,-73.9439,-241.055,98.1194,-73.9439,-241.055,0.186529
2528,2528,0A,0.274252,0.667921,0.270732,0.636689,98.2181,-74.0178,-240.958,98.2181,-74.0178,-240.958,0.193797
2536,2536,0A,0.268926,0.66853,0.274298,0.636795,98.1808,-74.2555,-240.928,98.1808,-74.2555,-240.928,0.187992
2544,2544,0A,0.26359,0.668427,0.280461,0.636449,98.0866,-74.5753,-240.907,98.0866,-74.5753,-240.907,0.19828
2552,2552,0A,0.257308,0.669084,0.286856,0.635478,98.07,-74.7966,-240.688,98.07,-74.7966,-240.688,0.179737
2560,2560,0A,0.249869,0.671323,0.291223,0.634098,98.0758,-74.9943,-240.491,98.0758,-74.9943,-240.491,0.184324
2568,2568,0A,0.243346,0.673773,0.295863,0.631884,98.1254,-75.1593,-240.241,98.1254,-75.1593,-240.241,0.182426
2576,2576,0A,0.234942,0.675969,0.300772,0.6304,98.2212,-75.3921,-239.956,98.2212,-75.3921,-239.956,0.165928
2584,2584,0A,0.224168,0.67721,0.305996,0.630478,98.3104,-75.6404,-239.863,98.3104,-75.6404,-239.863,0.165161
2592,2592,0A,0.213392,0.677215,0.312266,0.631136,98.1454,-76.0839,-239.716,98.1454,-76.0839,-239.716,0.169503
2600,2600,0A,0.204171,0.677583,0.317509,0.631177,98.1698,-76.4019,-239.669,98.1698,-76.4019,-239.669,0.169309
2608,2608,0A,0.198328,0.679187,0.323099,0.628473,98.31,-76.7066,-239.413,98.31,-76.7066,-239.413,0.163709
2616,2616,0A,0.192503,0.682109,0.327242,0.624967,98.3058,-76.769,-239.2,98.3058,-76.769,-239.2,0.16093
2624,2624,0A,0.185287,0.68492,0.33043,0.62239,98.4944,-76.8542,-238.938,98.4944,-76.8542,-238.938,0.157983
2632,2632,0A,0.176763,0.687735,0.333735,0.619998,98.4414,-77.07,-238.717,98.4414,-77.07,-238.717,0.155261
2640,2640,0A,0.168083,0.68906,0.337976,0.618641,98.4541,-77.4551,-238.476,98.4541,-77.4551,-238.476,0.146822
2648,2648,0A,0.158516,0.689777,0.341627,0.618362,98.3976,-77.7129,-238.433,98.3976,-77.7129,-238.433,0.148393
2656,2656,0A,0.151345,0.690098,0.346225,0.617242,98.5192,-78.0154,-238.269,98.5192,-78.0154,-238.269,0.148849
2664,2664,0A,0.144121,0.691861,0.349436,0.615185,98.7502,-78.0611,-238.121,98.7502,-78.0611,-238.121,0.1473
2672,2672,0A,0.13902,0.693255,0.355304,0.611417,98.6249,-78.384,-237.859,98.6249,-78.384,-237.859,0.139462
2680,2680,0A,0.132113,0.694315,0.35995,0.609023,98.7517,-78.4324,-237.74,98.7517,-78.4324,-237.74,0.137289
2688,2688,0A,0.126374,0.694372,0.365237,0.607025,98.9235,-78.8027,-237.562,98.9235,-78.8027,-237.562,0.125761
2696,2696,0A,0.117921,0.694952,0.367933,0.606434,98.8451,-79.0365,-237.425,98.8451,-79.0365,-237.425,0.124313
2704,2704,0A,0.110539,0.694753,0.371607,0.605811,99.0096,-79.3654,-237.345,99.0096,-79.3654,-237.345,0.12955
2712,2712,0A,0.103544,0.69529,0.375944,0.603752,99.1028,-79.5284,-237.243,99.1028,-79.5284,-237.243,0.127453
2720,2720,0A,0.0966274,0.696029,0.380741,0.601035,99.1795,-79.7967,-236.921,99.1795,-79.7967,-236.921,0.1195
2728,2728,0A,0.0885294,0.696786,0.384966,0.598711,99.1924,-79.9945,-236.822,99.1924,-79.9945,-236.822,0.126565
2736,2736,0A,0.0818205,0.696766,0.389945,0.596461,99.2622,-80.3384,-236.727,99.2622,-80.3384,-236.727,0.124553
2744,2744,0A,0.0752129,0.697183,0.394037,0.59415,99.4022,-80.4461,-236.523,99.4022,-80.4461,-236.523,0.114719
2752,2752,0A,0.071019,0.697914,0.398755,0.59065,99.4762,-80.7907,-236.362,99.4762,-80.7907,-236.362,0.113504
2760,2760,0A,0.0665605,0.698575,0.403085,0.58744,99.6921,-80.8076,-236.178,99.6921,-80.8076,-236.178,0.119744
2768,2768,0A,0.0621898,0.700316,0.406295,0.583621,99.7782,-81.0606,-236.053,99.7782,-81.0606,-236.053,0.118825
2776,2776,0A,0.0572991,0.701755,0.409144,0.580394,99.8068,-81.0301,-235.817,99.8068,-81.0301,-235.817,0.116103
2792,2792,0A,0.0503028,0.702933,0.416159,0.574601,99.9964,-81.4162,-235.991,99.9964,-81.4162,-235.991,0.116693
2800,2800,0A,0.0479291,0.702915,0.420234,0.571855,100.147,-81.6277,-235.929,100.147,-81.6277,-235.929,0.118301
2808,2808,0A,0.0423059,0.703659,0.422201,0.569931,100.115,-81.737,-235.738,100.115,-81.737,-235.738,0.110962
2816,2816,0A,0.036092,0.704601,0.423079,0.568542,100.135,-81.9148,-235.763,100.135,-81.9148,-235.763,0.108795
2824,2824,0A,0.0323573,0.704711,0.425049,0.567159,100.251,-81.9453,-235.651,100.251,-81.9453,-235.651,0.110986
2832,2832,0A,0.0293807,0.705827,0.426682,0.564701,100.092,-82.13,-235.588,100.092,-82.13,-235.588,0.115901
2840,2840,0A,0.0270944,0.70609,0.428426,0.563165,100.307,-82.1246,-235.368,100.307,-82.1246,-235.368,0.121707
2848,2848,0A,0.0241894,0.707803,0.428827,0.560836,100.28,-82.2079,-235.393,100.28,-82.2079,-235.393,0.107071
2856,2856,0A,0.0251788,0.706915,0.431895,0.559557,100.634,-82.0911,-235.238,100.634,-82.0911,-235.238,0.107503
2864,2864,0A,0.0234952,0.707425,0.432387,0.558605,100.576,-82.1236,-235.256,100.576,-82.1236,-235.256,0.101946
2872,2872,0A,0.0200411,0.707969,0.431519,0.558721,100.499,-82.084,-235.155,100.499,-82.084,-235.155,0.102212
2880,2880,0A,0.0205545,0.706724,0.433204,0.558976,100.53,-82.2234,-235.281,100.53,-82.2234,-235.281,0.108564
2888,2888,0A,0.0220453,0.706526,0.434144,0.558439,100.518,-82.2993,-235.17,100.518,-82.2993,-235.17,0.102829
2896,2896,0A,0.0267642,0.704477,0.436571,0.558928,100.221,-82.1442,-234.618,100.221,-82.1442,-234.618,0.100654
2904,2904,0A,0.0241652,0.70692,0.432492,0.559134,100.302,-82.0993,-234.572,100.302,-82.0993,-234.572,0.103408
2912,2912,0A,0.0221889,0.709084,0.428156,0.559813,100.309,-82.0107,-234.6,100.309,-82.0107,-234.6,0.115386
2920,2920,0A,0.0206239,0.711998,0.422057,0.560805,100.38,-81.9386,-234.58,100.38,-81.9386,-234.58,0.122257
2928,2928,0A,0.0393412,0.705624,0.429196,0.56244,100.306,-81.7047,-235.509,100.306,-81.7047,-235.509,0.126343
2936,2936,0A,0.048462,0.705697,0.427412,0.562994,100.179,-81.5888,-235.564,100.179,-81.5888,-235.564,0.11613
2944,2944,0A,0.0583423,0.705016,0.425989,0.563987,100.273,-81.2042,-235.772,100.273,-81.2042,-235.772,0.113014
2952,2952,0A,0.0661238,0.705741,0.421836,0.565342,99.9773,-80.8705,-235.855,99.9773,-80.8705,-235.855,0.107348
2960,2960,0A,0.0745446,0.704254,0.418412,0.568683,99.9434,-80.6263,-236.126,99.9434,-80.6263,-236.126,0.113638
2968,2968,0A,0.0821817,0.701312,0.416005,0.573016,99.8201,-80.4267,-236.318,99.8201,-80.4267,-236.318,0.108889
2976,2976,0A,0.0900916,0.697915,0.414075,0.577355,99.6637,-80.2848,-236.627,99.6637,-80.2848,-236.627,0.113098
2984,2984,0A,0.0967044,0.697418,0.409919,0.579848,99.4866,-80.1256,-236.759,99.4866,-80.1256,-236.759,0.124834
2992,2992,0A,0.105391,0.698076,0.406267,0.580112,99.3349,-79.8913,-236.822,99.3349,-79.8913,-236.822,0.138867
3000,3000,0A,0.111889,0.700118,0.401194,0.579966,99.4475,-79.475,-236.858,99.4475,-79.475,-236.858,0.135014
3008,3008,0A,0.119855,0.701488,0.398588,0.578513,99.3642,-79.1796,-236.817,99.3642,-79.1796,-236.817,0.136132
3016,3016,0A,0.126149,0.70293,0.396644,0.576758,99.2984,-78.9377,-236.838,99.2984,-78.9377,-236.838,0.137443
3024,3024,0A,0.130855,0.70469,0.394417,0.575086,99.424,-78.6901,-236.803,99.424,-78.6901,-236.803,0.131193
3032,3032,0A,0.134588,0.706279,0.392226,0.573772,99.3381,-78.5307,-236.84,99.3381,-78.5307,-236.84,0.130062
3040,3040,0A,0.138768,0.706584,0.391487,0.572905,99.2791,-78.3601,-236.728,99.2791,-78.3601,-236.728,0.125061
3048,3048,0A,0.142107,0.706908,0.390392,0.572434,99.1711,-78.2994,-236.821,99.1711,-78.2994,-236.821,0.11585
3056,3056,0A,0.145754,0.708258,0.387555,0.571775,99.278,-77.9751,-236.818,99.278,-77.9751,-236.818,0.127294
3064,3064,0A,0.152262,0.710828,0.384497,0.568947,99.1381,-77.9354,-236.817,99.1381,-77.9354,-236.817,0.130564
3072,3072,0A,0.159793,0.714001,0.380584,0.56553,99.1569,-77.6137,-236.655,99.1569,-77.6137,-236.655,0.147592
3080,3080,0A,0.168435,0.716798,0.377044,0.561843,99.1377,-77.2635,-236.68,99.1377,-77.2635,-236.68,0.143508
3088,3088,0A,0.175924,0.719669,0.372073,0.559186,99.1441,-76.7472,-236.594,99.1441,-76.7472,-236.594,0.125768
3096,3096,0A,0.184279,0.72197,0.367781,0.556362,99.0671,-76.3835,-236.722,99.0671,-76.3835,-236.722,0.134964
3104,3104,0A,0.191555,0.723763,0.362673,0.554925,99.0206,-76.0558,-236.575,99.0206,-76.0558,-236.575,0.139301
3112,3112,0A,0.198543,0.723183,0.3595,0.555291,98.9314,-75.9817,-236.695,98.9314,-75.9817,-236.695,0.130074
3120,3120,0A,0.203966,0.72159,0.357104,0.55694,98.8616,-75.8526,-236.742,98.8616,-75.8526,-236.742,0.14461
3128,3128,0A,0.206256,0.720901,0.353583,0.559231,98.702,-75.7795,-237.06,98.702,-75.7795,-237.06,0.159848
3136,3136,0A,0.2121,0.718068,0.353311,0.56086,98.6876,-75.6953,-237.02,98.6876,-75.6953,-237.02,0.150642
3144,3144,0A,0.216833,0.716434,0.35124,0.562438,98.6591,-75.7402,-237.451,98.6591,-75.7402,-237.451,0.146718
3152,3152,0A,0.219338,0.714748,0.347993,0.565621,98.743,-75.4099,-237.504,98.743,-75.4099,-237.504,0.153146
3160,3160,0A,0.224426,0.710505,0.348228,0.568818,98.56,-75.5907,-237.829,98.56,-75.5907,-237.829,0.145426
3168,3168,0A,0.226798,0.70545,0.348583,0.573927,98.6956,-75.4085,-237.964,98.6956,-75.4085,-237.964,0.16536
3176,3176,0A,0.230325,0.699147,0.350991,0.578748,98.5599,-75.675,-238.439,98.5599,-75.675,-238.439,0.158312
3184,3184,0A,0.233804,0.692693,0.354495,0.582962,98.3845,-75.7055,-238.743,98.3845,-75.7055,-238.743,0.157815
3192,3192,0A,0.238849,0.68654,0.35897,0.585452,98.4013,-75.9004,-239.058,98.4013,-75.9004,-239.058,0.168175
3200,3200,0A,0.242148,0.681888,0.360888,0.588348,98.5673,-75.8893,-239.174,98.5673,-75.8893,-239.174,0.180641
3208,3208,0A,0.242412,0.679118,0.360056,0.591941,98.4814,-76.0672,-239.407,98.4814,-76.0672,-239.407,0.168876
3216,3216,0A,0.241824,0.675841,0.359708,0.59613,98.5933,-76.1022,-239.544,98.5933,-76.1022,-239.544,0.171148
3224,3224,0A,0.240471,0.672312,0.360072,0.600432,98.4817,-76.2929,-239.858,98.4817,-76.2929,-239.858,0.174188
3240,3240,0A,0.237757,0.664388,0.3628,0.608635,98.2979,-76.5336,-239.619,98.2979,-76.5336,-239.619,0.175731
3248,3248,0A,0.236149,0.659955,0.364914,0.612806,98.3056,-76.7582,-239.715,98.3056,-76.7582,-239.715,0.175234
3256,3256,0A,0.232642,0.655414,0.367362,0.61754,98.2159,-77.1008,-239.935,98.2159,-77.1008,-239.935,0.168337
3264,3264,0A,0.228894,0.64985,0.372343,0.621822,98.2181,-77.4007,-240.049,98.2181,-77.4007,-240.049,0.166398
3272,3272,0A,0.223729,0.644869,0.376603,0.626306,98.4098,-77.6553,-240.383,98.4098,-77.6553,-240.383,0.172597
3280,3280,0A,0.217879,0.641332,0.379973,0.629955,98.2945,-77.9767,-240.355,98.2945,-77.9767,-240.355,0.167616
3288,3288,0A,0.211568,0.638618,0.382772,0.633161,98.4622,-78.1838,-240.492,98.4622,-78.1838,-240.492,0.173115
3296,3296,0A,0.206262,0.636564,0.386456,0.634741,98.452,-78.5646,-240.456,98.452,-78.5646,-240.456,0.166772
3304,3304,0A,0.200195,0.635148,0.389559,0.636202,98.4593,-78.7342,-240.391,98.4593,-78.7342,-240.391,0.159783
3312,3312,0A,0.194121,0.634368,0.392484,0.637064,98.4709,-78.9203,-240.419,98.4709,-78.9203,-240.419,0.168363
3320,3320,0A,0.189061,0.634411,0.394971,0.637006,98.4697,-79.0822,-240.351,98.4697,-79.0822,-240.351,0.159593
3328,3328,0A,0.183947,0.635353,0.397825,0.635787,98.5151,-79.1548,-240.154,98.5151,-79.1548,-240.154,0.156529
3336,3336,0A,0.178221,0.635984,0.401516,0.634466,98.6407,-79.3851,-240.042,98.6407,-79.3851,-240.042,0.151904
3344,3344,0A,0.171551,0.636555,0.406299,0.632685,98.592,-79.7838,-239.863,98.592,-79.7838,-239.863,0.149069
3352,3352,0A,0.162462,0.637887,0.409983,0.631364,98.7756,-79.7992,-239.679,98.7756,-79.7992,-239.679,0.14005
3360,3360,0A,0.155057,0.639183,0.415003,0.628629,98.8408,-80.1263,-239.439,98.8408,-80.1263,-239.439,0.146082
3368,3368,0A,0.14685,0.640669,0.419533,0.626076,98.9104,-80.4317,-239.199,98.9104,-80.4317,-239.199,0.139277
3376,3376,0A,0.138832,0.642114,0.424528,0.62305,98.9066,-80.6741,-239.009,98.9066,-80.6741,-239.009,0.143236
3384,3384,0A,0.130349,0.644156,0.429033,0.61968,99.1282,-80.7685,-238.715,99.1282,-80.7685,-238.715,0.138037
3392,3392,0A,0.122294,0.647538,0.432994,0.615025,99.1129,-81.0678,-238.401,99.1129,-81.0678,-238.401,0.129433
3400,3400,0A,0.114608,0.650667,0.436954,0.610385,99.3646,-81.1237,-238.102,99.3646,-81.1237,-238.102,0.133346
3408,3408,0A,0.107826,0.653959,0.441629,0.604711,99.2993,-81.413,-237.734,99.2993,-81.413,-237.734,0.118176
3416,3416,0A,0.100942,0.656455,0.446044,0.599936,99.5353,-81.4501,-237.476,99.5353,-81.4501,-237.476,0.117309
3424,3424,0A,0.0955161,0.659967,0.450084,0.593923,99.5141,-81.6317,-237.182,99.5141,-81.6317,-237.182,0.118527
3432,3432,0A,0.0910787,0.664724,0.452349,0.587561,99.7803,-81.4751,-236.744,99.7803,-81.4751,-236.744,0.115227
3440,3440,0A,0.0899591,0.670405,0.454433,0.579616,99.8673,-81.4614,-236.495,99.8673,-81.4614,-236.495,0.112353
3448,3448,0A,0.0902832,0.676169,0.455788,0.571754,99.8485,-81.1675,-236.022,99.8485,-81.1675,-236.022,0.110247
3456,3456,0A,0.0921422,0.682525,0.457099,0.562788,99.889,-81.1481,-235.651,99.889,-81.1481,-235.651,0.103744
3472,3472,0A,0.0960502,0.696561,0.455831,0.545706,100.076,-80.5967,-235.357,100.076,-80.5967,-235.357,0.11881
3480,3480,0A,0.101097,0.702192,0.455649,0.537672,100.272,-80.3432,-234.905,100.272,-80.3432,-234.905,0.11587
3488,3488,0A,0.104606,0.708887,0.453868,0.52966,100.191,-80.1106,-234.729,100.191,-80.1106,-234.729,0.111716
3496,3496,0A,0.109134,0.714029,0.452351,0.523098,100.408,-79.6803,-234.335,100.408,-79.6803,-234.335,0.101186
3504,3504,0A,0.113683,0.720498,0.449252,0.51588,100.308,-79.5759,-234.197,100.308,-79.5759,-234.197,0.0997172
3512,3512,0A,0.116446,0.726566,0.444681,0.510686,100.326,-78.9461,-233.897,100.326,-78.9461,-233.897,0.107899
3520,3520,0A,0.122757,0.731718,0.44118,0.504855,100.355,-78.5687,-233.863,100.355,-78.5687,-233.863,0.106026
3528,3528,0A,0.131932,0.736528,0.438082,0.498202,100.603,-78.0526,-233.51,100.603,-78.0526,-233.51,0.113341
3536,3536,0A,0.142601,0.74154,0.434811,0.490635,100.328,-77.8692,-233.446,100.328,-77.8692,-233.446,0.107051
3544,3544,0A,0.150823,0.747335,0.429013,0.484448,100.316,-77.2194,-233.196,100.316,-77.2194,-233.196,0.118294
3552,3552,0A,0.15905,0.752555,0.423148,0.478864,100.327,-76.645,-233.161,100.327,-76.645,-233.161,0.117507
3560,3560,0A,0.169134,0.755756,0.418934,0.474047,100.312,-76.2139,-232.969,100.312,-76.2139,-232.969,0.116639
3568,3568,0A,0.178012,0.758546,0.413188,0.471378,100.356,-75.8808,-233.115,100.356,-75.8808,-233.115,0.108408
3576,3576,0A,0.185171,0.762268,0.405538,0.469253,100.085,-75.5228,-233.126,100.085,-75.5228,-233.126,0.13281
3584,3584,0A,0.192426,0.764419,0.398086,0.469216,99.9769,-75.2727,-233.323,99.9769,-75.2727,-233.323,0.135946
3592,3592,0A,0.19997,0.764827,0.392037,0.470488,99.9335,-74.7923,-233.382,99.9335,-74.7923,-233.382,0.121128
3600,3600,0A,0.211243,0.763001,0.388409,0.471535,100.058,-74.5451,-233.664,100.058,-74.5451,-233.664,0.12467
3608,3608,0A,0.220336,0.762304,0.383112,0.472832,99.8158,-74.1528,-233.811,99.8158,-74.1528,-233.811,0.130461
3616,3616,0A,0.229601,0.761021,0.377542,0.474966,99.7546,-73.9495,-234.078,99.7546,-73.9495,-234.078,0.120814
3624,3624,0A,0.238311,0.75923,0.372367,0.477621,99.664,-73.6791,-234.3,99.664,-73.6791,-234.3,0.123382
3632,3632,0A,0.246646,0.757305,0.367552,0.480167,99.4419,-73.4873,-234.579,99.4419,-73.4873,-234.579,0.127491
3640,3640,0A,0.257007,0.753457,0.36502,0.482713,99.3105,-73.4191,-234.884,99.3105,-73.4191,-234.884,0.143506
3648,3648,0A,0.266143,0.749543,0.361811,0.486257,99.3136,-73.3132,-235.137,99.3136,-73.3132,-235.137,0.156815
3656,3656,0A,0.273778,0.745652,0.358808,0.490209,99.1019,-73.1897,-235.536,99.1019,-73.1897,-235.536,0.144549
3664,3664,0A,0.280032,0.742055,0.355513,0.494518,98.909,-72.9836,-235.928,98.909,-72.9836,-235.928,0.139755
3672,3672,0A,0.287936,0.737035,0.353837,0.49867,98.8783,-72.9767,-236.24,98.8783,-72.9767,-236.24,0.147214
3680,3680,0A,0.294522,0.731929,0.351619,0.503886,98.8098,-72.9291,-236.519,98.8098,-72.9291,-236.519,0.150105
3688,3688,0A,0.297773,0.728744,0.345205,0.510976,98.7472,-72.9219,-236.957,98.7472,-72.9219,-236.957,0.165453
3696,3696,0A,0.301063,0.724155,0.33975,0.519164,98.554,-73.0249,-237.383,98.554,-73.0249,-237.383,0.144428
3704,3704,0A,0.304247,0.718201,0.336743,0.527471,98.5776,-73.1011,-237.819,98.5776,-73.1011,-237.819,0.149142
3712,3712,0A,0.309018,0.711963,0.336595,0.533216,98.647,-73.1304,-238.215,98.647,-73.1304,-238.215,0.154204
3720,3720,0A,0.311528,0.707754,0.334505,0.538647,98.5563,-73.1982,-238.434,98.5563,-73.1982,-238.434,0.155599
3728,3728,0A,0.313273,0.702444,0.333584,0.545119,98.5956,-73.106,-238.615,98.5956,-73.106,-238.615,0.158013
3736,3736,0A,0.312594,0.696531,0.333643,0.553003,98.4019,-73.5123,-238.943,98.4019,-73.5123,-238.943,0.169367
3752,3752,0A,0.302236,0.684456,0.335983,0.572092,98.1085,-74.1135,-239.255,98.1085,-74.1135,-239.255,0.170645
3760,3760,0A,0.297873,0.678141,0.339035,0.580045,98.0896,-74.3433,-239.405,98.0896,-74.3433,-239.405,0.169346
3768,3768,0A,0.295659,0.67254,0.342531,0.585619,98.0393,-74.8244,-239.736,98.0393,-74.8244,-239.736,0.16697
3776,3776,0A,0.292324,0.668664,0.343734,0.591002,98.236,-74.7213,-239.806,98.236,-74.7213,-239.806,0.178404
3784,3784,0A,0.290449,0.665667,0.34526,0.59441,98.0967,-75.0642,-239.956,98.0967,-75.0642,-239.956,0.17571
3792,3792,0A,0.288208,0.661526,0.347252,0.598945,98.287,-75.0027,-239.975,98.287,-75.0027,-239.975,0.191879
3800,3800,0A,0.289009,0.654847,0.351994,0.603117,98.1103,-75.619,-240.344,98.1103,-75.619,-240.344,0.188109
3808,3808,0A,0.287554,0.648464,0.355152,0.608831,98.1531,-75.6002,-240.639,98.1531,-75.6002,-240.639,0.19836
3816,3816,0A,0.286712,0.64373,0.358368,0.612356,98.134,-75.9614,-240.862,98.134,-75.9614,-240.862,0.179606
3824,3824,0A,0.284247,0.640288,0.361523,0.615253,98.2671,-75.9467,-240.821,98.2671,-75.9467,-240.821,0.181134
3832,3832,0A,0.281964,0.636126,0.367204,0.617253,98.1392,-76.4837,-240.87,98.1392,-76.4837,-240.87,0.169568
3840,3840,0A,0.27582,0.631364,0.371585,0.622277,98.1282,-76.5526,-241.016,98.1282,-76.5526,-241.016,0.201361
3848,3848,0A,0.270545,0.625819,0.376997,0.62692,98.073,-77.0979,-241.283,98.073,-77.0979,-241.283,0.187136
3856,3856,0A,0.263887,0.621891,0.381689,0.630817,98.3467,-77.0908,-241.401,98.3467,-77.0908,-241.401,0.193306
3864,3864,0A,0.259459,0.619768,0.388041,0.630867,98.2442,-77.7207,-241.358,98.2442,-77.7207,-241.358,0.173657
3872,3872,0A,0.252308,0.619471,0.393069,0.630946,98.3051,-77.6436,-241.161,98.3051,-77.6436,-241.161,0.174944
3880,3880,0A,0.247108,0.619618,0.398648,0.629359,98.115,-78.2082,-240.971,98.115,-78.2082,-240.971,0.165163
3888,3888,0A,0.240789,0.620887,0.401865,0.62851,98.3605,-78.1345,-240.865,98.3605,-78.1345,-240.865,0.173321
3896,3896,0A,0.23678,0.623065,0.405775,0.625358,98.4086,-78.4196,-240.695,98.4086,-78.4196,-240.695,0.171329
3904,3904,0A,0.230586,0.625876,0.409562,0.62239,98.5099,-78.2575,-240.387,98.5099,-78.2575,-240.387,0.174934
3912,3912,0A,0.225438,0.627408,0.415512,0.618779,98.4736,-78.7543,-240.103,98.4736,-78.7543,-240.103,0.155079
3920,3920,0A,0.214989,0.628871,0.420083,0.617925,98.5175,-78.7541,-239.82,98.5175,-78.7541,-239.82,0.16285
3928,3928,0A,0.205635,0.629188,0.425808,0.616867,98.4596,-79.359,-239.64,98.4596,-79.359,-239.64,0.150659
3936,3936,0A,0.194736,0.630186,0.43068,0.616001,98.7518,-79.383,-239.461,98.7518,-79.383,-239.461,0.151329
3944,3944,0A,0.186136,0.632576,0.435094,0.613103,98.601,-79.8888,-239.186,98.601,-79.8888,-239.186,0.141417
3952,3952,0A,0.17755,0.636241,0.437184,0.610363,98.8028,-79.6837,-238.992,98.8028,-79.6837,-238.992,0.138504
3960,3960,0A,0.174094,0.641891,0.438887,0.604191,98.8428,-79.9982,-238.679,98.8428,-79.9982,-238.679,0.135152
3968,3968,0A,0.172544,0.648072,0.440262,0.596992,99.0421,-79.6257,-238.213,99.0421,-79.6257,-238.213,0.138437
3976,3976,0A,0.173197,0.654302,0.442336,0.588414,98.96,-79.7105,-237.78,98.96,-79.7105,-237.78,0.131575
3984,3984,0A,0.171365,0.6602,0.442583,0.582144,99.0548,-79.2961,-237.482,99.0548,-79.2961,-237.482,0.129504
3992,3992,0A,0.172502,0.665453,0.44332,0.575223,99.0062,-79.3252,-237.147,99.0062,-79.3252,-237.147,0.126937
4000,4000,0A,0.174463,0.670433,0.444157,0.568161,99.1742,-78.8605,-236.895,99.1742,-78.8605,-236.895,0.127527
4008,4008,0A,0.1792,0.67543,0.445113,0.559961,99.1717,-78.9821,-236.474,99.1717,-78.9821,-236.474,0.119065
4016,4016,0A,0.180355,0.679794,0.445006,0.554367,99.2482,-78.5027,-236.263,99.2482,-78.5027,-236.263,0.125381
4024,4024,0A,0.182506,0.683028,0.445185,0.549523,99.1848,-78.5777,-236.126,99.1848,-78.5777,-236.126,0.123526
4032,4032,0A,0.183716,0.685314,0.445414,0.546076,99.1061,-78.3655,-235.987,99.1061,-78.3655,-235.987,0.123121
4040,4040,0A,0.185712,0.687868,0.444931,0.542573,99.1015,-78.265,-235.96,99.1015,-78.265,-235.96,0.121916
4056,4056,0A,0.194245,0.69281,0.442535,0.535207,99.2114,-77.9367,-236.1,99.2114,-77.9367,-236.1,0.129896
4064,4064,0A,0.200837,0.693978,0.44111,0.532429,99.2723,-77.8013,-236.192,99.2723,-77.8013,-236.192,0.141493
4072,4072,0A,0.204518,0.695359,0.438044,0.531757,99.4061,-77.4331,-236.208,99.4061,-77.4331,-236.208,0.124518
4080,4080,0A,0.208561,0.69614,0.434911,0.531736,99.2185,-77.0518,-236.246,99.2185,-77.0518,-236.246,0.131623
4088,4088,0A,0.214487,0.695294,0.430884,0.53376,99.1764,-76.9761,-236.41,99.1764,-76.9761,-236.41,0.139345
4096,4096,0A,0.220632,0.692328,0.427228,0.538033,99.2192,-76.8383,-236.704,99.2192,-76.8383,-236.704,0.140347
4104,4104,0A,0.225553,0.688739,0.423727,0.543342,99.1576,-76.9219,-236.991,99.1576,-76.9219,-236.991,0.143068
4112,4112,0A,0.227104,0.686415,0.419181,0.549132,98.8154,-76.988,-237.327,98.8154,-76.988,-237.327,0.149821
4120,4120,0A,0.230381,0.683302,0.415546,0.554386,98.6737,-76.9054,-237.558,98.6737,-76.9054,-237.558,0.159414
4128,4128,0A,0.2372,0.680263,0.412342,0.557632,98.6025,-76.8356,-238.008,98.6025,-76.8356,-238.008,0.161863
4136,4136,0A,0.243783,0.678985,0.407205,0.560118,98.7468,-76.4728,-238.21,98.7468,-76.4728,-238.21,0.165671
4144,4144,0A,0.251341,0.677875,0.403074,0.561112,98.6572,-76.3039,-238.441,98.6572,-76.3039,-238.441,0.15149
4152,4152,0A,0.257695,0.67695,0.399864,0.561641,98.6517,-76.1575,-238.592,98.6517,-76.1575,-238.592,0.169779
4160,4160,0A,0.262083,0.675555,0.398452,0.562293,98.6549,-76.1397,-238.576,98.6549,-76.1397,-238.576,0.158458
4168,4168,0A,0.264667,0.674943,0.397125,0.562757,98.6117,-76.1319,-238.668,98.6117,-76.1319,-238.668,0.163132
4176,4176,0A,0.265313,0.674586,0.396146,0.563569,98.6505,-76.0542,-238.813,98.6505,-76.0542,-238.813,0.156754
4184,4184,0A,0.264332,0.674358,0.39552,0.564742,98.6713,-75.9563,-238.795,98.6713,-75.9563,-238.795,0.160984
4192,4192,0A,0.262004,0.674358,0.395512,0.565832,98.4979,-76.256,-238.751,98.4979,-76.256,-238.751,0.162783
4200,4200,0A,0.257704,0.674069,0.396309,0.567591,98.506,-76.1821,-238.821,98.506,-76.1821,-238.821,0.174312
4208,4208,0A,0.254926,0.672915,0.398409,0.568742,98.5208,-76.4148,-238.774,98.5208,-76.4148,-238.774,0.156545
4216,4216,0A,0.253021,0.672101,0.40055,0.569053,98.5369,-76.5232,-238.653,98.5369,-76.5232,-238.653,0.174977
4224,4224,0A,0.250077,0.672341,0.400922,0.569807,98.6431,-76.6252,-238.648,98.6431,-76.6252,-238.648,0.166257
4232,4232,0A,0.248125,0.672429,0.401536,0.570125,98.68,-76.4335,-238.54,98.68,-76.4335,-238.54,0.180462
4240,4240,0A,0.248042,0.671903,0.402951,0.569783,98.6614,-76.7195,-238.511,98.6614,-76.7195,-238.511,0.156302
4248,4248,0A,0.245518,0.671837,0.4031,0.570847,98.7507,-76.5258,-238.531,98.7507,-76.5258,-238.531,0.158834
4256,4256,0A,0.244687,0.671101,0.404291,0.571228,98.7129,-76.7639,-238.516,98.7129,-76.7639,-238.516,0.145282
4264,4264,0A,0.240297,0.672472,0.402724,0.572583,98.648,-76.5931,-238.706,98.648,-76.5931,-238.706,0.149275
4272,4272,0A,0.239698,0.672702,0.402812,0.572504,98.6026,-76.838,-238.718,98.6026,-76.838,-238.718,0.162803
4280,4280,0A,0.247311,0.669001,0.408092,0.569856,98.3497,-76.6214,-237.753,98.3497,-76.6214,-237.753,0.169407
4288,4288,0A,0.245851,0.670575,0.406988,0.569428,98.2808,-76.7842,-237.663,98.2808,-76.7842,-237.663,0.155954
4296,4296,0A,0.244639,0.671248,0.406859,0.569248,98.3234,-76.6797,-237.646,98.3234,-76.6797,-237.646,0.159747
4304,4304,0A,0.243113,0.67184,0.406498,0.569463,98.3178,-76.7639,-237.623,98.3178,-76.7639,-237.623,0.152091
4312,4312,0A,0.241323,0.671667,0.406533,0.570401,98.3452,-76.6853,-237.684,98.3452,-76.6853,-237.684,0.157925
4320,4320,0A,0.239323,0.67219,0.405475,0.571379,98.2463,-76.8456,-237.647,98.2463,-76.8456,-237.647,0.141662
4328,4328,0A,0.237153,0.672499,0.404587,0.57255,98.2561,-76.8219,-237.714,98.2561,-76.8219,-237.714,0.154347
4336,4336,0A,0.235677,0.673062,0.403546,0.573232,98.2388,-77.0226,-237.664,98.2388,-77.0226,-237.664,0.146094
4344,4344,0A,0.234342,0.673186,0.403009,0.57401,98.2659,-76.9553,-237.719,98.2659,-76.9553,-237.719,0.160312
4352,4352,0A,0.232917,0.674132,0.401258,0.574707,98.2724,-77.0376,-237.668,98.2724,-77.0376,-237.668,0.15207
4360,4360,0A,0.231859,0.674832,0.400161,0.575077,98.3439,-76.9537,-237.723,98.3439,-76.9537,-237.723,0.158892
4368,4368,0A,0.231167,0.675537,0.399416,0.575047,98.332,-76.9886,-237.659,98.332,-76.9886,-237.659,0.145193
4376,4376,0A,0.230662,0.675351,0.400006,0.575059,98.3184,-76.9091,-237.701,98.3184,-76.9091,-237.701,0.150605
4384,4384,0A,0.230239,0.674659,0.400992,0.575352,98.3278,-76.9718,-237.643,98.3278,-76.9718,-237.643,0.139786
4392,4392,0A,0.229791,0.673681,0.402433,0.575672,98.3177,-76.9911,-237.742,98.3177,-76.9911,-237.742,0.150293
4400,4400,0A,0.229299,0.673547,0.402699,0.575839,98.3261,-77.1124,-237.737,98.3261,-77.1124,-237.737,0.149283
4408,4408,0A,0.229415,0.673792,0.402934,0.57534,98.3605,-77.135,-237.774,98.3605,-77.135,-237.774,0.160626
4416,4416,0A,0.228992,0.675293,0.401465,0.574776,98.3219,-77.1715,-237.671,98.3219,-77.1715,-237.671,0.149042
4424,4424,0A,0.228617,0.676171,0.400662,0.574455,98.3537,-77.089,-237.686,98.3537,-77.089,-237.686,0.157992
4432,4432,0A,0.227994,0.676213,0.400774,0.574574,98.3812,-77.0342,-237.629,98.3812,-77.0342,-237.629,0.148473
4440,4440,0A,0.227558,0.675449,0.401967,0.574812,98.363,-77.0325,-237.625,98.363,-77.0325,-237.625,0.144726
4448,4448,0A,0.226926,0.674879,0.402698,0.575219,98.3897,-77.0695,-237.628,98.3897,-77.0695,-237.628,0.14642
4456,4456,0A,0.226238,0.674639,0.403007,0.575555,98.4981,-77.0835,-237.67,98.4981,-77.0835,-237.67,0.159285
4464,4464,0A,0.225429,0.675251,0.401987,0.575868,98.4568,-77.1231,-237.626,98.4568,-77.1231,-237.626,0.152524
4472,4472,0A,0.224265,0.676116,0.400206,0.576547,98.4561,-77.1802,-237.647,98.4561,-77.1802,-237.647,0.155321
4480,4480,0A,0.223412,0.676356,0.399291,0.577232,98.4175,-77.1248,-237.616,98.4175,-77.1248,-237.616,0.145173
4488,4488,0A,0.222538,0.676457,0.398586,0.577938,98.3913,-77.0958,-237.643,98.3913,-77.0958,-237.643,0.14286
4496,4496,0A,0.221591,0.676528,0.397787,0.578768,98.441,-77.0293,-237.651,98.441,-77.0293,-237.651,0.14582
4504,4504,0A,0.220497,0.676977,0.396409,0.579606,98.5169,-77.0663,-237.707,98.5169,-77.0663,-237.707,0.154448
4512,4512,0A,0.220223,0.677004,0.395973,0.579977,98.4675,-77.085,-237.73,98.4675,-77.085,-237.73,0.156266
4520,4520,0A,0.220401,0.676765,0.396463,0.579854,98.4356,-77.1578,-237.721,98.4356,-77.1578,-237.721,0.153055
4528,4528,0A,0.221062,0.675985,0.398157,0.579351,98.3959,-77.1034,-237.725,98.3959,-77.1034,-237.725,0.151157
4536,4536,0A,0.221918,0.675415,0.399807,0.578551,98.3897,-77.2138,-237.698,98.3897,-77.2138,-237.698,0.139347
4544,4544,0A,0.222265,0.675216,0.400881,0.577907,98.3681,-77.2284,-237.684,98.3681,-77.2284,-237.684,0.141832
4552,4552,0A,0.222146,0.675694,0.400816,0.57744,98.3741,-77.257,-237.653,98.3741,-77.257,-237.653,0.141738
4560,4560,0A,0.222028,0.676215,0.400828,0.576866,98.3286,-77.1711,-237.657,98.3286,-77.1711,-237.657,0.151529
