32,32,0A,0.463826,-0.353055,0.151479,-0.798293,101.153,22.9061,-208.691,101.153,22.9061,-208.691,0.105325
40,40,0A,0.463472,-0.352676,0.15081,-0.798793,101.193,22.8077,-208.671,101.193,22.8077,-208.671,0.0916908
48,48,0A,0.463884,-0.351528,0.151356,-0.798957,101.255,23.0452,-208.726,101.255,23.0452,-208.726,0.0960145
56,56,0A,0.464778,-0.351455,0.151726,-0.798399,101.225,22.8588,-208.724,101.225,22.8588,-208.724,0.0905546
64,64,0A,0.465698,-0.351588,0.151857,-0.797779,101.211,22.8514,-208.725,101.211,22.8514,-208.725,0.106706
72,72,0A,0.467067,-0.351193,0.152009,-0.797123,101.199,22.8554,-208.686,101.199,22.8554,-208.686,0.104859
80,80,0A,0.468575,-0.350674,0.152384,-0.796394,100.95,22.5773,-208.836,100.95,22.5773,-208.836,0.102113
88,88,0A,0.469522,-0.350057,0.152598,-0.796067,100.972,22.588,-208.81,100.972,22.588,-208.81,0.0978072
96,96,0A,0.469881,-0.349856,0.152572,-0.795949,100.956,22.5805,-208.86,100.956,22.5805,-208.86,0.0950464
104,104,0A,0.470567,-0.349502,0.152545,-0.795705,100.951,22.5878,-208.875,100.951,22.5878,-208.875,0.0930599
112,112,0A,0.471535,-0.348901,0.152604,-0.795384,100.99,22.5553,-208.852,100.99,22.5553,-208.852,0.0915828
120,120,0A,0.471839,-0.348506,0.152631,-0.795371,101.013,22.5939,-208.871,101.013,22.5939,-208.871,0.0939997
128,128,0A,0.471887,-0.348339,0.152403,-0.79546,101.048,22.572,-208.877,101.048,22.572,-208.877,0.0982654
136,136,0A,0.470823,-0.348448,0.152012,-0.796117,101.044,22.5928,-208.867,101.044,22.5928,-208.867,0.100319
144,144,0A,0.470144,-0.34852,0.151564,-0.796572,101.063,22.5571,-208.866,101.063,22.5571,-208.866,0.0961724
152,152,0A,0.469365,-0.348548,0.151277,-0.797074,101.065,22.6066,-208.878,101.065,22.6066,-208.878,0.0987646
160,160,0A,0.468833,-0.348773,0.15099,-0.797343,101.297,22.8518,-208.78,101.297,22.8518,-208.78,0.0968204
168,168,0A,0.468692,-0.348829,0.150814,-0.797434,101.285,22.8498,-208.775,101.285,22.8498,-208.775,0.0971097
176,176,0A,0.466511,-0.349773,0.150156,-0.798423,101.095,22.5846,-208.846,101.095,22.5846,-208.846,0.0983224
184,184,0A,0.464462,-0.350665,0.149693,-0.799314,101.064,22.5878,-208.84,101.064,22.5878,-208.84,0.0957217
192,192,0A,0.462565,-0.351594,0.149439,-0.800052,101.061,22.6301,-208.828,101.061,22.6301,-208.828,0.0970183
200,200,0A,0.459638,-0.352985,0.149137,-0.801182,101.029,22.671,-208.819,101.029,22.671,-208.819,0.0976595
208,208,0A,0.456042,-0.354932,0.148686,-0.80246,100.99,22.6705,-208.794,100.99,22.6705,-208.794,0.088704
216,216,0A,0.459426,-0.357579,0.153279,-0.79848,101.14,23.0445,-208.594,101.14,23.0445,-208.594,0.0891366
224,224,0A,0.457042,-0.360103,0.153903,-0.798594,101.118,23.0706,-208.44,101.118,23.0706,-208.44,0.0990705
232,232,0A,0.454666,-0.362233,0.155428,-0.798692,101.065,23.127,-208.325,101.065,23.127,-208.325,0.103253
240,240,0A,0.450407,-0.365696,0.155395,-0.799532,100.929,22.9631,-208.242,100.929,22.9631,-208.242,0.112099
248,248,0A,0.448602,-0.368946,0.15714,-0.798713,100.955,23.0281,-208.223,100.955,23.0281,-208.223,0.106773
256,256,0A,0.445363,-0.372828,0.158485,-0.798457,100.837,23.1111,-208.088,100.837,23.1111,-208.088,0.106013
264,264,0A,0.442709,-0.376887,0.159549,-0.797815,100.799,23.0751,-207.969,100.799,23.0751,-207.969,0.114632
272,272,0A,0.441354,-0.381122,0.161526,-0.796154,100.683,23.19,-207.874,100.683,23.19,-207.874,0.109276
280,280,0A,0.438207,-0.386665,0.161879,-0.795148,100.657,23.1654,-207.679,100.657,23.1654,-207.679,0.102808
288,288,0A,0.435542,-0.392017,0.162617,-0.79384,100.666,23.2071,-207.483,100.666,23.2071,-207.483,0.106779
296,296,0A,0.433782,-0.395913,0.163571,-0.792672,100.559,23.1418,-207.372,100.559,23.1418,-207.372,0.103256
304,304,0A,0.432726,-0.398194,0.165659,-0.791674,100.414,23.2072,-207.295,100.414,23.2072,-207.295,0.107562
312,312,0A,0.429957,-0.401206,0.166883,-0.791405,100.364,23.1618,-207.113,100.364,23.1618,-207.113,0.100119
320,320,0A,0.427925,-0.405272,0.168834,-0.790019,100.36,23.2452,-207.083,100.36,23.2452,-207.083,0.107976
328,328,0A,0.425024,-0.410209,0.169553,-0.788883,100.23,23.1069,-206.83,100.23,23.1069,-206.83,0.113104
336,336,0A,0.422781,-0.414206,0.170299,-0.787837,100.212,23.2174,-206.798,100.212,23.2174,-206.798,0.106973
344,344,0A,0.4212,-0.417668,0.171159,-0.786669,100.142,23.1552,-206.702,100.142,23.1552,-206.702,0.101574
352,352,0A,0.420305,-0.420377,0.173183,-0.785261,100.232,23.4479,-206.564,100.232,23.4479,-206.564,0.110241
360,360,0A,0.415358,-0.424938,0.173027,-0.785473,100.107,23.3291,-206.426,100.107,23.3291,-206.426,0.10487
368,368,0A,0.41203,-0.429151,0.174473,-0.784615,99.9911,23.3257,-206.205,99.9911,23.3257,-206.205,0.106222
376,376,0A,0.407958,-0.433742,0.175958,-0.783886,99.9549,23.4903,-206.104,99.9549,23.4903,-206.104,0.103269
392,392,0A,0.396185,-0.445495,0.178466,-0.782766,99.7159,23.413,-205.742,99.7159,23.413,-205.742,0.100969
400,400,0A,0.390536,-0.45121,0.179041,-0.782199,99.657,23.3499,-205.517,99.657,23.3499,-205.517,0.102361
408,408,0A,0.386718,-0.455426,0.17977,-0.781485,99.6187,23.4739,-205.43,99.6187,23.4739,-205.43,0.099789
416,416,0A,0.383895,-0.458549,0.180825,-0.780807,99.5417,23.4783,-205.297,99.5417,23.4783,-205.297,0.0998523
424,424,0A,0.381966,-0.460845,0.183162,-0.779856,99.5425,23.6114,-205.2,99.5425,23.6114,-205.2,0.0954943
432,432,0A,0.37968,-0.463402,0.185008,-0.779021,99.4399,23.4347,-205.08,99.4399,23.4347,-205.08,0.0932862
440,440,0A,0.379445,-0.465121,0.188455,-0.777283,99.4127,23.7275,-205.066,99.4127,23.7275,-205.066,0.0897918
448,448,0A,0.377749,-0.467873,0.190474,-0.775963,99.3528,23.6493,-204.83,99.3528,23.6493,-204.83,0.100958
456,456,0A,0.375682,-0.470986,0.192984,-0.774463,99.3492,23.7869,-204.764,99.3492,23.7869,-204.764,0.0983958
464,464,0A,0.372664,-0.47465,0.194971,-0.773185,99.2827,23.6763,-204.559,99.2827,23.6763,-204.559,0.0920177
472,472,0A,0.37192,-0.477671,0.197964,-0.770919,99.2949,23.8842,-204.43,99.2949,23.8842,-204.43,0.0935733
480,480,0A,0.370061,-0.48151,0.199578,-0.769008,99.1855,23.7344,-204.27,99.1855,23.7344,-204.27,0.095946
488,488,0A,0.3691,-0.485003,0.20249,-0.766508,99.1644,23.8953,-204.151,99.1644,23.8953,-204.151,0.0929075
496,496,0A,0.366557,-0.489864,0.20532,-0.76388,99.0426,23.8543,-203.929,99.0426,23.8543,-203.929,0.0979543
504,504,0A,0.36316,-0.495838,0.208201,-0.760862,99.0902,23.9878,-203.675,99.0902,23.9878,-203.675,0.0969545
512,512,0A,0.358223,-0.502635,0.208576,-0.758637,99.0214,23.8601,-203.273,99.0214,23.8601,-203.273,0.111233
520,520,0A,0.354989,-0.506392,0.208086,-0.757793,99.0048,23.9002,-203.111,99.0048,23.9002,-203.111,0.102008
528,528,0A,0.354508,-0.506522,0.208508,-0.757816,98.9695,24.0039,-203.252,98.9695,24.0039,-203.252,0.0927805
536,536,0A,0.355013,-0.505477,0.209434,-0.758022,98.9854,24.0755,-203.257,98.9854,24.0755,-203.257,0.090722
544,544,0A,0.35431,-0.506139,0.210654,-0.75757,98.9418,24.1779,-203.317,98.9418,24.1779,-203.317,0.0937574
552,552,0A,0.351661,-0.509834,0.211921,-0.755972,98.9178,24.1329,-203.103,98.9178,24.1329,-203.103,0.102507
560,560,0A,0.34798,-0.516135,0.213485,-0.752954,98.9101,24.1939,-202.873,98.9101,24.1939,-202.873,0.104567
568,568,0A,0.344277,-0.523192,0.215252,-0.749274,98.8532,24.0521,-202.489,98.8532,24.0521,-202.489,0.103313
576,576,0A,0.342593,-0.528918,0.217793,-0.74528,98.8455,24.1819,-202.17,98.8455,24.1819,-202.17,0.101834
584,584,0A,0.340258,-0.534361,0.219101,-0.742077,98.7795,24.073,-201.964,98.7795,24.073,-201.964,0.104168
592,592,0A,0.338487,-0.538901,0.22043,-0.739205,98.7962,24.2529,-201.781,98.7962,24.2529,-201.781,0.0944616
600,600,0A,0.335457,-0.543617,0.221159,-0.736912,98.6644,24.0438,-201.61,98.6644,24.0438,-201.61,0.0927651
608,608,0A,0.334261,-0.547567,0.22397,-0.733674,98.7799,24.4202,-201.442,98.7799,24.4202,-201.442,0.0888021
616,616,0A,0.331268,-0.552712,0.226761,-0.730308,98.6439,24.1973,-201.141,98.6439,24.1973,-201.141,0.0956918
624,624,0A,0.33048,-0.557229,0.230984,-0.725897,98.6977,24.3944,-200.909,98.6977,24.3944,-200.909,0.0913923
640,640,0A,0.326635,-0.568339,0.237212,-0.716959,98.7829,24.5433,-200.414,98.7829,24.5433,-200.414,0.111083
648,648,0A,0.323134,-0.573939,0.238142,-0.713769,98.6305,24.3166,-200.04,98.6305,24.3166,-200.04,0.087492
656,656,0A,0.323554,-0.576985,0.240596,-0.710292,98.6398,24.338,-199.887,98.6398,24.338,-199.887,0.0971326
664,664,0A,0.322332,-0.580068,0.242128,-0.707812,98.5915,24.2473,-199.63,98.5915,24.2473,-199.63,0.101169
672,672,0A,0.321467,-0.582898,0.244432,-0.705083,98.6494,24.4847,-199.611,98.6494,24.4847,-199.611,0.0887605
680,680,0A,0.319893,-0.586399,0.246999,-0.701995,98.6215,24.4288,-199.191,98.6215,24.4288,-199.191,0.112391
688,688,0A,0.316617,-0.591046,0.248614,-0.699006,98.6007,24.4591,-199.003,98.6007,24.4591,-199.003,0.106771
696,696,0A,0.313118,-0.595783,0.250477,-0.695889,98.6354,24.6387,-198.951,98.6354,24.6387,-198.951,0.100138
704,704,0A,0.310718,-0.599821,0.25335,-0.692447,98.6081,24.5709,-198.445,98.6081,24.5709,-198.445,0.110196
712,712,0A,0.308281,-0.603808,0.255849,-0.689145,98.6389,24.6377,-198.349,98.6389,24.6377,-198.349,0.0898216
720,720,0A,0.306649,-0.607226,0.257608,-0.686208,98.679,24.7963,-198.096,98.679,24.7963,-198.096,0.0952023
728,728,0A,0.304625,-0.610803,0.259407,-0.683251,98.5934,24.6326,-197.971,98.5934,24.6326,-197.971,0.0832226
736,736,0A,0.304626,-0.614152,0.262755,-0.678956,98.6464,24.6782,-197.733,98.6464,24.6782,-197.733,0.0941196
744,744,0A,0.30489,-0.618076,0.266145,-0.673937,98.7626,24.8555,-197.459,98.7626,24.8555,-197.459,0.0964435
752,752,0A,0.303072,-0.623373,0.268638,-0.66887,98.6625,24.6529,-197.061,98.6625,24.6529,-197.061,0.105767
760,760,0A,0.300746,-0.629022,0.26996,-0.664083,98.7477,24.7871,-197.024,98.7477,24.7871,-197.024,0.0957689
768,768,0A,0.298718,-0.63442,0.271832,-0.65908,98.7175,24.6455,-196.44,98.7175,24.6455,-196.44,0.115395
776,776,0A,0.295441,-0.64079,0.272514,-0.654094,98.8562,24.8202,-196.209,98.8562,24.8202,-196.209,0.0969542
784,784,0A,0.290725,-0.647752,0.273282,-0.64901,98.7741,24.6222,-195.805,98.7741,24.6222,-195.805,0.102279
792,792,0A,0.28734,-0.653505,0.275097,-0.643964,98.8485,24.594,-195.575,98.8485,24.594,-195.575,0.0918823
800,800,0A,0.2863,-0.657855,0.277689,-0.638865,98.9036,24.6959,-195.146,98.9036,24.6959,-195.146,0.102376
808,808,0A,0.284071,-0.662275,0.277664,-0.635294,98.9791,24.6669,-194.922,98.9791,24.6669,-194.922,0.0942965
816,816,0A,0.282242,-0.665961,0.277506,-0.632317,99.0354,24.8174,-194.818,99.0354,24.8174,-194.818,0.0898789
824,824,0A,0.280495,-0.669341,0.278004,-0.6293,99.0674,24.7009,-194.585,99.0674,24.7009,-194.585,0.094366
832,832,0A,0.277529,-0.673135,0.278377,-0.626397,99.0825,24.6678,-194.316,99.0825,24.6678,-194.316,0.0865075
840,840,0A,0.277291,-0.67559,0.281206,-0.622584,99.1416,24.8018,-194.094,99.1416,24.8018,-194.094,0.0932214
848,848,0A,0.276304,-0.678032,0.28453,-0.618847,99.1558,24.7316,-193.941,99.1558,24.7316,-193.941,0.0990969
856,856,0A,0.274454,-0.681036,0.285775,-0.61579,99.2523,24.8161,-193.69,99.2523,24.8161,-193.69,0.0861695
864,864,0A,0.272945,-0.683561,0.288231,-0.612511,99.2618,24.8158,-193.547,99.2618,24.8158,-193.547,0.0753626
872,872,0A,0.27253,-0.686014,0.291632,-0.608328,99.2963,24.8255,-193.351,99.2963,24.8255,-193.351,0.0872295
880,880,0A,0.270269,-0.689477,0.293067,-0.604721,99.3277,24.7874,-193.06,99.3277,24.7874,-193.06,0.0833959
888,888,0A,0.269048,-0.692333,0.295008,-0.601049,99.377,24.7876,-192.844,99.377,24.7876,-192.844,0.0798227
896,896,0A,0.267633,-0.694874,0.297083,-0.597716,99.3633,24.8413,-192.775,99.3633,24.8413,-192.775,0.0743925
904,904,0A,0.266785,-0.697286,0.299356,-0.594142,99.4705,25.0017,-192.544,99.4705,25.0017,-192.544,0.0815359
912,912,0A,0.264332,-0.700764,0.302178,-0.589702,99.486,24.8441,-192.416,99.486,24.8441,-192.416,0.0879359
920,920,0A,0.262303,-0.705586,0.305004,-0.583369,99.6569,24.9093,-191.915,99.6569,24.9093,-191.915,0.0864964
928,928,0A,0.260442,-0.710955,0.308593,-0.575746,99.7423,24.911,-191.338,99.7423,24.911,-191.338,0.0759659
936,936,0A,0.257065,-0.716434,0.309771,-0.569809,99.8154,24.9337,-191.147,99.8154,24.9337,-191.147,0.0704858
944,944,0A,0.253492,-0.72117,0.309761,-0.565424,99.8607,24.8603,-190.864,99.8607,24.8603,-190.864,0.065195
952,952,0A,0.252128,-0.723967,0.312023,-0.5612,99.8392,24.8258,-190.61,99.8392,24.8258,-190.61,0.0578484
960,960,0A,0.251054,-0.726585,0.313122,-0.557675,99.9579,24.9325,-190.419,99.9579,24.9325,-190.419,0.062901
968,968,0A,0.249925,-0.728808,0.314978,-0.554225,100.091,24.8598,-190.39,100.091,24.8598,-190.39,0.0671603
976,976,0A,0.24817,-0.731589,0.316643,-0.550388,100.169,24.8617,-190.223,100.169,24.8617,-190.223,0.0545242
984,984,0A,0.245971,-0.73472,0.318695,-0.546002,100.181,24.8419,-189.9,100.181,24.8419,-189.9,0.0503469
992,992,0A,0.242925,-0.738279,0.318852,-0.542463,100.288,24.8681,-189.692,100.288,24.8681,-189.692,0.0432023
1000,1000,0A,0.241104,-0.74071,0.321345,-0.538474,100.261,24.8389,-189.528,100.261,24.8389,-189.528,0.0536874
1008,1008,0A,0.239291,-0.743404,0.323399,-0.534326,100.389,24.9719,-189.343,100.389,24.9719,-189.343,0.0642383
1016,1016,0A,0.235731,-0.746765,0.32573,-0.529786,100.427,24.8605,-189.033,100.427,24.8605,-189.033,0.0524394
1024,1024,0A,0.232297,-0.750083,0.326275,-0.526268,100.553,24.8775,-188.852,100.553,24.8775,-188.852,0.0448209
1032,1032,0A,0.230117,-0.752018,0.328419,-0.523121,100.622,24.8442,-188.755,100.622,24.8442,-188.755,0.0450879
1040,1040,0A,0.229095,-0.753533,0.332564,-0.518753,100.757,24.8885,-188.695,100.757,24.8885,-188.695,0.0422508
1048,1048,0A,0.225394,-0.757534,0.334483,-0.513285,100.803,24.9618,-188.25,100.803,24.9618,-188.25,0.036747
1056,1056,0A,0.222833,-0.760718,0.338497,-0.507024,100.866,24.9909,-187.97,100.866,24.9909,-187.97,0.0454995
1064,1064,0A,0.22159,-0.762709,0.342072,-0.502155,100.966,24.898,-187.781,100.966,24.898,-187.781,0.0437807
1072,1072,0A,0.220882,-0.765102,0.342602,-0.498453,100.956,24.9568,-187.647,100.956,24.9568,-187.647,0.0479939
1080,1080,0A,0.220245,-0.76711,0.341934,-0.4961,101.097,24.9569,-187.644,101.097,24.9569,-187.644,0.0431115
1088,1088,0A,0.21927,-0.769043,0.340778,-0.494332,101.082,24.9666,-187.54,101.082,24.9666,-187.54,0.0354724
1096,1096,0A,0.219585,-0.769858,0.341262,-0.492587,101.157,24.875,-187.553,101.157,24.875,-187.553,0.0389182
1104,1104,0A,0.219285,-0.77165,0.340435,-0.490483,101.263,24.8666,-187.447,101.263,24.8666,-187.447,0.0440129
1112,1112,0A,0.218375,-0.773542,0.340525,-0.487841,101.269,24.7793,-187.262,101.269,24.7793,-187.262,0.0408174
1120,1120,0A,0.218154,-0.774912,0.340706,-0.485634,101.29,24.8924,-187.23,101.29,24.8924,-187.23,0.0461655
1128,1128,0A,0.217847,-0.77534,0.341484,-0.484541,101.34,24.8115,-187.28,101.34,24.8115,-187.28,0.0463233
1136,1136,0A,0.21667,-0.776604,0.34131,-0.483164,101.352,24.8394,-187.19,101.352,24.8394,-187.19,0.0410824
1144,1144,0A,0.216421,-0.777546,0.343037,-0.480531,101.45,24.8566,-187.088,101.45,24.8566,-187.088,0.0441708
1152,1152,0A,0.215654,-0.778701,0.344126,-0.478222,101.433,24.8618,-186.905,101.433,24.8618,-186.905,0.047001
1160,1160,0A,0.215828,-0.779281,0.344257,-0.477101,101.469,24.9296,-186.878,101.469,24.9296,-186.878,0.0431635
1168,1168,0A,0.215546,-0.779711,0.344113,-0.476631,101.471,24.8545,-186.902,101.471,24.8545,-186.902,0.0470712
1176,1176,0A,0.214967,-0.780801,0.343125,-0.475819,101.556,24.8499,-186.886,101.556,24.8499,-186.886,0.0428949
1184,1184,0A,0.213342,-0.783106,0.340983,-0.474299,101.512,24.891,-186.808,101.512,24.891,-186.808,0.0401131
1192,1192,0A,0.213029,-0.784059,0.340997,-0.472856,101.526,24.8822,-186.821,101.526,24.8822,-186.821,0.039241
1200,1200,0A,0.213473,-0.784581,0.341246,-0.471608,101.551,24.8699,-186.742,101.551,24.8699,-186.742,0.0409659
1208,1208,0A,0.212569,-0.78548,0.341195,-0.470555,101.63,24.7947,-186.769,101.63,24.7947,-186.769,0.0402467
1216,1216,0A,0.210207,-0.788097,0.339359,-0.468564,101.64,24.7921,-186.646,101.64,24.7921,-186.646,0.0404073
1224,1224,0A,0.208677,-0.790505,0.33771,-0.466377,101.678,24.7975,-186.529,101.678,24.7975,-186.529,0.049556
1232,1232,0A,0.208757,-0.79092,0.338418,-0.465124,101.725,24.8068,-186.515,101.725,24.8068,-186.515,0.0473875
1240,1240,0A,0.208694,-0.790886,0.338371,-0.465245,101.788,24.8075,-186.551,101.788,24.8075,-186.551,0.0420039
1248,1248,0A,0.20737,-0.791622,0.337104,-0.465505,101.694,24.7148,-186.472,101.694,24.7148,-186.472,0.0464977
1256,1256,0A,0.207391,-0.79134,0.337834,-0.465444,101.765,24.707,-186.406,101.765,24.707,-186.406,0.0455712
1264,1264,0A,0.20783,-0.790792,0.339516,-0.464957,101.752,24.7621,-186.409,101.752,24.7621,-186.409,0.0464217
1272,1272,0A,0.207053,-0.790943,0.339205,-0.465273,101.771,24.7995,-186.509,101.771,24.7995,-186.509,0.0440792
1280,1280,0A,0.20749,-0.790083,0.340564,-0.465545,101.837,24.8077,-186.534,101.837,24.8077,-186.534,0.0406351
1288,1288,0A,0.207535,-0.790583,0.338941,-0.465862,101.793,24.7277,-186.632,101.793,24.7277,-186.632,0.0416989
1296,1296,0A,0.207526,-0.790536,0.339539,-0.465509,101.784,24.7689,-186.561,101.784,24.7689,-186.561,0.0430122
1304,1304,0A,0.207042,-0.790561,0.339934,-0.465395,101.788,24.7648,-186.576,101.788,24.7648,-186.576,0.0421677
1312,1312,0A,0.209265,-0.78767,0.349481,-0.46222,101.764,24.711,-186.525,101.764,24.711,-186.525,0.043572
1320,1320,0A,0.204341,-0.790416,0.34759,-0.461159,101.758,24.8504,-186.316,101.758,24.8504,-186.316,0.0478367
1328,1328,0A,0.205285,-0.789477,0.350241,-0.460343,101.927,24.9409,-186.41,101.927,24.9409,-186.41,0.0473241
1336,1336,0A,0.204504,-0.789804,0.351315,-0.45931,101.906,24.8825,-186.384,101.906,24.8825,-186.384,0.0494976
1344,1344,0A,0.203826,-0.790767,0.351574,-0.457754,101.956,24.9415,-186.33,101.956,24.9415,-186.33,0.0462216
1352,1352,0A,0.203016,-0.792108,0.351884,-0.455552,101.921,24.9606,-186.171,101.921,24.9606,-186.171,0.0485131
1360,1360,0A,0.202685,-0.792699,0.353277,-0.453589,102.031,24.8853,-186.074,102.031,24.8853,-186.074,0.0488466
1368,1368,0A,0.202332,-0.793849,0.353475,-0.451576,102.104,24.8758,-186.031,102.104,24.8758,-186.031,0.0538888
1376,1376,0A,0.201674,-0.795682,0.352009,-0.449786,102.136,24.9234,-185.992,102.136,24.9234,-185.992,0.0531611
1384,1384,0A,0.200913,-0.796696,0.352912,-0.44762,102.136,24.8936,-185.917,102.136,24.8936,-185.917,0.0454928
1392,1392,0A,0.200046,-0.797808,0.353565,-0.445506,102.162,24.9323,-185.873,102.162,24.9323,-185.873,0.0541976
1400,1400,0A,0.200484,-0.79774,0.356115,-0.443396,102.262,24.9082,-185.743,102.262,24.9082,-185.743,0.0475925
1408,1408,0A,0.199752,-0.798903,0.356439,-0.441367,102.38,24.8197,-185.811,102.38,24.8197,-185.811,0.0477629
1416,1416,0A,0.19889,-0.801125,0.355661,-0.438346,102.351,24.8568,-185.622,102.351,24.8568,-185.622,0.0521519
1424,1424,0A,0.197524,-0.803072,0.356221,-0.434932,102.406,24.7708,-185.493,102.406,24.7708,-185.493,0.0547054
1432,1432,0A,0.195731,-0.805584,0.354425,-0.432559,102.553,24.7801,-185.553,102.553,24.7801,-185.553,0.052751
1440,1440,0A,0.195723,-0.806872,0.355049,-0.42964,102.593,24.7807,-185.485,102.593,24.7807,-185.485,0.0585023
1448,1448,0A,0.196351,-0.807896,0.355903,-0.426711,102.687,24.7437,-185.4,102.687,24.7437,-185.4,0.0542092
1456,1456,0A,0.19553,-0.810096,0.355414,-0.423313,102.708,24.6153,-185.26,102.708,24.6153,-185.26,0.0493168
1464,1464,0A,0.194582,-0.813385,0.352844,-0.419576,102.666,24.67,-185.108,102.666,24.67,-185.108,0.0533545
1472,1472,0A,0.193325,-0.81593,0.349536,-0.417981,102.731,24.5867,-185.112,102.731,24.5867,-185.112,0.0577522
1480,1480,0A,0.193289,-0.817035,0.347439,-0.417587,102.848,24.5667,-185.06,102.848,24.5667,-185.06,0.0635094
1488,1488,0A,0.193523,-0.817401,0.346938,-0.417178,102.894,24.5596,-185.118,102.894,24.5596,-185.118,0.0613206
1496,1496,0A,0.191947,-0.81885,0.344883,-0.41677,102.866,24.6095,-185.178,102.866,24.6095,-185.178,0.064024
1504,1504,0A,0.192071,-0.81869,0.345693,-0.416355,102.793,24.6724,-185.163,102.793,24.6724,-185.163,0.0643194
1512,1512,0A,0.192073,-0.817705,0.345917,-0.418101,102.79,24.6094,-185.139,102.79,24.6094,-185.139,0.0604239
1520,1520,0A,0.194023,-0.815725,0.346249,-0.420784,102.764,24.6407,-185.157,102.764,24.6407,-185.157,0.0541436
1528,1528,0A,0.195267,-0.813932,0.345177,-0.424545,102.709,24.6474,-185.401,102.709,24.6474,-185.401,0.0556421
1536,1536,0A,0.196436,-0.811308,0.345405,-0.428823,102.623,24.6787,-185.488,102.623,24.6787,-185.488,0.0498505
1544,1544,0A,0.196746,-0.80869,0.345944,-0.433168,102.408,24.749,-185.58,102.408,24.749,-185.58,0.0569667
1552,1552,0A,0.198492,-0.804498,0.346133,-0.439973,102.291,24.7994,-185.748,102.291,24.7994,-185.748,0.0554389
1560,1560,0A,0.200805,-0.799474,0.343879,-0.44974,102.103,24.8565,-186.106,102.103,24.8565,-186.106,0.0507273
1568,1568,0A,0.20442,-0.793166,0.34104,-0.461295,101.896,24.9555,-186.51,101.896,24.9555,-186.51,0.03987
1576,1576,0A,0.207193,-0.786373,0.338148,-0.473651,101.513,24.8918,-186.848,101.513,24.8918,-186.848,0.0438507
1584,1584,0A,0.211019,-0.777952,0.337227,-0.486353,101.466,24.8725,-187.489,101.466,24.8725,-187.489,0.0420388
1592,1592,0A,0.214045,-0.77042,0.338837,-0.495811,101.223,24.9935,-187.778,101.223,24.9935,-187.778,0.035966
1600,1600,0A,0.216257,-0.764489,0.338201,-0.504391,100.992,25.2001,-187.917,100.992,25.2001,-187.917,0.0469852
1608,1608,0A,0.220308,-0.756398,0.338055,-0.514827,100.784,25.2052,-188.374,100.784,25.2052,-188.374,0.0509533
1616,1616,0A,0.22607,-0.746205,0.339562,-0.526087,100.657,25.1917,-189.154,100.657,25.1917,-189.154,0.0565409
1624,1624,0A,0.229902,-0.738261,0.340852,-0.53473,100.509,25.2656,-189.628,100.509,25.2656,-189.628,0.0586283
1632,1632,0A,0.232691,-0.733134,0.341579,-0.540087,100.365,25.3702,-189.444,100.365,25.3702,-189.444,0.0607386
1640,1640,0A,0.233782,-0.729376,0.339579,-0.545933,100.19,25.2585,-189.696,100.19,25.2585,-189.696,0.0626708
1648,1648,0A,0.237924,-0.72333,0.339753,-0.552046,100.141,25.3287,-190.217,100.141,25.3287,-190.217,0.0621929
1656,1656,0A,0.241256,-0.717436,0.338733,-0.558875,100.039,25.2985,-190.517,100.039,25.2985,-190.517,0.0623148
1664,1664,0A,0.244708,-0.711153,0.336485,-0.566707,99.9186,25.2485,-190.937,99.9186,25.2485,-190.937,0.0638727
1672,1672,0A,0.249672,-0.704077,0.335665,-0.573819,99.763,25.2683,-191.505,99.763,25.2683,-191.505,0.0765847
1680,1680,0A,0.253704,-0.698025,0.336381,-0.579002,99.6936,25.3737,-191.802,99.6936,25.3737,-191.802,0.0738986
1688,1688,0A,0.256793,-0.693112,0.337011,-0.583161,99.6303,25.3481,-191.686,99.6303,25.3481,-191.686,0.0746344
1696,1696,0A,0.259392,-0.688825,0.334475,-0.588526,99.5875,25.263,-191.995,99.5875,25.263,-191.995,0.0862721
1704,1704,0A,0.263604,-0.683175,0.330779,-0.59529,99.5461,25.2574,-192.662,99.5461,25.2574,-192.662,0.0861738
1712,1712,0A,0.267775,-0.677369,0.326662,-0.602296,99.3881,25.2124,-193.11,99.3881,25.2124,-193.11,0.0772394
1720,1720,0A,0.273428,-0.671246,0.323887,-0.608082,99.3244,25.3222,-193.394,99.3244,25.3222,-193.394,0.0860232
1728,1728,0A,0.27691,-0.665126,0.320987,-0.614733,99.0949,25.1263,-193.726,99.0949,25.1263,-193.726,0.089751
1736,1736,0A,0.281979,-0.657552,0.318114,-0.622027,99.0126,25.0568,-194.389,99.0126,25.0568,-194.389,0.0937811
1744,1744,0A,0.287996,-0.649387,0.315673,-0.629052,98.9668,25.0737,-194.777,98.9668,25.0737,-194.777,0.106779
1752,1752,0A,0.294116,-0.640894,0.313051,-0.6362,98.9709,25.0067,-195.187,98.9709,25.0067,-195.187,0.103107
1760,1760,0A,0.300658,-0.63193,0.311573,-0.642801,98.7587,24.8768,-195.889,98.7587,24.8768,-195.889,0.0931722
1768,1768,0A,0.306838,-0.624341,0.310147,-0.647964,98.7801,24.8633,-196.377,98.7801,24.8633,-196.377,0.103807
1776,1776,0A,0.310342,-0.620241,0.307689,-0.651396,98.6578,24.8814,-196.539,98.6578,24.8814,-196.539,0.110813
1784,1784,0A,0.311637,-0.61829,0.303742,-0.654478,98.7092,24.8089,-196.73,98.7092,24.8089,-196.73,0.106337
1792,1792,0A,0.314529,-0.615842,0.301164,-0.65659,98.7156,24.7976,-196.805,98.7156,24.7976,-196.805,0.119399
1800,1800,0A,0.31587,-0.613547,0.29731,-0.659843,98.7008,24.7524,-197.032,98.7008,24.7524,-197.032,0.114929
1808,1808,0A,0.319075,-0.6097,0.294214,-0.663246,98.7095,24.7602,-197.148,98.7095,24.7602,-197.148,0.121322
1816,1816,0A,0.320441,-0.605677,0.290091,-0.668072,98.6232,24.4921,-197.494,98.6232,24.4921,-197.494,0.111665
1824,1824,0A,0.324288,-0.599908,0.287296,-0.672613,98.687,24.7821,-197.884,98.687,24.7821,-197.884,0.086005
1832,1832,0A,0.327218,-0.59452,0.284508,-0.677149,98.5957,24.5871,-198.159,98.5957,24.5871,-198.159,0.0842846
1840,1840,0A,0.330677,-0.589689,0.282347,-0.680587,98.6326,24.716,-198.548,98.6326,24.716,-198.548,0.086192
1848,1848,0A,0.332252,-0.586588,0.279407,-0.683707,98.508,24.4109,-198.524,98.508,24.4109,-198.524,0.115828
1856,1856,0A,0.333301,-0.583455,0.275495,-0.687454,98.5591,24.3507,-198.846,98.5591,24.3507,-198.846,0.113167
1864,1864,0A,0.335248,-0.579413,0.273196,-0.690835,98.604,24.5204,-199.197,98.604,24.5204,-199.197,0.0986995
1872,1872,0A,0.336946,-0.57632,0.27172,-0.693174,98.5711,24.3413,-199.417,98.5711,24.3413,-199.417,0.111336
1880,1880,0A,0.336563,-0.574919,0.270173,-0.695126,98.595,24.2713,-199.436,98.595,24.2713,-199.436,0.108038
1888,1888,0A,0.33848,-0.572748,0.270591,-0.695824,98.6796,24.6256,-199.461,98.6796,24.6256,-199.461,0.108795
1896,1896,0A,0.339903,-0.570549,0.270622,-0.696925,98.603,24.3825,-199.448,98.603,24.3825,-199.448,0.139739
1904,1904,0A,0.339993,-0.568807,0.269304,-0.698812,98.6454,24.5023,-199.676,98.6454,24.5023,-199.676,0.113397
1912,1912,0A,0.340232,-0.567059,0.267593,-0.700771,98.4992,24.3447,-199.704,98.4992,24.3447,-199.704,0.119351
1920,1920,0A,0.340125,-0.565342,0.265247,-0.703099,98.5356,24.2423,-199.926,98.5356,24.2423,-199.926,0.110632
1928,1928,0A,0.340171,-0.563664,0.263587,-0.705045,98.5759,24.3024,-200.008,98.5759,24.3024,-200.008,0.120317
1936,1936,0A,0.340856,-0.561259,0.262585,-0.707004,98.6545,24.432,-200.015,98.6545,24.432,-200.015,0.119747
1944,1944,0A,0.342284,-0.557752,0.261039,-0.709656,98.5828,24.3166,-200.144,98.5828,24.3166,-200.144,0.132337
1952,1952,0A,0.343955,-0.55399,0.259803,-0.712245,98.6118,24.5253,-200.558,98.6118,24.5253,-200.558,0.103835
1960,1960,0A,0.3442,-0.552176,0.2584,-0.714043,98.5287,24.3399,-200.638,98.5287,24.3399,-200.638,0.115997
1968,1968,0A,0.34394,-0.551515,0.258143,-0.714772,98.6204,24.335,-200.573,98.6204,24.335,-200.573,0.118357
1976,1976,0A,0.34418,-0.551078,0.257547,-0.715208,98.6638,24.4126,-200.489,98.6638,24.4126,-200.489,0.120602
1984,1984,0A,0.343514,-0.550112,0.256045,-0.716809,98.6295,24.3848,-200.684,98.6295,24.3848,-200.684,0.0913524
1992,1992,0A,0.344957,-0.548334,0.255606,-0.717635,98.6927,24.5888,-200.893,98.6927,24.5888,-200.893,0.112522
2000,2000,0A,0.342677,-0.548659,0.254174,-0.718987,98.6328,24.2812,-200.817,98.6328,24.2812,-200.817,0.112184
2008,2008,0A,0.342516,-0.548582,0.254062,-0.719161,98.6456,24.3461,-200.744,98.6456,24.3461,-200.744,0.123735
2016,2016,0A,0.344055,-0.547555,0.254683,-0.71899,98.6623,24.433,-200.632,98.6623,24.433,-200.632,0.125355
2024,2024,0A,0.344827,-0.547041,0.25456,-0.719055,98.751,24.57,-200.911,98.751,24.57,-200.911,0.109702
2032,2032,0A,0.342754,-0.548634,0.253478,-0.719214,98.6228,24.4158,-200.794,98.6228,24.4158,-200.794,0.104507
2040,2040,0A,0.340964,-0.550451,0.253248,-0.718758,98.6893,24.3674,-200.682,98.6893,24.3674,-200.682,0.120269
2048,2048,0A,0.338194,-0.551792,0.253352,-0.719001,98.6116,24.3316,-200.548,98.6116,24.3316,-200.548,0.127997
2056,2056,0A,0.333429,-0.552092,0.250961,-0.72183,98.4941,23.9575,-200.928,98.4941,23.9575,-200.928,0.136185
2064,2064,0A,0.330631,-0.55162,0.251064,-0.72344,98.4537,23.8681,-200.955,98.4537,23.8681,-200.955,0.11924
2072,2072,0A,0.333297,-0.546491,0.259022,-0.723304,98.5885,24.2899,-200.782,98.5885,24.2899,-200.782,0.100852
2080,2080,0A,0.333308,-0.543828,0.261169,-0.724533,98.5613,24.5111,-200.853,98.5613,24.5111,-200.853,0.100757
2088,2088,0A,0.33047,-0.544234,0.260811,-0.725656,98.5387,24.6205,-200.807,98.5387,24.6205,-200.807,0.120289
2096,2096,0A,0.324276,-0.547245,0.260598,-0.726262,98.5269,24.7451,-200.805,98.5269,24.7451,-200.805,0.11066
2104,2104,0A,0.31928,-0.549799,0.264527,-0.725125,98.5339,24.6942,-200.673,98.5339,24.6942,-200.673,0.130864
2112,2112,0A,0.316738,-0.550452,0.272027,-0.722967,98.6867,25.0197,-200.318,98.6867,25.0197,-200.318,0.125419
2120,2120,0A,0.313665,-0.549773,0.278946,-0.722186,98.6274,25.0812,-200.061,98.6274,25.0812,-200.061,0.123362
2128,2128,0A,0.311505,-0.54682,0.284006,-0.723391,98.6042,25.2133,-200.053,98.6042,25.2133,-200.053,0.142211
2136,2136,0A,0.309898,-0.542615,0.286686,-0.726184,98.5101,25.1199,-200.213,98.5101,25.1199,-200.213,0.135117
2144,2144,0A,0.312084,-0.536228,0.289786,-0.728758,98.5869,25.3643,-200.687,98.5869,25.3643,-200.687,0.128301
2152,2152,0A,0.314678,-0.529641,0.293976,-0.730777,98.614,25.2319,-200.699,98.614,25.2319,-200.699,0.126374
2160,2160,0A,0.318524,-0.523616,0.300087,-0.73097,98.6658,25.5157,-200.966,98.6658,25.5157,-200.966,0.114878
2168,2168,0A,0.318143,-0.520318,0.304608,-0.731621,98.654,25.5619,-200.794,98.654,25.5619,-200.794,0.125091
2176,2176,0A,0.315342,-0.518978,0.308472,-0.732166,98.7263,25.6763,-200.849,98.7263,25.6763,-200.849,0.121903
2184,2184,0A,0.314046,-0.51715,0.313513,-0.731875,98.7158,25.7358,-200.634,98.7158,25.7358,-200.634,0.131707
2192,2192,0A,0.313312,-0.514526,0.318633,-0.731828,98.7829,25.7278,-200.582,98.7829,25.7278,-200.582,0.143252
2200,2200,0A,0.311889,-0.511755,0.322419,-0.73272,98.801,25.9982,-200.701,98.801,25.9982,-200.701,0.12799
2208,2208,0A,0.309772,-0.508723,0.324527,-0.734795,98.7557,25.7873,-200.743,98.7557,25.7873,-200.743,0.145304
2216,2216,0A,0.306482,-0.506647,0.325217,-0.737301,98.7324,25.9532,-200.755,98.7324,25.9532,-200.755,0.126787
2224,2224,0A,0.302183,-0.505869,0.323908,-0.74018,98.8033,26.0555,-200.924,98.8033,26.0555,-200.924,0.123931
2232,2232,0A,0.297946,-0.506463,0.32306,-0.741861,98.9026,26.4433,-201.065,98.9026,26.4433,-201.065,0.128951
2240,2240,0A,0.288685,-0.510875,0.320114,-0.743771,98.8112,26.111,-200.715,98.8112,26.111,-200.715,0.116393
2248,2248,0A,0.276359,-0.5184,0.316209,-0.744915,98.8093,26.398,-200.688,98.8093,26.398,-200.688,0.129618
2256,2256,0A,0.262627,-0.527204,0.311036,-0.745882,98.8692,26.2257,-200.212,98.8692,26.2257,-200.212,0.134674
2264,2264,0A,0.254801,-0.532797,0.308865,-0.745524,98.8929,26.581,-200.168,98.8929,26.581,-200.168,0.12158
2272,2272,0A,0.249042,-0.536222,0.306813,-0.745862,98.8567,26.4145,-199.972,98.8567,26.4145,-199.972,0.136614
2280,2280,0A,0.248406,-0.535943,0.31021,-0.74487,98.8604,26.5589,-200.17,98.8604,26.5589,-200.17,0.108774
2288,2288,0A,0.250654,-0.53295,0.315482,-0.744048,98.9003,26.7216,-200.011,98.9003,26.7216,-200.011,0.115779
2296,2296,0A,0.253329,-0.529346,0.319077,-0.744183,99.0629,26.9864,-200.123,99.0629,26.9864,-200.123,0.134135
2304,2304,0A,0.250644,-0.527662,0.317167,-0.747098,98.9134,26.5619,-200.091,98.9134,26.5619,-200.091,0.135674
2312,2312,0A,0.250891,-0.523961,0.317153,-0.749621,98.9782,26.8179,-200.389,98.9782,26.8179,-200.389,0.123006
2320,2320,0A,0.251328,-0.519795,0.319399,-0.75142,98.9277,26.7209,-200.475,98.9277,26.7209,-200.475,0.127073
2328,2328,0A,0.253192,-0.516071,0.323071,-0.751791,99.0812,26.953,-200.581,99.0812,26.953,-200.581,0.112068
2336,2336,0A,0.251735,-0.514707,0.324092,-0.752776,99.1826,27.0258,-200.638,99.1826,27.0258,-200.638,0.11422
2344,2344,0A,0.249165,-0.513615,0.325006,-0.753982,99.182,27.1982,-200.66,99.182,27.1982,-200.66,0.0991174
2352,2352,0A,0.245348,-0.512382,0.327235,-0.755107,99.072,26.9705,-200.616,99.072,26.9705,-200.616,0.101052
2360,2360,0A,0.244706,-0.508927,0.333217,-0.755036,98.9995,26.8994,-200.446,98.9995,26.8994,-200.446,0.093122
2368,2368,0A,0.249101,-0.502253,0.342637,-0.753851,99.1955,27.2947,-200.422,99.1955,27.2947,-200.422,0.114467
2376,2376,0A,0.252341,-0.496605,0.348475,-0.753838,99.2832,27.3838,-200.418,99.2832,27.3838,-200.418,0.126621
2384,2384,0A,0.254375,-0.491803,0.352981,-0.754207,99.3116,27.4352,-200.665,99.3116,27.4352,-200.665,0.120752
2392,2392,0A,0.256343,-0.486843,0.358291,-0.754255,99.3184,27.3744,-200.466,99.3184,27.3744,-200.466,0.119913
2400,2400,0A,0.257624,-0.482571,0.36291,-0.754355,99.3259,27.5012,-200.541,99.3259,27.5012,-200.541,0.12402
2408,2408,0A,0.25755,-0.47824,0.366406,-0.755448,99.301,27.3925,-200.544,99.301,27.3925,-200.544,0.0902561
2416,2416,0A,0.259096,-0.47374,0.369348,-0.756321,99.3898,27.6304,-200.767,99.3898,27.6304,-200.767,0.112584
2424,2424,0A,0.258059,-0.471089,0.371404,-0.757324,99.411,27.7228,-200.683,99.411,27.7228,-200.683,0.0969303
2432,2432,0A,0.256722,-0.469592,0.373032,-0.757908,99.4662,27.9225,-200.763,99.4662,27.9225,-200.763,0.0794289
2440,2440,0A,0.253464,-0.468668,0.373008,-0.759586,99.4827,27.6707,-200.694,99.4827,27.6707,-200.694,0.0842815
2448,2448,0A,0.252315,-0.466069,0.374801,-0.760685,99.5579,28.0167,-200.792,99.5579,28.0167,-200.792,0.0823317
2456,2456,0A,0.248333,-0.465008,0.374481,-0.762799,99.5296,27.9117,-200.811,99.5296,27.9117,-200.811,0.0882382
2464,2464,0A,0.24544,-0.463704,0.374903,-0.76432,99.6481,28.0723,-200.731,99.6481,28.0723,-200.731,0.0826926
2472,2472,0A,0.24286,-0.462357,0.37528,-0.765774,99.662,27.9519,-200.839,99.662,27.9519,-200.839,0.0987458
2480,2480,0A,0.241482,-0.460877,0.377059,-0.766228,99.6982,28.1312,-200.876,99.6982,28.1312,-200.876,0.0734485
2488,2488,0A,0.238572,-0.460798,0.377451,-0.766994,99.8094,28.3098,-200.942,99.8094,28.3098,-200.942,0.0687346
2496,2496,0A,0.234956,-0.460903,0.377936,-0.767808,99.82,28.3284,-200.784,99.82,28.3284,-200.784,0.0640941
2504,2504,0A,0.230865,-0.461134,0.378778,-0.768496,99.8067,28.5206,-200.848,99.8067,28.5206,-200.848,0.069834
2512,2512,0A,0.225538,-0.461446,0.378788,-0.769884,99.8626,28.2872,-200.769,99.8626,28.2872,-200.769,0.0501162
2520,2520,0A,0.223018,-0.461016,0.379675,-0.770438,99.9578,28.5182,-200.819,99.9578,28.5182,-200.819,0.0671481
2528,2528,0A,0.220578,-0.460437,0.379235,-0.771702,99.9095,28.4325,-200.735,99.9095,28.4325,-200.735,0.0634364
2536,2536,0A,0.220083,-0.459176,0.379339,-0.772544,99.9654,28.766,-200.928,99.9654,28.766,-200.928,0.0751981
2544,2544,0A,0.218431,-0.457734,0.378776,-0.774142,99.97,28.5531,-200.813,99.97,28.5531,-200.813,0.0591104
2552,2552,0A,0.219382,-0.454651,0.380533,-0.774829,100.014,28.8154,-200.978,100.014,28.8154,-200.978,0.0725326
2560,2560,0A,0.218185,-0.452299,0.382377,-0.775635,100.011,28.6709,-201.023,100.011,28.6709,-201.023,0.05993
2568,2568,0A,0.218352,-0.449881,0.38568,-0.775358,100.133,28.726,-201.039,100.133,28.726,-201.039,0.0728396
2576,2576,0A,0.220611,-0.44552,0.390692,-0.774728,100.146,28.6067,-200.721,100.146,28.6067,-200.721,0.046989
2584,2584,0A,0.225467,-0.439511,0.396382,-0.773871,100.173,28.9204,-200.837,100.173,28.9204,-200.837,0.0519097
2592,2592,0A,0.227908,-0.434194,0.400263,-0.77416,100.164,28.794,-200.889,100.164,28.794,-200.889,0.0485679
2600,2600,0A,0.229895,-0.430092,0.403517,-0.774173,100.225,28.8771,-200.815,100.225,28.8771,-200.815,0.0619945
2608,2608,0A,0.23042,-0.427262,0.406348,-0.774102,100.223,29.1536,-200.793,100.223,29.1536,-200.793,0.0661311
2624,2624,0A,0.227082,-0.425404,0.405034,-0.776797,100.299,29.3016,-201.027,100.299,29.3016,-201.027,0.0500626
2632,2632,0A,0.222891,-0.426494,0.403606,-0.778155,100.408,29.2963,-201.023,100.408,29.2963,-201.023,0.0643294
2640,2640,0A,0.21802,-0.428096,0.403435,-0.778744,100.42,29.3693,-200.965,100.42,29.3693,-200.965,0.0480313
2648,2648,0A,0.215436,-0.427519,0.405042,-0.778945,100.477,29.4223,-200.824,100.477,29.4223,-200.824,0.0445671
2656,2656,0A,0.214843,-0.425275,0.407382,-0.779117,100.555,29.5397,-200.878,100.555,29.5397,-200.878,0.057605
2664,2664,0A,0.21399,-0.423315,0.408527,-0.77982,100.538,29.5788,-200.85,100.538,29.5788,-200.85,0.04577
2672,2672,0A,0.213979,-0.420954,0.409562,-0.780558,100.602,29.6277,-200.971,100.602,29.6277,-200.971,0.0454579
2680,2680,0A,0.214104,-0.418145,0.412459,-0.780508,100.638,29.6092,-200.995,100.638,29.6092,-200.995,0.053012
2688,2688,0A,0.213738,-0.415652,0.41665,-0.779713,100.76,29.7693,-200.761,100.76,29.7693,-200.761,0.0566726
2696,2696,0A,0.211968,-0.413303,0.419858,-0.779724,100.791,29.7826,-200.68,100.791,29.7826,-200.68,0.0455584
2704,2704,0A,0.211013,-0.410421,0.42186,-0.780425,100.876,29.9314,-200.804,100.876,29.9314,-200.804,0.0391307
2712,2712,0A,0.21127,-0.406697,0.424016,-0.781136,100.89,30.034,-200.802,100.89,30.034,-200.802,0.0529361
2720,2720,0A,0.212806,-0.402432,0.426927,-0.781342,100.93,30.1537,-200.874,100.93,30.1537,-200.874,0.0424682
2728,2728,0A,0.212891,-0.399414,0.429231,-0.781606,101.022,30.2153,-200.827,101.022,30.2153,-200.827,0.0642151
2736,2736,0A,0.212375,-0.39782,0.430853,-0.781666,101.038,30.2541,-200.837,101.038,30.2541,-200.837,0.0578186
2744,2744,0A,0.210347,-0.397329,0.431782,-0.781952,101.001,30.2649,-200.784,101.001,30.2649,-200.784,0.0478977
2752,2752,0A,0.209268,-0.396664,0.433238,-0.781774,101.093,30.4289,-200.78,101.093,30.4289,-200.78,0.0459501
2760,2760,0A,0.206485,-0.396728,0.433994,-0.782062,101.114,30.3155,-200.735,101.114,30.3155,-200.735,0.0428682
2768,2768,0A,0.204599,-0.396277,0.435175,-0.782129,101.182,30.4131,-200.703,101.182,30.4131,-200.703,0.0460411
2776,2776,0A,0.20463,-0.393894,0.437666,-0.781935,101.2,30.4871,-200.675,101.2,30.4871,-200.675,0.0478366
2784,2784,0A,0.204909,-0.390919,0.439809,-0.782153,101.209,30.482,-200.664,101.209,30.482,-200.664,0.0454708
2792,2792,0A,0.207761,-0.38599,0.4428,-0.782161,101.27,30.6191,-200.729,101.27,30.6191,-200.729,0.045175
2800,2800,0A,0.214003,-0.378575,0.447389,-0.781491,101.367,30.8168,-200.822,101.367,30.8168,-200.822,0.0584259
2808,2808,0A,0.218332,-0.372432,0.451438,-0.780916,101.338,30.7046,-200.778,101.338,30.7046,-200.778,0.057769
2816,2816,0A,0.219218,-0.36874,0.455025,-0.780338,101.376,30.75,-200.736,101.376,30.75,-200.736,0.0536429
2824,2824,0A,0.216078,-0.367827,0.45752,-0.780185,101.487,30.9583,-200.716,101.487,30.9583,-200.716,0.0557624
2832,2832,0A,0.21132,-0.36801,0.459391,-0.780303,101.601,30.9948,-200.542,101.601,30.9948,-200.542,0.0560863
2840,2840,0A,0.206424,-0.369043,0.460509,-0.780467,101.633,31.1581,-200.546,101.633,31.1581,-200.546,0.0565265
2848,2848,0A,0.202621,-0.368513,0.461798,-0.780952,101.706,31.0713,-200.421,101.706,31.0713,-200.421,0.0418629
2856,2856,0A,0.200406,-0.367412,0.463249,-0.781183,101.766,31.282,-200.433,101.766,31.282,-200.433,0.0479381
2864,2864,0A,0.198464,-0.365987,0.463922,-0.781947,101.738,31.2802,-200.421,101.738,31.2802,-200.421,0.0457185
2872,2872,0A,0.197968,-0.364353,0.464508,-0.782489,101.752,31.3845,-200.424,101.752,31.3845,-200.424,0.0439724
2880,2880,0A,0.198068,-0.362904,0.464558,-0.783107,101.809,31.4111,-200.528,101.809,31.4111,-200.528,0.0521484
2888,2888,0A,0.198396,-0.361663,0.465057,-0.783302,101.855,31.5176,-200.536,101.855,31.5176,-200.536,0.04886
2896,2896,0A,0.196815,-0.361605,0.465692,-0.78335,101.871,31.5137,-200.492,101.871,31.5137,-200.492,0.0514569
2904,2904,0A,0.194096,-0.362566,0.466237,-0.78326,101.913,31.5178,-200.437,101.913,31.5178,-200.437,0.0520905
2912,2912,0A,0.190645,-0.363608,0.46734,-0.782967,101.964,31.5201,-200.363,101.964,31.5201,-200.363,0.0542349
2920,2920,0A,0.187431,-0.364555,0.46847,-0.782627,101.98,31.6738,-200.212,101.98,31.6738,-200.212,0.051239
2928,2928,0A,0.185309,-0.365003,0.468542,-0.782881,102.049,31.6713,-200.233,102.049,31.6713,-200.233,0.0520839
2936,2936,0A,0.186572,-0.362967,0.469052,-0.783222,102.046,31.6083,-200.235,102.046,31.6083,-200.235,0.0537683
2944,2944,0A,0.187878,-0.360877,0.469632,-0.783528,102.018,31.7185,-200.353,102.018,31.7185,-200.353,0.051551
2952,2952,0A,0.187667,-0.360259,0.469821,-0.783749,102.024,31.6898,-200.395,102.024,31.6898,-200.395,0.0593109
2960,2960,0A,0.185339,-0.361884,0.469558,-0.783712,102.046,31.6677,-200.304,102.046,31.6677,-200.304,0.0558532
2968,2968,0A,0.183193,-0.36312,0.469764,-0.783521,102.09,31.7083,-200.243,102.09,31.7083,-200.243,0.0442682
2976,2976,0A,0.181675,-0.363286,0.47054,-0.783332,102.09,31.7628,-200.187,102.09,31.7628,-200.187,0.0475745
2984,2984,0A,0.180391,-0.363166,0.471003,-0.783407,102.131,31.7989,-200.233,102.131,31.7989,-200.233,0.0489089
2992,2992,0A,0.180738,-0.361575,0.472312,-0.783274,102.17,31.9293,-200.164,102.17,31.9293,-200.164,0.0518944
3000,3000,0A,0.18066,-0.360278,0.472644,-0.78369,102.191,31.8482,-200.253,102.191,31.8482,-200.253,0.0553533
3008,3008,0A,0.179394,-0.359994,0.472575,-0.784152,102.229,31.9036,-200.242,102.229,31.9036,-200.242,0.058988
3016,3016,0A,0.177113,-0.360068,0.473008,-0.784376,102.256,31.9404,-200.258,102.256,31.9404,-200.258,0.0522985
3024,3024,0A,0.176197,-0.358817,0.475145,-0.783864,102.321,32.0663,-200.133,102.321,32.0663,-200.133,0.0575245
3032,3032,0A,0.176299,-0.356822,0.476909,-0.783681,102.406,32.047,-200.116,102.406,32.047,-200.116,0.0565135
3040,3040,0A,0.176714,-0.354705,0.478221,-0.783748,102.411,32.1715,-200.171,102.411,32.1715,-200.171,0.0513705
3048,3048,0A,0.176416,-0.352885,0.478922,-0.784209,102.377,32.1296,-200.188,102.377,32.1296,-200.188,0.0476268
3056,3056,0A,0.176225,-0.35167,0.479955,-0.784166,102.367,32.1403,-200.215,102.367,32.1403,-200.215,0.0600022
3064,3064,0A,0.174556,-0.352223,0.480243,-0.784115,102.398,32.2369,-200.143,102.398,32.2369,-200.143,0.0557148
3072,3072,0A,0.173162,-0.352328,0.480393,-0.784285,102.418,32.3063,-200.09,102.418,32.3063,-200.09,0.0477929
3080,3080,0A,0.171685,-0.352712,0.480012,-0.78467,102.418,32.2423,-200.059,102.418,32.2423,-200.059,0.0490553
3088,3088,0A,0.170726,-0.352836,0.479859,-0.784917,102.444,32.194,-200.065,102.444,32.194,-200.065,0.0452053
3096,3096,0A,0.174654,-0.35088,0.481212,-0.784101,102.412,32.0505,-200.191,102.412,32.0505,-200.191,0.044587
3104,3104,0A,0.175148,-0.349156,0.482904,-0.78372,102.444,32.1186,-200.147,102.444,32.1186,-200.147,0.048134
3112,3112,0A,0.167903,-0.35027,0.483382,-0.784514,102.56,32.3524,-200.051,102.56,32.3524,-200.051,0.0459944
3120,3120,0A,0.167369,-0.348798,0.484841,-0.784383,102.624,32.3902,-200.033,102.624,32.3902,-200.033,0.0537995
3128,3128,0A,0.166916,-0.347152,0.486382,-0.784256,102.685,32.5474,-199.979,102.685,32.5474,-199.979,0.0530549
3136,3136,0A,0.16733,-0.345143,0.487535,-0.784339,102.684,32.5611,-200.042,102.684,32.5611,-200.042,0.0542783
3144,3144,0A,0.166546,-0.344835,0.48778,-0.784489,102.712,32.6006,-200.033,102.712,32.6006,-200.033,0.0529031
3152,3152,0A,0.164935,-0.344932,0.488516,-0.784328,102.779,32.5591,-199.993,102.779,32.5591,-199.993,0.0562636
3160,3160,0A,0.16272,-0.345132,0.49026,-0.783615,102.781,32.7103,-199.898,102.781,32.7103,-199.898,0.0509355
3168,3168,0A,0.160307,-0.344863,0.491632,-0.783371,102.808,32.6591,-199.76,102.808,32.6591,-199.76,0.0520276
3176,3176,0A,0.159948,-0.344113,0.492269,-0.783373,102.868,32.7365,-199.8,102.868,32.7365,-199.8,0.0535682
3184,3184,0A,0.160714,-0.342498,0.492422,-0.783829,102.899,32.6698,-199.815,102.899,32.6698,-199.815,0.0496868
3192,3192,0A,0.162626,-0.340962,0.492862,-0.783827,102.894,32.7063,-199.939,102.894,32.7063,-199.939,0.0542536
3200,3200,0A,0.162236,-0.341099,0.492893,-0.78383,102.914,32.7536,-199.933,102.914,32.7536,-199.933,0.0601111
3208,3208,0A,0.164497,-0.340733,0.493576,-0.783086,102.888,32.5583,-200.007,102.888,32.5583,-200.007,0.0508781
3216,3216,0A,0.164778,-0.339686,0.495011,-0.782577,102.907,32.5857,-199.924,102.907,32.5857,-199.924,0.0544278
3224,3224,0A,0.163988,-0.339277,0.495432,-0.782654,102.913,32.5788,-199.908,102.913,32.5788,-199.908,0.051802
3232,3232,0A,0.163171,-0.338823,0.49548,-0.78299,102.91,32.5476,-199.885,102.91,32.5476,-199.885,0.0516673
3240,3240,0A,0.163126,-0.338092,0.495774,-0.78313,102.908,32.4982,-199.892,102.908,32.4982,-199.892,0.0534206
3248,3248,0A,0.164745,-0.336005,0.497456,-0.782622,102.945,32.5257,-199.851,102.945,32.5257,-199.851,0.054728
3256,3256,0A,0.16573,-0.334497,0.498636,-0.782309,102.959,32.5849,-199.837,102.959,32.5849,-199.837,0.0575423
3264,3264,0A,0.164181,-0.334766,0.497979,-0.782939,102.972,32.5979,-199.858,102.972,32.5979,-199.858,0.0536548
3272,3272,0A,0.162117,-0.335229,0.496945,-0.783827,102.986,32.5589,-199.884,102.986,32.5589,-199.884,0.0495642
3280,3280,0A,0.162222,-0.332843,0.49717,-0.78468,103.044,32.8929,-199.936,103.044,32.8929,-199.936,0.054234
3288,3288,0A,0.163212,-0.332015,0.49727,-0.784762,102.962,32.9077,-199.976,102.962,32.9077,-199.976,0.0560483
3296,3296,0A,0.163771,-0.332172,0.497064,-0.784709,102.964,32.8855,-199.988,102.964,32.8855,-199.988,0.060232
3304,3304,0A,0.161414,-0.33452,0.495975,-0.784889,102.987,32.5278,-199.95,102.987,32.5278,-199.95,0.048215
3312,3312,0A,0.165218,-0.332812,0.496276,-0.784634,102.913,32.7994,-199.968,102.913,32.7994,-199.968,0.0485203
3320,3320,0A,0.167331,-0.332458,0.496309,-0.784315,102.902,32.8027,-199.967,102.902,32.8027,-199.967,0.0537393
3328,3328,0A,0.163732,-0.334689,0.495546,-0.784608,102.954,32.5144,-200.008,102.954,32.5144,-200.008,0.0478046
3336,3336,0A,0.165743,-0.334519,0.495753,-0.784127,102.955,32.4928,-200.037,102.955,32.4928,-200.037,0.0486388
3344,3344,0A,0.174686,-0.332614,0.496687,-0.782403,102.817,32.5974,-199.946,102.817,32.5974,-199.946,0.0499832
3352,3352,0A,0.179745,-0.331127,0.497799,-0.78118,102.733,32.5821,-199.974,102.733,32.5821,-199.974,0.0550582
3360,3360,0A,0.185164,-0.329139,0.499557,-0.779631,102.649,32.4907,-200.015,102.649,32.4907,-200.015,0.0589777
3368,3368,0A,0.186207,-0.331493,0.500705,-0.777647,102.626,32.4633,-199.934,102.626,32.4633,-199.934,0.0687989
3376,3376,0A,0.182434,-0.339909,0.498858,-0.776094,102.656,32.2475,-199.628,102.656,32.2475,-199.628,0.0530971
3384,3384,0A,0.182168,-0.346989,0.496344,-0.774633,102.535,32.1257,-199.536,102.535,32.1257,-199.536,0.0484619
3392,3392,0A,0.187038,-0.349003,0.494834,-0.773533,102.329,31.9664,-199.554,102.329,31.9664,-199.554,0.0460937
3400,3400,0A,0.19507,-0.348055,0.494344,-0.772289,102.214,31.8436,-199.603,102.214,31.8436,-199.603,0.0446831
3408,3408,0A,0.204362,-0.346632,0.493771,-0.770891,102.05,31.6302,-199.732,102.05,31.6302,-199.732,0.0587277
3416,3416,0A,0.213334,-0.34608,0.492834,-0.769307,101.991,31.5404,-199.84,101.991,31.5404,-199.84,0.0588261
3424,3424,0A,0.220831,-0.347106,0.490953,-0.76793,101.824,31.3524,-199.878,101.824,31.3524,-199.878,0.0653493
3432,3432,0A,0.226387,-0.350193,0.487172,-0.767319,101.639,31.1071,-199.929,101.639,31.1071,-199.929,0.049818
3440,3440,0A,0.232966,-0.351804,0.483628,-0.766854,101.49,30.8581,-200.057,101.49,30.8581,-200.057,0.0534572
3448,3448,0A,0.240509,-0.352338,0.481257,-0.765771,101.394,30.7725,-200.21,101.394,30.7725,-200.21,0.0621235
3456,3456,0A,0.245115,-0.354937,0.478304,-0.76496,101.314,30.7121,-200.157,101.314,30.7121,-200.157,0.0738201
3464,3464,0A,0.24734,-0.360073,0.47369,-0.764714,101.163,30.447,-200.201,101.163,30.447,-200.201,0.0520729
3472,3472,0A,0.2499,-0.364015,0.4697,-0.764477,101.05,30.1539,-200.242,101.05,30.1539,-200.242,0.0486757
3480,3480,0A,0.254506,-0.365844,0.466448,-0.764075,100.939,29.9229,-200.287,100.939,29.9229,-200.287,0.0387615
3488,3488,0A,0.26212,-0.364959,0.465008,-0.762802,100.889,29.9715,-200.451,100.889,29.9715,-200.451,0.0526108
3496,3496,0A,0.269049,-0.364143,0.463362,-0.76178,100.763,29.7667,-200.579,100.763,29.7667,-200.579,0.0471001
3504,3504,0A,0.274328,-0.364848,0.461352,-0.760779,100.737,29.4951,-200.691,100.737,29.4951,-200.691,0.0572336
3512,3512,0A,0.278233,-0.367758,0.458865,-0.759462,100.643,29.3979,-200.698,100.643,29.3979,-200.698,0.0660918
3520,3520,0A,0.280982,-0.372376,0.454777,-0.758659,100.529,29.2343,-200.697,100.529,29.2343,-200.697,0.0690355
3528,3528,0A,0.284465,-0.376768,0.450576,-0.757699,100.362,29.0339,-200.809,100.362,29.0339,-200.809,0.0679467
3536,3536,0A,0.289159,-0.379438,0.447694,-0.756297,100.233,28.887,-200.81,100.233,28.887,-200.81,0.0708483
3544,3544,0A,0.295398,-0.380216,0.446423,-0.754243,100.146,28.7012,-200.856,100.146,28.7012,-200.856,0.0734554
3552,3552,0A,0.302271,-0.380043,0.446113,-0.751787,100.119,28.5743,-200.836,100.119,28.5743,-200.836,0.0762888
3560,3560,0A,0.308143,-0.380499,0.445412,-0.749585,100.09,28.5019,-200.895,100.09,28.5019,-200.895,0.0808005
3568,3568,0A,0.312538,-0.381903,0.444147,-0.747799,99.9731,28.2339,-200.826,99.9731,28.2339,-200.826,0.0710298
3576,3576,0A,0.31476,-0.385011,0.44227,-0.746385,99.8696,28.1713,-200.838,99.8696,28.1713,-200.838,0.0789992
3584,3584,0A,0.313067,-0.391423,0.436937,-0.746903,99.8089,27.9728,-200.801,99.8089,27.9728,-200.801,0.0798683
3592,3592,0A,0.305598,-0.402373,0.427602,-0.749575,99.7683,27.9245,-200.881,99.7683,27.9245,-200.881,0.0675269
3600,3600,0A,0.294696,-0.415224,0.416871,-0.752969,99.6475,27.7756,-200.967,99.6475,27.7756,-200.967,0.0627619
3608,3608,0A,0.288321,-0.42412,0.409665,-0.754432,99.6531,27.7334,-200.849,99.6531,27.7334,-200.849,0.0814814
3616,3616,0A,0.287892,-0.429891,0.404614,-0.754055,99.6376,27.5919,-200.783,99.6376,27.5919,-200.783,0.089763
3624,3624,0A,0.291395,-0.43232,0.401317,-0.753083,99.6039,27.4885,-200.807,99.6039,27.4885,-200.807,0.101762
3632,3632,0A,0.296837,-0.433802,0.398257,-0.751728,99.4899,27.281,-200.921,99.4899,27.281,-200.921,0.0908265
3640,3640,0A,0.301611,-0.435419,0.395187,-0.750513,99.4121,27.078,-201.049,99.4121,27.078,-201.049,0.0831435
3648,3648,0A,0.307473,-0.43588,0.393384,-0.748812,99.3162,26.8333,-201.028,99.3162,26.8333,-201.028,0.0892233
3656,3656,0A,0.314604,-0.434435,0.393632,-0.746555,99.2845,26.769,-201.047,99.2845,26.769,-201.047,0.111177
3664,3664,0A,0.320446,-0.434057,0.393562,-0.744324,99.1693,26.6807,-201.191,99.1693,26.6807,-201.191,0.0962275
3672,3672,0A,0.325556,-0.434149,0.393066,-0.742312,99.2018,26.5392,-201.05,99.2018,26.5392,-201.05,0.107141
3680,3680,0A,0.330399,-0.435573,0.392072,-0.739859,99.1603,26.5162,-201.211,99.1603,26.5162,-201.211,0.113605
3688,3688,0A,0.331728,-0.439756,0.389184,-0.738314,99.0771,26.3428,-201.133,99.0771,26.3428,-201.133,0.104017
3696,3696,0A,0.333584,-0.444051,0.38676,-0.736178,99.0484,26.2346,-201.044,99.0484,26.2346,-201.044,0.120722
3704,3704,0A,0.331389,-0.45201,0.38067,-0.735499,98.9331,26.0082,-200.977,98.9331,26.0082,-200.977,0.118712
3712,3712,0A,0.328626,-0.460935,0.372583,-0.735341,98.9671,25.8667,-200.881,98.9671,25.8667,-200.881,0.11312
3720,3720,0A,0.328453,-0.467592,0.366031,-0.734505,98.8518,25.738,-200.876,98.8518,25.738,-200.876,0.133143
3728,3728,0A,0.33092,-0.471135,0.362084,-0.733089,98.8283,25.6151,-200.887,98.8283,25.6151,-200.887,0.119145
3736,3736,0A,0.333782,-0.474576,0.358038,-0.731558,98.7673,25.5435,-200.935,98.7673,25.5435,-200.935,0.133891
3744,3744,0A,0.335498,-0.479081,0.351705,-0.730908,98.7157,25.2758,-200.858,98.7157,25.2758,-200.858,0.141414
3752,3752,0A,0.339548,-0.481522,0.346786,-0.729784,98.6091,25.1388,-201.028,98.6091,25.1388,-201.028,0.110155
3760,3760,0A,0.348196,-0.48032,0.345761,-0.726981,98.6601,25.1388,-201.14,98.6601,25.1388,-201.14,0.123595
3768,3768,0A,0.35589,-0.480511,0.344987,-0.723489,98.6254,24.9287,-201.141,98.6254,24.9287,-201.141,0.140661
3776,3776,0A,0.361003,-0.482488,0.343431,-0.720373,98.5837,24.5753,-201.091,98.5837,24.5753,-201.091,0.136677
3784,3784,0A,0.366593,-0.484394,0.342342,-0.716781,98.5319,24.4579,-201.051,98.5319,24.4579,-201.051,0.145015
3792,3792,0A,0.369862,-0.487691,0.339256,-0.714328,98.5179,24.483,-200.96,98.5179,24.483,-200.96,0.148775
3800,3800,0A,0.368164,-0.494955,0.331832,-0.713697,98.4678,24.4061,-200.973,98.4678,24.4061,-200.973,0.160807
3808,3808,0A,0.363921,-0.502755,0.323802,-0.714109,98.4672,24.168,-200.883,98.4672,24.168,-200.883,0.12644
3816,3816,0A,0.364461,-0.507137,0.319414,-0.71271,98.4987,24.1916,-200.904,98.4987,24.1916,-200.904,0.134112
3832,3832,0A,0.359143,-0.520145,0.304746,-0.712458,98.569,24.2483,-200.803,98.569,24.2483,-200.803,0.105968
3840,3840,0A,0.360391,-0.522882,0.302542,-0.710761,98.4835,24.1564,-200.677,98.4835,24.1564,-200.677,0.135602
3848,3848,0A,0.364025,-0.524897,0.302344,-0.707501,98.4363,23.9933,-200.517,98.4363,23.9933,-200.517,0.144373
3856,3856,0A,0.369429,-0.524976,0.30493,-0.703519,98.5847,24.0776,-200.445,98.5847,24.0776,-200.445,0.14982
3864,3864,0A,0.376204,-0.522838,0.30884,-0.699807,98.5721,24.098,-200.459,98.5721,24.098,-200.459,0.123949
3872,3872,0A,0.385877,-0.518738,0.313905,-0.695323,98.5924,24.2313,-200.566,98.5924,24.2313,-200.566,0.12173
3880,3880,0A,0.395092,-0.515919,0.316896,-0.690874,98.5459,23.9583,-200.621,98.5459,23.9583,-200.621,0.127271
3888,3888,0A,0.40258,-0.515183,0.316803,-0.687133,98.404,23.3859,-200.479,98.404,23.3859,-200.479,0.156374
3896,3896,0A,0.410003,-0.515745,0.314998,-0.68314,98.4785,23.4813,-200.545,98.4785,23.4813,-200.545,0.139976
3904,3904,0A,0.417863,-0.516145,0.312834,-0.679058,98.4034,23.2818,-200.592,98.4034,23.2818,-200.592,0.130482
3912,3912,0A,0.425576,-0.516405,0.311253,-0.674783,98.4126,23.031,-200.77,98.4126,23.031,-200.77,0.107359
3920,3920,0A,0.433862,-0.51835,0.309239,-0.668916,98.5322,23.0596,-200.637,98.5322,23.0596,-200.637,0.132954
3928,3928,0A,0.438992,-0.522297,0.306277,-0.663842,98.6351,22.6524,-200.304,98.6351,22.6524,-200.304,0.121938
3936,3936,0A,0.444536,-0.525718,0.303891,-0.658528,98.5755,22.4625,-200.246,98.5755,22.4625,-200.246,0.110683
3944,3944,0A,0.449724,-0.52922,0.299388,-0.654249,98.6497,22.3871,-200.36,98.6497,22.3871,-200.36,0.0925483
3952,3952,0A,0.452556,-0.534116,0.29323,-0.651098,98.6287,22.1232,-200.393,98.6287,22.1232,-200.393,0.075284
3960,3960,0A,0.456813,-0.538752,0.288635,-0.646342,98.7079,21.833,-200.093,98.7079,21.833,-200.093,0.0949767
3968,3968,0A,0.460711,-0.543034,0.285045,-0.641568,98.8631,21.8911,-200.253,98.8631,21.8911,-200.253,0.0801145
3976,3976,0A,0.463264,-0.547912,0.282431,-0.636719,98.8799,21.8168,-199.912,98.8799,21.8168,-199.912,0.073554
3984,3984,0A,0.464846,-0.554237,0.279275,-0.631463,99.0574,21.8023,-199.676,99.0574,21.8023,-199.676,0.0672767
3992,3992,0A,0.46421,-0.561708,0.273961,-0.627645,98.9561,21.2401,-199.361,98.9561,21.2401,-199.361,0.0759994
4000,4000,0A,0.46672,-0.565265,0.269803,-0.624383,99.1528,21.256,-199.411,99.1528,21.256,-199.411,0.081996
4008,4008,0A,0.469031,-0.568317,0.266209,-0.621416,99.0572,21.0281,-199.424,99.0572,21.0281,-199.424,0.0637081
4016,4016,0A,0.472797,-0.570891,0.264368,-0.616974,99.2967,21.1463,-199.248,99.2967,21.1463,-199.248,0.0674803
4024,4024,0A,0.474483,-0.574894,0.261384,-0.613222,99.2365,20.8582,-199.061,99.2365,20.8582,-199.061,0.0778977
4032,4032,0A,0.474032,-0.578763,0.256857,-0.611843,99.2905,20.6596,-199.151,99.2905,20.6596,-199.151,0.0788738
4040,4040,0A,0.476744,-0.581454,0.255016,-0.607942,99.2996,20.6679,-199.1,99.2996,20.6679,-199.1,0.082541
4048,4048,0A,0.476516,-0.585796,0.250523,-0.605816,99.3827,20.4332,-198.888,99.3827,20.4332,-198.888,0.0684073
4056,4056,0A,0.477924,-0.588988,0.247263,-0.602945,99.3634,20.2657,-198.82,99.3634,20.2657,-198.82,0.0754304
4064,4064,0A,0.479974,-0.591141,0.244604,-0.600288,99.6061,20.4121,-198.671,99.6061,20.4121,-198.671,0.0793684
4072,4072,0A,0.481887,-0.593855,0.242494,-0.596924,99.6001,20.1585,-198.454,99.6001,20.1585,-198.454,0.0757685
4080,4080,0A,0.483673,-0.596642,0.239644,-0.593843,99.6024,19.9382,-198.375,99.6024,19.9382,-198.375,0.0786929
4088,4088,0A,0.485095,-0.598977,0.236362,-0.591644,99.5954,19.8476,-198.359,99.5954,19.8476,-198.359,0.0781698
4096,4096,0A,0.486805,-0.599856,0.231852,-0.591132,99.7278,19.6729,-198.283,99.7278,19.6729,-198.283,0.066525
4104,4104,0A,0.492002,-0.597204,0.22985,-0.590296,99.5982,19.5091,-198.619,99.5982,19.5091,-198.619,0.0766401
4112,4112,0A,0.497179,-0.594025,0.225654,-0.590786,99.7271,19.5522,-198.899,99.7271,19.5522,-198.899,0.0702536
4120,4120,0A,0.503137,-0.592588,0.221406,-0.588789,99.849,19.4182,-198.967,99.849,19.4182,-198.967,0.0708606
4128,4128,0A,0.506656,-0.594112,0.214848,-0.586661,100.018,19.1876,-198.875,100.018,19.1876,-198.875,0.074756
4136,4136,0A,0.506249,-0.597072,0.206362,-0.587053,100.037,18.8938,-199.15,100.037,18.8938,-199.15,0.0764525
4144,4144,0A,0.510919,-0.59744,0.204123,-0.583405,100.071,18.6951,-198.987,100.071,18.6951,-198.987,0.0743411
4152,4152,0A,0.513034,-0.598955,0.199895,-0.581456,100.246,18.5979,-198.987,100.246,18.5979,-198.987,0.0769241
4160,4160,0A,0.515593,-0.60123,0.197086,-0.577792,100.24,18.3182,-198.881,100.24,18.3182,-198.881,0.0773843
4168,4168,0A,0.518091,-0.603659,0.194394,-0.573924,100.183,18.0847,-198.805,100.183,18.0847,-198.805,0.0668947
4176,4176,0A,0.522359,-0.604948,0.192914,-0.569178,100.383,18.1186,-198.646,100.383,18.1186,-198.646,0.0657925
4184,4184,0A,0.526088,-0.606981,0.190485,-0.564377,100.585,17.8804,-198.557,100.585,17.8804,-198.557,0.063214
4192,4192,0A,0.52868,-0.609108,0.186171,-0.561092,100.476,17.5827,-198.6,100.476,17.5827,-198.6,0.079358
4200,4200,0A,0.534214,-0.608266,0.184841,-0.557192,100.654,17.5503,-198.618,100.654,17.5503,-198.618,0.0697386
4208,4208,0A,0.539215,-0.607401,0.183533,-0.553739,100.876,17.541,-198.653,100.876,17.541,-198.653,0.0735782
4216,4216,0A,0.54454,-0.606628,0.183186,-0.549474,100.74,17.0311,-198.696,100.74,17.0311,-198.696,0.0648001
4224,4224,0A,0.551469,-0.603914,0.1829,-0.545635,100.796,16.8711,-198.875,100.796,16.8711,-198.875,0.0711463
4232,4232,0A,0.558752,-0.601551,0.18334,-0.540666,100.814,16.7088,-198.87,100.814,16.7088,-198.87,0.0654117
4240,4240,0A,0.564711,-0.600453,0.184196,-0.535379,101.039,16.6573,-198.938,101.039,16.6573,-198.938,0.0755066
4248,4248,0A,0.570103,-0.600569,0.185741,-0.528961,101.048,16.3873,-198.692,101.048,16.3873,-198.692,0.0637222
4256,4256,0A,0.573498,-0.600603,0.185161,-0.525444,101.129,16.3139,-198.945,101.129,16.3139,-198.945,0.088624
4264,4264,0A,0.577876,-0.601228,0.186753,-0.519334,101.157,16.1531,-198.791,101.157,16.1531,-198.791,0.0688
4272,4272,0A,0.578403,-0.60469,0.185047,-0.515323,101.439,16.2663,-198.738,101.439,16.2663,-198.738,0.0783902
4280,4280,0A,0.577766,-0.609428,0.182329,-0.51141,101.3,15.9217,-198.534,101.3,15.9217,-198.534,0.0711662
4288,4288,0A,0.578366,-0.611702,0.176909,-0.509918,101.608,15.9129,-198.341,101.608,15.9129,-198.341,0.0669148
4296,4296,0A,0.577987,-0.61411,0.169762,-0.509884,101.379,15.5583,-198.398,101.379,15.5583,-198.398,0.0720214
4304,4304,0A,0.579422,-0.614208,0.16306,-0.510324,101.737,15.5174,-198.487,101.737,15.5174,-198.487,0.0787272
4312,4312,0A,0.58259,-0.612392,0.15969,-0.509966,101.574,15.389,-198.622,101.574,15.389,-198.622,0.0764335
4320,4320,0A,0.586591,-0.608874,0.157811,-0.510177,101.325,15.2404,-198.868,101.325,15.2404,-198.868,0.0700069
4328,4328,0A,0.588634,-0.606497,0.153266,-0.512037,101.478,15.1894,-199.066,101.478,15.1894,-199.066,0.0791298
4336,4336,0A,0.59071,-0.605169,0.149706,-0.51227,101.772,15.2659,-199.039,101.772,15.2659,-199.039,0.0787728
4344,4344,0A,0.593295,-0.604872,0.149318,-0.509741,101.742,15.1711,-199.161,101.742,15.1711,-199.161,0.0744591
4352,4352,0A,0.595019,-0.605214,0.149427,-0.507286,101.855,15.0474,-199.052,101.855,15.0474,-199.052,0.0662053
4360,4360,0A,0.59578,-0.607009,0.150439,-0.503939,101.689,14.8937,-199.02,101.689,14.8937,-199.02,0.0706628
4368,4368,0A,0.596991,-0.608792,0.151658,-0.499974,101.789,14.765,-198.865,101.789,14.765,-198.865,0.0635324
4376,4376,0A,0.599128,-0.609801,0.152761,-0.495835,101.871,14.817,-198.809,101.871,14.817,-198.809,0.0638409
4384,4384,0A,0.601286,-0.610665,0.152489,-0.492231,101.931,14.7233,-198.739,101.931,14.7233,-198.739,0.061874
4392,4392,0A,0.603592,-0.61136,0.152162,-0.488634,102.024,14.6521,-198.732,102.024,14.6521,-198.732,0.0760198
4400,4400,0A,0.606251,-0.612632,0.152725,-0.483546,102.067,14.5525,-198.617,102.067,14.5525,-198.617,0.0721039
4408,4408,0A,0.608412,-0.613945,0.152579,-0.479194,102.297,14.4668,-198.54,102.297,14.4668,-198.54,0.0727053
4416,4416,0A,0.610895,-0.615211,0.153117,-0.474212,102.385,14.291,-198.487,102.385,14.291,-198.487,0.0768957
4424,4424,0A,0.613162,-0.615951,0.151994,-0.470674,102.258,14.1598,-198.479,102.258,14.1598,-198.479,0.0782333
4432,4432,0A,0.614464,-0.616611,0.14775,-0.469462,102.308,14.0855,-198.546,102.308,14.0855,-198.546,0.0758938
4440,4440,0A,0.617547,-0.616326,0.145169,-0.466588,102.592,14.0142,-198.415,102.592,14.0142,-198.415,0.0770308
4448,4448,0A,0.621686,-0.61537,0.145608,-0.462195,102.416,13.8177,-198.516,102.416,13.8177,-198.516,0.0745593
4456,4456,0A,0.624404,-0.615006,0.144318,-0.459412,102.482,13.6926,-198.687,102.482,13.6926,-198.687,0.0839892
4464,4464,0A,0.626672,-0.615546,0.142667,-0.456105,102.636,13.6413,-198.703,102.636,13.6413,-198.703,0.0815448
4472,4472,0A,0.627842,-0.616722,0.137648,-0.454446,102.913,13.4946,-198.463,102.913,13.4946,-198.463,0.0714095
4480,4480,0A,0.628773,-0.617883,0.133186,-0.452909,102.552,13.2515,-198.669,102.552,13.2515,-198.669,0.0834782
4488,4488,0A,0.631213,-0.617824,0.130893,-0.450256,102.849,13.2672,-198.594,102.849,13.2672,-198.594,0.0853308
4496,4496,0A,0.633159,-0.619548,0.130598,-0.445213,102.926,13.2317,-198.539,102.926,13.2317,-198.539,0.0734728
4504,4504,0A,0.632865,-0.622539,0.127791,-0.442264,103.061,13.0335,-198.349,103.061,13.0335,-198.349,0.0794452
4512,4512,0A,0.632824,-0.624802,0.125747,-0.439709,103.021,12.9276,-198.342,103.021,12.9276,-198.342,0.0937013
4520,4520,0A,0.634265,-0.626155,0.12387,-0.436228,103.131,12.7227,-198.265,103.131,12.7227,-198.265,0.0907699
4528,4528,0A,0.636158,-0.626134,0.119762,-0.434645,103.249,12.7188,-198.34,103.249,12.7188,-198.34,0.08954
4536,4536,0A,0.638302,-0.625519,0.116969,-0.433145,103.218,12.5923,-198.429,103.218,12.5923,-198.429,0.100134
4552,4552,0A,0.640955,-0.626844,0.116648,-0.427361,103.632,12.6672,-198.448,103.632,12.6672,-198.448,0.0936906
4560,4560,0A,0.640543,-0.627867,0.115362,-0.426825,103.691,12.6318,-198.438,103.691,12.6318,-198.438,0.103269
4568,4568,0A,0.64128,-0.628016,0.113427,-0.426018,103.498,12.5383,-198.429,103.498,12.5383,-198.429,0.111712
4576,4576,0A,0.642903,-0.627361,0.110712,-0.425249,103.76,12.592,-198.439,103.76,12.592,-198.439,0.0995371
4584,4584,0A,0.64358,-0.627558,0.109084,-0.424355,103.708,12.4572,-198.524,103.708,12.4572,-198.524,0.107849
4592,4592,0A,0.645242,-0.626625,0.108628,-0.423325,103.691,12.3962,-198.587,103.691,12.3962,-198.587,0.117047
4600,4600,0A,0.6471,-0.625904,0.107325,-0.421886,103.594,12.2775,-198.658,103.594,12.2775,-198.658,0.108995
4608,4608,0A,0.647569,-0.626587,0.104251,-0.420921,103.777,12.3236,-198.63,103.777,12.3236,-198.63,0.112284
4616,4616,0A,0.646717,-0.629448,0.101349,-0.418666,104.01,12.2579,-198.442,104.01,12.2579,-198.442,0.110389
4624,4624,0A,0.646386,-0.631391,0.0991383,-0.416777,104.034,12.1487,-198.299,104.034,12.1487,-198.299,0.109057
4632,4632,0A,0.647243,-0.631675,0.0986408,-0.415131,103.91,12.0713,-198.446,103.91,12.0713,-198.446,0.116087
4640,4640,0A,0.648186,-0.631841,0.0975606,-0.413658,104.043,12.0554,-198.402,104.043,12.0554,-198.402,0.109158
4648,4648,0A,0.647342,-0.63289,0.0949042,-0.413995,104.091,12.0713,-198.332,104.091,12.0713,-198.332,0.10958
4656,4656,0A,0.647449,-0.633014,0.0937636,-0.413898,104.153,12.0829,-198.294,104.153,12.0829,-198.294,0.115483
4664,4664,0A,0.648131,-0.632646,0.0929026,-0.413587,103.979,12.0082,-198.45,103.979,12.0082,-198.45,0.133847
4672,4672,0A,0.650338,-0.631198,0.0916746,-0.412608,104.214,11.9232,-198.483,104.214,11.9232,-198.483,0.123743
4680,4680,0A,0.652374,-0.629676,0.0901604,-0.412054,104.154,11.9168,-198.599,104.154,11.9168,-198.599,0.125738
4688,4688,0A,0.654298,-0.628079,0.0884767,-0.411803,104.205,11.8684,-198.618,104.205,11.8684,-198.618,0.105931
4696,4696,0A,0.654535,-0.627834,0.0847638,-0.412583,104.258,11.8927,-198.712,104.258,11.8927,-198.712,0.119833
4704,4704,0A,0.655176,-0.628766,0.082642,-0.41057,104.188,11.7273,-198.724,104.188,11.7273,-198.724,0.129781
4712,4712,0A,0.655999,-0.6299,0.0813052,-0.407776,104.261,11.6686,-198.65,104.261,11.6686,-198.65,0.141866
4720,4720,0A,0.656399,-0.631615,0.0812167,-0.404484,104.402,11.6018,-198.581,104.402,11.6018,-198.581,0.131696
4728,4728,0A,0.655673,-0.6334,0.0801844,-0.403072,104.531,11.5875,-198.438,104.531,11.5875,-198.438,0.11838
4736,4736,0A,0.654989,-0.634501,0.078283,-0.402827,104.509,11.5788,-198.401,104.509,11.5788,-198.401,0.121643
4744,4744,0A,0.655076,-0.634208,0.0759049,-0.4036,104.523,11.5166,-198.474,104.523,11.5166,-198.474,0.138522
4752,4752,0A,0.657585,-0.631777,0.0752132,-0.403463,104.382,11.4034,-198.631,104.382,11.4034,-198.631,0.132825
4760,4760,0A,0.660728,-0.628479,0.0735701,-0.403782,104.442,11.4717,-198.758,104.442,11.4717,-198.758,0.119713
4768,4768,0A,0.662868,-0.627028,0.0716698,-0.402872,104.523,11.4745,-198.864,104.523,11.4745,-198.864,0.119846
4776,4776,0A,0.664088,-0.627413,0.069938,-0.400561,104.666,11.3829,-198.807,104.666,11.3829,-198.807,0.110665
4784,4784,0A,0.664365,-0.628251,0.0675919,-0.399188,104.655,11.2606,-198.757,104.655,11.2606,-198.757,0.11844
4792,4792,0A,0.665056,-0.628116,0.0657795,-0.398553,104.777,11.2356,-198.868,104.777,11.2356,-198.868,0.13501
4800,4800,0A,0.666676,-0.628156,0.0649998,-0.395903,104.745,11.156,-198.808,104.745,11.156,-198.808,0.12145
4808,4808,0A,0.667017,-0.62912,0.062333,-0.394221,104.859,11.1137,-198.788,104.859,11.1137,-198.788,0.1252
4816,4816,0A,0.667254,-0.630296,0.0601892,-0.392271,105.016,11.0903,-198.648,105.016,11.0903,-198.648,0.123186
4824,4824,0A,0.667982,-0.631022,0.0592641,-0.389999,104.918,10.9942,-198.713,104.918,10.9942,-198.713,0.134306
4832,4832,0A,0.669219,-0.630996,0.0582198,-0.388073,104.918,10.9563,-198.726,104.918,10.9563,-198.726,0.139019
4840,4840,0A,0.670137,-0.631389,0.0569912,-0.386026,105.087,10.8896,-198.653,105.087,10.8896,-198.653,0.12531
4848,4848,0A,0.669767,-0.632221,0.0550961,-0.385581,105.161,10.8754,-198.625,105.161,10.8754,-198.625,0.132368
4856,4856,0A,0.669607,-0.632239,0.0540079,-0.385984,105.165,10.7814,-198.694,105.165,10.7814,-198.694,0.142523
4864,4864,0A,0.670582,-0.631099,0.0526682,-0.386341,105.095,10.8167,-198.726,105.095,10.8167,-198.726,0.140226
4872,4872,0A,0.672224,-0.62992,0.0514893,-0.38557,105.075,10.8135,-198.838,105.075,10.8135,-198.838,0.135183
4880,4880,0A,0.672843,-0.62956,0.0492964,-0.385367,105.14,10.7393,-198.813,105.14,10.7393,-198.813,0.132063
4888,4888,0A,0.673237,-0.629474,0.0474862,-0.385045,105.156,10.6445,-198.857,105.156,10.6445,-198.857,0.136262
4896,4896,0A,0.672487,-0.629879,0.0435298,-0.386158,105.25,10.6518,-198.806,105.25,10.6518,-198.806,0.13993
4904,4904,0A,0.670585,-0.631313,0.0383964,-0.387667,105.042,10.5819,-198.898,105.042,10.5819,-198.898,0.133224
4912,4912,0A,0.669095,-0.632326,0.0333139,-0.389058,105.326,10.6032,-198.736,105.326,10.6032,-198.736,0.137984
4920,4920,0A,0.669421,-0.632547,0.032356,-0.388218,105.306,10.6283,-198.778,105.306,10.6283,-198.778,0.139523
4928,4928,0A,0.669356,-0.632433,0.0307398,-0.388646,105.226,10.5497,-198.807,105.226,10.5497,-198.807,0.140096
4936,4936,0A,0.669235,-0.632314,0.0290251,-0.38918,105.2,10.5157,-198.842,105.2,10.5157,-198.842,0.135891
4944,4944,0A,0.66863,-0.633022,0.0272553,-0.389196,105.309,10.4867,-198.736,105.309,10.4867,-198.736,0.131314
4952,4952,0A,0.667351,-0.634052,0.0252586,-0.389849,105.332,10.4711,-198.735,105.332,10.4711,-198.735,0.157521
4960,4960,0A,0.668154,-0.633988,0.0265947,-0.388488,105.361,10.4689,-198.704,105.361,10.4689,-198.704,0.146626
4968,4968,0A,0.66867,-0.633215,0.028183,-0.388749,104.715,10.3191,-198.614,104.715,10.3191,-198.614,0.132587
4976,4976,0A,0.668204,-0.633218,0.0264384,-0.389667,104.765,10.2981,-198.584,104.765,10.2981,-198.584,0.131583
4984,4984,0A,0.668045,-0.633001,0.0258673,-0.39033,104.783,10.3133,-198.599,104.783,10.3133,-198.599,0.128327
4992,4992,0A,0.667929,-0.632619,0.0255943,-0.391165,104.826,10.3106,-198.604,104.826,10.3106,-198.604,0.129391
5000,5000,0A,0.667557,-0.631993,0.0245004,-0.392877,104.836,10.3095,-198.619,104.836,10.3095,-198.619,0.130631
5008,5008,0A,0.667347,-0.631475,0.0239163,-0.3941,104.757,10.3106,-198.65,104.757,10.3106,-198.65,0.124043
5016,5016,0A,0.667333,-0.631091,0.0240659,-0.394731,104.819,10.3206,-198.63,104.819,10.3206,-198.63,0.126788
5024,5024,0A,0.667984,-0.631223,0.0266362,-0.393249,104.774,10.3273,-198.63,104.774,10.3273,-198.63,0.124666
5032,5032,0A,0.666241,-0.631555,0.0306282,-0.395376,105.256,10.6715,-198.729,105.256,10.6715,-198.729,0.129831
5040,5040,0A,0.664262,-0.632606,0.0351489,-0.396649,105.262,10.7687,-198.687,105.262,10.7687,-198.687,0.113703
5048,5048,0A,0.66129,-0.63236,0.0372238,-0.401784,105.159,10.9406,-198.682,105.159,10.9406,-198.682,0.130609
5056,5056,0A,0.658932,-0.631069,0.0404817,-0.407335,104.694,11.0638,-198.947,104.694,11.0638,-198.947,0.123963
5064,5064,0A,0.655246,-0.629158,0.0428718,-0.415903,104.628,11.2637,-198.898,104.628,11.2637,-198.898,0.118463
5072,5072,0A,0.649942,-0.628658,0.0473754,-0.424408,104.339,11.4808,-198.99,104.339,11.4808,-198.99,0.125962
5080,5080,0A,0.643824,-0.628498,0.053861,-0.433106,104.251,11.7687,-198.837,104.251,11.7687,-198.837,0.107169
5088,5088,0A,0.635313,-0.629638,0.0590132,-0.443227,103.912,12.0115,-198.836,103.912,12.0115,-198.836,0.110801
5096,5096,0A,0.626603,-0.630234,0.0632741,-0.454059,103.809,12.4259,-198.754,103.809,12.4259,-198.754,0.107748
5104,5104,0A,0.618238,-0.629683,0.0676968,-0.465509,103.523,12.6981,-198.792,103.523,12.6981,-198.792,0.110384
5112,5112,0A,0.612213,-0.626527,0.0725006,-0.476868,103.245,13.0695,-199.006,103.245,13.0695,-199.006,0.0956729
5120,5120,0A,0.604457,-0.624299,0.0733825,-0.489385,102.883,13.3322,-199.148,102.883,13.3322,-199.148,0.0823537
5128,5128,0A,0.596718,-0.623113,0.0743843,-0.500125,102.952,13.7492,-199.188,102.952,13.7492,-199.188,0.076177
5136,5136,0A,0.58993,-0.622685,0.0796835,-0.507835,102.612,13.957,-199.211,102.612,13.957,-199.211,0.0785245
5144,5144,0A,0.584847,-0.621506,0.0858408,-0.514117,102.456,14.2788,-199.266,102.456,14.2788,-199.266,0.075187
5152,5152,0A,0.578346,-0.620899,0.089532,-0.521521,102.255,14.5592,-199.262,102.255,14.5592,-199.262,0.0754018
5160,5160,0A,0.572377,-0.620032,0.0947782,-0.52817,102.06,14.7945,-199.311,102.06,14.7945,-199.311,0.0766012
5168,5168,0A,0.567627,-0.618157,0.102423,-0.534033,101.938,15.1745,-199.308,101.938,15.1745,-199.308,0.0792951
5176,5176,0A,0.561721,-0.616877,0.109142,-0.540389,101.692,15.4291,-199.33,101.692,15.4291,-199.33,0.0796433
5184,5184,0A,0.55609,-0.614758,0.114528,-0.547466,101.552,15.7708,-199.311,101.552,15.7708,-199.311,0.0722292
5192,5192,0A,0.551674,-0.611585,0.118807,-0.554531,101.355,16.0589,-199.543,101.355,16.0589,-199.543,0.0727467
5200,5200,0A,0.547856,-0.607915,0.123138,-0.561365,101.225,16.4185,-199.661,101.225,16.4185,-199.661,0.077574
5208,5208,0A,0.544117,-0.605878,0.128869,-0.565899,101.203,16.7963,-199.766,101.203,16.7963,-199.766,0.0833016
5216,5216,0A,0.537499,-0.606243,0.134955,-0.570396,101.038,16.9281,-199.67,101.038,16.9281,-199.67,0.0852847
5224,5224,0A,0.533245,-0.605764,0.14438,-0.572586,100.891,17.2857,-199.626,100.891,17.2857,-199.626,0.0839221
5232,5232,0A,0.527412,-0.60562,0.152334,-0.576069,100.793,17.6934,-199.488,100.793,17.6934,-199.488,0.0689659
5240,5240,0A,0.519772,-0.606475,0.158743,-0.580368,100.64,17.9313,-199.509,100.64,17.9313,-199.509,0.0688938
5248,5248,0A,0.515636,-0.605583,0.166221,-0.582889,100.544,18.2887,-199.307,100.544,18.2887,-199.307,0.0770227
5256,5256,0A,0.512312,-0.603648,0.173359,-0.585742,100.37,18.432,-199.439,100.37,18.432,-199.439,0.0750542
5272,5272,0A,0.505603,-0.59897,0.181291,-0.593914,99.9982,18.5807,-199.336,99.9982,18.5807,-199.336,0.0634956
5280,5280,0A,0.502627,-0.596736,0.184168,-0.597791,100.089,19.0054,-199.273,100.089,19.0054,-199.273,0.0593935
5288,5288,0A,0.498466,-0.594824,0.18684,-0.602335,99.8021,19.0505,-199.539,99.8021,19.0505,-199.539,0.0666468
5296,5296,0A,0.493824,-0.591802,0.188379,-0.608623,99.8037,19.1862,-199.615,99.8037,19.1862,-199.615,0.0664206
5304,5304,0A,0.491145,-0.588295,0.193164,-0.612677,99.746,19.4869,-199.65,99.746,19.4869,-199.65,0.0672
5312,5312,0A,0.486815,-0.586216,0.198176,-0.616512,99.7104,19.8519,-199.706,99.7104,19.8519,-199.706,0.0712484
5320,5320,0A,0.480736,-0.585384,0.203313,-0.620389,99.5661,19.9514,-199.774,99.5661,19.9514,-199.774,0.0697059
5328,5328,0A,0.476869,-0.583658,0.209122,-0.623063,99.6722,20.3122,-199.635,99.6722,20.3122,-199.635,0.0820518
5336,5336,0A,0.472538,-0.58196,0.213316,-0.62652,99.4723,20.4834,-199.611,99.4723,20.4834,-199.611,0.0795693
5344,5344,0A,0.468889,-0.578587,0.216612,-0.631237,99.3554,20.6814,-199.822,99.3554,20.6814,-199.822,0.0746552
5352,5352,0A,0.465662,-0.574365,0.219915,-0.636319,99.3681,21.0371,-199.926,99.3681,21.0371,-199.926,0.0713924
5360,5360,0A,0.46184,-0.571356,0.223906,-0.640408,99.3237,21.4323,-200.211,99.3237,21.4323,-200.211,0.0638471
5368,5368,0A,0.456615,-0.569887,0.228309,-0.6439,99.339,21.6653,-200.055,99.339,21.6653,-200.055,0.0719126
5376,5376,0A,0.450571,-0.569422,0.23346,-0.646716,99.1153,21.5383,-200.196,99.1153,21.5383,-200.196,0.0738123
5384,5384,0A,0.446094,-0.56786,0.238543,-0.649332,99.1643,21.9853,-200.028,99.1643,21.9853,-200.028,0.0663358
5392,5392,0A,0.443837,-0.565459,0.245585,-0.650348,99.0133,22.1161,-200.084,99.0133,22.1161,-200.084,0.0674423
5400,5400,0A,0.440733,-0.562675,0.252299,-0.6523,98.9776,22.3784,-199.975,98.9776,22.3784,-199.975,0.0651573
5408,5408,0A,0.438219,-0.56017,0.258208,-0.653836,98.8206,22.2745,-200.071,98.8206,22.2745,-200.071,0.0764154
5416,5416,0A,0.437262,-0.556756,0.264159,-0.655015,98.7587,22.4144,-200.098,98.7587,22.4144,-200.098,0.0868666
5424,5424,0A,0.436451,-0.553965,0.269329,-0.655816,98.7842,22.5504,-200.159,98.7842,22.5504,-200.159,0.0906148
5432,5432,0A,0.437456,-0.551388,0.274521,-0.655165,98.8359,22.8156,-199.909,98.8359,22.8156,-199.909,0.0937583
5440,5440,0A,0.437521,-0.550187,0.277868,-0.654721,98.7089,22.654,-199.957,98.7089,22.654,-199.957,0.115835
5448,5448,0A,0.436839,-0.548766,0.278718,-0.656006,98.7531,22.8015,-200,98.7531,22.8015,-200,0.0991152
5456,5456,0A,0.437197,-0.546862,0.280031,-0.656798,98.7914,22.7949,-200.178,98.7914,22.7949,-200.178,0.0931873
5464,5464,0A,0.438264,-0.545341,0.281582,-0.656688,98.7635,22.8422,-200.128,98.7635,22.8422,-200.128,0.107481
5472,5472,0A,0.437121,-0.544681,0.280757,-0.658349,98.7318,22.6815,-200.165,98.7318,22.6815,-200.165,0.095198
5480,5480,0A,0.438661,-0.541598,0.279508,-0.660397,98.7747,22.7066,-200.229,98.7747,22.7066,-200.229,0.0971717
5488,5488,0A,0.441675,-0.536543,0.27766,-0.663287,98.6547,22.4354,-200.516,98.6547,22.4354,-200.516,0.108486
5496,5496,0A,0.446732,-0.529291,0.276067,-0.666385,98.7215,22.6842,-200.927,98.7215,22.6842,-200.927,0.0998809
5504,5504,0A,0.453716,-0.520618,0.276581,-0.668283,98.8156,22.8085,-201.262,98.8156,22.8085,-201.262,0.106803
5512,5512,0A,0.461067,-0.511223,0.2801,-0.669038,98.7417,22.8208,-201.631,98.7417,22.8208,-201.631,0.0805956
5520,5520,0A,0.470354,-0.50117,0.283367,-0.668804,98.8474,22.5528,-201.642,98.8474,22.5528,-201.642,0.136042
5528,5528,0A,0.476438,-0.49236,0.280197,-0.672368,98.912,22.3678,-202.051,98.912,22.3678,-202.051,0.120602
5536,5536,0A,0.487081,-0.478271,0.278294,-0.675693,98.8358,22.4963,-202.75,98.8358,22.4963,-202.75,0.0871173
5544,5544,0A,0.50075,-0.461588,0.278028,-0.677412,99.0846,22.758,-203.519,99.0846,22.758,-203.519,0.0994113
5552,5552,0A,0.511735,-0.447232,0.274871,-0.680116,99.1565,22.4276,-203.833,99.1565,22.4276,-203.833,0.0960483
5560,5560,0A,0.523963,-0.432569,0.272023,-0.681433,99.1432,22.3292,-204.442,99.1432,22.3292,-204.442,0.107307
5568,5568,0A,0.535383,-0.419578,0.269922,-0.681515,99.3468,22.5018,-204.861,99.3468,22.5018,-204.861,0.101094
5576,5576,0A,0.5429,-0.410795,0.266237,-0.682368,99.4461,22.125,-205.167,99.4461,22.125,-205.167,0.104892
5584,5584,0A,0.549484,-0.402958,0.261614,-0.683557,99.5681,22.2777,-205.417,99.5681,22.2777,-205.417,0.119611
5592,5592,0A,0.553784,-0.396017,0.257246,-0.685797,99.6162,22.0827,-205.755,99.6162,22.0827,-205.755,0.111363
5608,5608,0A,0.564733,-0.38417,0.250813,-0.685991,99.8716,21.9217,-206.166,99.8716,21.9217,-206.166,0.101358
5616,5616,0A,0.569359,-0.379115,0.245387,-0.68694,100.06,21.851,-206.421,100.06,21.851,-206.421,0.107268
5624,5624,0A,0.575656,-0.371069,0.239353,-0.688214,100.196,21.7333,-206.651,100.196,21.7333,-206.651,0.100347
5632,5632,0A,0.583814,-0.359829,0.234838,-0.688865,100.265,21.8762,-207.163,100.265,21.8762,-207.163,0.104162
5640,5640,0A,0.590006,-0.349716,0.230492,-0.690265,100.48,21.7438,-207.425,100.48,21.7438,-207.425,0.101925
5648,5648,0A,0.594403,-0.341208,0.227517,-0.691737,100.562,21.8654,-207.703,100.562,21.8654,-207.703,0.0990187
5656,5656,0A,0.59724,-0.334358,0.223591,-0.693914,100.662,21.7247,-207.891,100.662,21.7247,-207.891,0.0980795
5664,5664,0A,0.6002,-0.328114,0.221046,-0.695155,100.747,21.8038,-208.139,100.747,21.8038,-208.139,0.0961993
5672,5672,0A,0.603343,-0.323646,0.219448,-0.695035,100.881,21.7927,-208.228,100.881,21.7927,-208.228,0.0969575
5680,5680,0A,0.607431,-0.3202,0.218882,-0.693246,100.992,21.7747,-208.304,100.992,21.7747,-208.304,0.103516
5688,5688,0A,0.610067,-0.317173,0.218579,-0.692418,100.953,21.7444,-208.35,100.953,21.7444,-208.35,0.0966732
5696,5696,0A,0.613296,-0.313652,0.218136,-0.691308,101.077,21.7183,-208.453,101.077,21.7183,-208.453,0.0985111
5704,5704,0A,0.616305,-0.309281,0.217805,-0.690705,101.152,21.751,-208.588,101.152,21.751,-208.588,0.0984554
5712,5712,0A,0.619151,-0.303624,0.217728,-0.690695,101.153,21.8543,-208.695,101.153,21.8543,-208.695,0.0891119
5720,5720,0A,0.622776,-0.298204,0.217653,-0.68982,101.245,21.8713,-208.81,101.245,21.8713,-208.81,0.0999582
5728,5728,0A,0.627217,-0.292778,0.218337,-0.687902,101.319,21.7997,-208.834,101.319,21.7997,-208.834,0.102296
5736,5736,0A,0.631354,-0.287014,0.218855,-0.68638,101.371,21.9188,-209.021,101.371,21.9188,-209.021,0.104196
5744,5744,0A,0.63416,-0.281505,0.218448,-0.686205,101.454,21.9671,-209.116,101.454,21.9671,-209.116,0.0951985
5752,5752,0A,0.636474,-0.27644,0.218024,-0.686256,101.547,22.1007,-209.24,101.547,22.1007,-209.24,0.100371
5760,5760,0A,0.639407,-0.273105,0.217924,-0.684896,101.593,21.9904,-209.288,101.593,21.9904,-209.288,0.101691
5768,5768,0A,0.64114,-0.271764,0.217537,-0.683931,101.615,21.9953,-209.329,101.615,21.9953,-209.329,0.106463
5776,5776,0A,0.641908,-0.270736,0.217328,-0.683685,101.619,21.9448,-209.318,101.619,21.9448,-209.318,0.0980324
5784,5784,0A,0.643436,-0.268793,0.217908,-0.68283,101.603,22.0438,-209.399,101.603,22.0438,-209.399,0.101249
5792,5792,0A,0.643821,-0.267307,0.217785,-0.683089,101.606,21.9884,-209.372,101.606,21.9884,-209.372,0.094863
5800,5800,0A,0.645235,-0.266081,0.217709,-0.682258,101.696,22.0238,-209.419,101.696,22.0238,-209.419,0.10088
5808,5808,0A,0.645589,-0.264673,0.217853,-0.682425,101.704,21.9917,-209.404,101.704,21.9917,-209.404,0.100623
5824,5824,0A,0.647898,-0.261813,0.22068,-0.680429,101.568,21.9375,-209.528,101.568,21.9375,-209.528,0.10888
5832,5832,0A,0.647051,-0.261993,0.221071,-0.681038,101.595,21.8997,-209.494,101.595,21.8997,-209.494,0.10229
5840,5840,0A,0.647826,-0.261097,0.221899,-0.680376,101.559,21.8795,-209.467,101.559,21.8795,-209.467,0.0987082
5848,5848,0A,0.649897,-0.260048,0.222862,-0.678484,101.568,21.9871,-209.562,101.568,21.9871,-209.562,0.108655
5856,5856,0A,0.649259,-0.260321,0.223548,-0.678765,101.564,21.991,-209.511,101.564,21.991,-209.511,0.10097
5864,5864,0A,0.648324,-0.261432,0.224023,-0.679075,101.56,21.8704,-209.498,101.56,21.8704,-209.498,0.0982569
5872,5872,0A,0.648657,-0.261542,0.224779,-0.678464,101.564,22.0114,-209.447,101.564,22.0114,-209.447,0.0979703
5880,5880,0A,0.648808,-0.262128,0.224672,-0.67813,101.577,21.9436,-209.47,101.577,21.9436,-209.47,0.0992792
5888,5888,0A,0.651329,-0.261289,0.225283,-0.67583,101.694,22.2881,-209.369,101.694,22.2881,-209.369,0.0965086
5896,5896,0A,0.651644,-0.261196,0.226129,-0.675279,101.666,22.2645,-209.327,101.666,22.2645,-209.327,0.106052
5904,5904,0A,0.650996,-0.261168,0.226873,-0.675666,101.633,22.3072,-209.309,101.633,22.3072,-209.309,0.0968108
5912,5912,0A,0.649944,-0.261406,0.227093,-0.676513,101.624,22.3191,-209.306,101.624,22.3191,-209.306,0.0959424
5920,5920,0A,0.643945,-0.264251,0.226805,-0.681224,101.513,21.977,-209.383,101.513,21.977,-209.383,0.100479
5928,5928,0A,0.648896,-0.26288,0.227576,-0.676785,101.576,22.2742,-209.275,101.576,22.2742,-209.275,0.10187
5936,5936,0A,0.648689,-0.263629,0.22803,-0.676539,101.545,22.3286,-209.252,101.545,22.3286,-209.252,0.0959247
5944,5944,0A,0.641358,-0.267855,0.226549,-0.682341,101.423,21.9155,-209.257,101.423,21.9155,-209.257,0.0972789
5952,5952,0A,0.639441,-0.267973,0.226665,-0.684053,101.412,22.0809,-209.288,101.412,22.0809,-209.288,0.108387
5960,5960,0A,0.637475,-0.268202,0.225986,-0.68602,101.405,21.8112,-209.418,101.405,21.8112,-209.418,0.117495
5968,5968,0A,0.637161,-0.268669,0.22596,-0.686138,101.397,21.8168,-209.427,101.397,21.8168,-209.427,0.117573
5976,5976,0A,0.635453,-0.269696,0.225796,-0.687372,101.364,21.8145,-209.408,101.364,21.8145,-209.408,0.100488
5984,5984,0A,0.639709,-0.267711,0.226565,-0.683939,101.423,22.0699,-209.312,101.423,22.0699,-209.312,0.098918
5992,5992,0A,0.639286,-0.268219,0.226579,-0.68413,101.428,22.0897,-209.292,101.428,22.0897,-209.292,0.102871
6000,6000,0A,0.638141,-0.269161,0.226397,-0.68489,101.394,22.0742,-209.276,101.394,22.0742,-209.276,0.100243
6008,6008,0A,0.637298,-0.269834,0.226182,-0.68548,101.399,22.0763,-209.255,101.399,22.0763,-209.255,0.0997685
6016,6016,0A,0.638188,-0.271048,0.226129,-0.684189,101.503,22.3462,-209.112,101.503,22.3462,-209.112,0.0996328
6024,6024,0A,0.638246,-0.271639,0.226125,-0.683902,101.498,22.3688,-209.127,101.498,22.3688,-209.127,0.0972051
6032,6032,0A,0.638509,-0.27218,0.22612,-0.683443,101.512,22.3486,-209.148,101.512,22.3486,-209.148,0.0985546
6040,6040,0A,0.638404,-0.272742,0.225989,-0.68336,101.497,22.2774,-209.07,101.497,22.2774,-209.07,0.10218
6048,6048,0A,0.638279,-0.273149,0.226022,-0.683303,101.522,22.3073,-209.098,101.522,22.3073,-209.098,0.0974529
6056,6056,0A,0.638139,-0.273631,0.225781,-0.683321,101.506,22.2791,-209.071,101.506,22.2791,-209.071,0.0971827
6064,6064,0A,0.638267,-0.274188,0.225471,-0.683081,101.516,22.2492,-209.082,101.516,22.2492,-209.082,0.0988462
6072,6072,0A,0.63907,-0.27452,0.225714,-0.682116,101.487,22.2668,-209.069,101.487,22.2668,-209.069,0.0974882
6080,6080,0A,0.639531,-0.274964,0.225548,-0.68156,101.52,22.2517,-209.054,101.52,22.2517,-209.054,0.0997973
6088,6088,0A,0.639815,-0.275287,0.22559,-0.681148,101.492,22.2403,-209.036,101.492,22.2403,-209.036,0.0982859
6096,6096,0A,0.639382,-0.275372,0.225503,-0.681549,101.488,22.2454,-209.023,101.488,22.2454,-209.023,0.0985699
6104,6104,0A,0.638224,-0.27535,0.225072,-0.682784,101.369,21.9512,-209.156,101.369,21.9512,-209.156,0.098807
6112,6112,0A,0.638119,-0.275617,0.224977,-0.682807,101.385,21.946,-209.159,101.385,21.946,-209.159,0.0987229
6120,6120,0A,0.638062,-0.275862,0.224944,-0.682772,101.371,21.9291,-209.158,101.371,21.9291,-209.158,0.0992818
6128,6128,0A,0.638033,-0.275972,0.224961,-0.682748,101.365,21.9162,-209.143,101.365,21.9162,-209.143,0.099963
6136,6136,0A,0.637911,-0.276031,0.225036,-0.682814,101.349,21.9073,-209.133,101.349,21.9073,-209.133,0.101694
6144,6144,0A,0.638051,-0.275849,0.225179,-0.68271,101.348,21.9006,-209.114,101.348,21.9006,-209.114,0.102813
6152,6152,0A,0.637932,-0.275721,0.225269,-0.682844,101.34,21.8834,-209.11,101.34,21.8834,-209.11,0.103123
6160,6160,0A,0.637632,-0.275636,0.225379,-0.683122,101.335,21.8912,-209.113,101.335,21.8912,-209.113,0.10156
6168,6168,0A,0.637463,-0.275491,0.225512,-0.683294,101.333,21.8839,-209.122,101.333,21.8839,-209.122,0.101473
6176,6176,0A,0.637416,-0.275285,0.22568,-0.683365,101.333,21.8952,-209.12,101.333,21.8952,-209.12,0.100136
6184,6184,0A,0.637249,-0.275186,0.225794,-0.683523,101.328,21.8909,-209.126,101.328,21.8909,-209.126,0.0996634
6192,6192,0A,0.636959,-0.275126,0.225923,-0.683775,101.314,21.8918,-209.116,101.314,21.8918,-209.116,0.0987415
6200,6200,0A,0.636681,-0.275116,0.226022,-0.684005,101.305,21.8865,-209.116,101.305,21.8865,-209.116,0.0969933
6208,6208,0A,0.636632,-0.275019,0.226207,-0.684029,101.304,21.9117,-209.111,101.304,21.9117,-209.111,0.0954269
6216,6216,0A,0.636531,-0.275066,0.226364,-0.684052,101.316,21.9437,-209.12,101.316,21.9437,-209.12,0.0961403
6224,6224,0A,0.635913,-0.275524,0.226457,-0.684411,101.31,21.9865,-209.124,101.31,21.9865,-209.124,0.096069
6232,6232,0A,0.637862,-0.276283,0.227788,-0.681845,101.376,22.2647,-208.935,101.376,22.2647,-208.935,0.0948139
6240,6240,0A,0.631405,-0.281394,0.227148,-0.685966,101.164,21.9559,-208.954,101.164,21.9559,-208.954,0.0878578
6248,6248,0A,0.630232,-0.284167,0.228618,-0.685413,101.136,21.9564,-208.86,101.136,21.9564,-208.86,0.11157
6256,6256,0A,0.62594,-0.289872,0.230483,-0.686332,101.11,21.9569,-208.748,101.11,21.9569,-208.748,0.108961
6264,6264,0A,0.620862,-0.294882,0.231897,-0.688331,101.04,21.9207,-208.533,101.04,21.9207,-208.533,0.102612
6272,6272,0A,0.620456,-0.295547,0.234971,-0.687369,100.982,22.142,-208.546,100.982,22.142,-208.546,0.111462
6280,6280,0A,0.619388,-0.298726,0.236434,-0.686455,100.883,21.9816,-208.415,100.883,21.9816,-208.415,0.105422
6288,6288,0A,0.617935,-0.302792,0.239356,-0.684969,100.8,22.1,-208.34,100.8,22.1,-208.34,0.103531
6296,6296,0A,0.614508,-0.308608,0.242603,-0.684314,100.682,21.9659,-208.078,100.682,21.9659,-208.078,0.0978714
6304,6304,0A,0.611678,-0.31497,0.24751,-0.68219,100.593,22.0633,-207.925,100.593,22.0633,-207.925,0.10672
6312,6312,0A,0.606627,-0.323292,0.251685,-0.681279,100.367,21.831,-207.531,100.367,21.831,-207.531,0.103906
6320,6320,0A,0.603298,-0.329897,0.257733,-0.678803,100.281,22.155,-207.378,100.281,22.155,-207.378,0.102347
6336,6336,0A,0.594662,-0.347998,0.271215,-0.672099,100.086,22.3587,-206.583,100.086,22.3587,-206.583,0.108855
6344,6344,0A,0.589615,-0.358995,0.279906,-0.66718,99.8642,22.3335,-206.07,99.8642,22.3335,-206.07,0.114157
6352,6352,0A,0.584602,-0.36991,0.287819,-0.662244,99.7915,22.3033,-205.637,99.7915,22.3033,-205.637,0.119149
6360,6360,0A,0.578513,-0.380429,0.294368,-0.658744,99.5812,22.3186,-205.187,99.5812,22.3186,-205.187,0.123332
6368,6368,0A,0.570924,-0.390784,0.299746,-0.656876,99.4202,22.3913,-204.81,99.4202,22.3913,-204.81,0.11354
6376,6376,0A,0.561701,-0.402876,0.30471,-0.655237,99.2921,22.5749,-204.475,99.2921,22.5749,-204.475,0.11678
6384,6384,0A,0.552091,-0.415988,0.309113,-0.653146,99.2416,22.4119,-203.808,99.2416,22.4119,-203.808,0.130539
6392,6392,0A,0.543568,-0.426084,0.315584,-0.650687,99.063,22.6016,-203.488,99.063,22.6016,-203.488,0.118514
6400,6400,0A,0.536204,-0.434356,0.321431,-0.648462,98.9679,22.4973,-202.93,98.9679,22.4973,-202.93,0.128566
6408,6408,0A,0.529031,-0.442425,0.325673,-0.64678,98.9514,22.7682,-202.634,98.9514,22.7682,-202.634,0.12319
6416,6416,0A,0.521973,-0.450074,0.327684,-0.64622,98.8216,22.5362,-202.211,98.8216,22.5362,-202.211,0.137381
6424,6424,0A,0.518161,-0.454223,0.329736,-0.645341,98.8572,22.7191,-202.152,98.8572,22.7191,-202.152,0.117405
6432,6432,0A,0.516146,-0.456189,0.330951,-0.644947,98.7331,22.6357,-202.007,98.7331,22.6357,-202.007,0.121322
6440,6440,0A,0.516172,-0.456536,0.331966,-0.644159,98.8319,22.8783,-202.052,98.8319,22.8783,-202.052,0.117898
6448,6448,0A,0.515669,-0.456998,0.331763,-0.644338,98.7253,22.6196,-201.937,98.7253,22.6196,-201.937,0.125326
6456,6456,0A,0.516563,-0.455691,0.332355,-0.644243,98.8415,22.9015,-202.093,98.8415,22.9015,-202.093,0.119129
6464,6464,0A,0.51554,-0.455412,0.332475,-0.645197,98.7371,22.7262,-202.103,98.7371,22.7262,-202.103,0.124672
6472,6472,0A,0.515504,-0.455147,0.333291,-0.644991,98.8143,22.9312,-202.095,98.8143,22.9312,-202.095,0.129863
6480,6480,0A,0.514134,-0.456095,0.333596,-0.645257,98.7851,22.9053,-201.987,98.7851,22.9053,-201.987,0.135418
6488,6488,0A,0.51272,-0.456557,0.333464,-0.646123,98.7774,22.7989,-201.933,98.7774,22.7989,-201.933,0.125509
6496,6496,0A,0.513081,-0.455694,0.333967,-0.646187,98.7494,22.841,-201.99,98.7494,22.841,-201.99,0.127592
6504,6504,0A,0.51378,-0.45497,0.33432,-0.645958,98.7667,22.9402,-202.007,98.7667,22.9402,-202.007,0.126549
6512,6512,0A,0.513795,-0.454961,0.334483,-0.645869,98.8265,23.0009,-202.026,98.8265,23.0009,-202.026,0.12301
6520,6520,0A,0.51365,-0.455151,0.335024,-0.64557,98.8281,22.9445,-202,98.8281,22.9445,-202,0.123193
6528,6528,0A,0.513705,-0.455228,0.335847,-0.645044,98.8109,22.9776,-202.011,98.8109,22.9776,-202.011,0.129955
6536,6536,0A,0.513352,-0.455278,0.335993,-0.645214,98.7568,22.7752,-201.905,98.7568,22.7752,-201.905,0.13102
6544,6544,0A,0.514531,-0.453991,0.336636,-0.644846,98.7764,22.9361,-202.07,98.7764,22.9361,-202.07,0.129935
