176,176,0A,0.132597,-0.548399,-0.0239752,-0.825289,99.4911,62.0425,-229.664,99.4911,62.0425,-229.664,0.0576492
184,184,0A,0.135834,-0.543684,-0.0222213,-0.827928,99.5786,61.9709,-229.905,99.5786,61.9709,-229.905,0.0580162
192,192,0A,0.139909,-0.538544,-0.0204894,-0.830648,99.5066,61.9418,-230.033,99.5066,61.9418,-230.033,0.0544242
200,200,0A,0.143294,-0.533639,-0.0190849,-0.833266,99.5815,61.9159,-230.254,99.5815,61.9159,-230.254,0.0580277
208,208,0A,0.146345,-0.529673,-0.0180435,-0.835287,99.6238,62.005,-230.37,99.6238,62.005,-230.37,0.0520282
216,216,0A,0.148705,-0.526401,-0.0173986,-0.836951,99.7136,61.8895,-230.471,99.7136,61.8895,-230.471,0.0547376
224,224,0A,0.151814,-0.523317,-0.0166345,-0.838341,99.6915,62.0028,-230.626,99.6915,62.0028,-230.626,0.0533338
232,232,0A,0.152912,-0.520129,-0.0170649,-0.840115,99.8048,61.9498,-230.744,99.8048,61.9498,-230.744,0.0515102
240,240,0A,0.154957,-0.517438,-0.0171166,-0.8414,99.7344,61.9146,-230.821,99.7344,61.9146,-230.821,0.0572395
248,248,0A,0.156449,-0.514824,-0.0169365,-0.84273,99.8392,61.8172,-230.921,99.8392,61.8172,-230.921,0.0535189
256,256,0A,0.158776,-0.513079,-0.0156858,-0.843383,99.8248,61.9493,-230.954,99.8248,61.9493,-230.954,0.0519971
264,264,0A,0.157964,-0.511895,-0.016279,-0.844243,99.8568,61.7703,-230.971,99.8568,61.7703,-230.971,0.0557716
272,272,0A,0.158479,-0.510321,-0.0162237,-0.8451,99.8673,61.8896,-231.066,99.8673,61.8896,-231.066,0.0551448
280,280,0A,0.15828,-0.508088,-0.0168105,-0.84647,99.8965,61.8127,-231.145,99.8965,61.8127,-231.145,0.0552178
288,288,0A,0.159143,-0.50531,-0.0171053,-0.847964,99.8955,61.8331,-231.242,99.8955,61.8331,-231.242,0.048555
296,296,0A,0.160348,-0.502312,-0.0167073,-0.849525,99.9476,61.7096,-231.401,99.9476,61.7096,-231.401,0.0576988
304,304,0A,0.161972,-0.499086,-0.016168,-0.851127,99.9664,61.7991,-231.512,99.9664,61.7991,-231.512,0.0496818
312,312,0A,0.162958,-0.495922,-0.0164306,-0.852782,100.037,61.7564,-231.598,100.037,61.7564,-231.598,0.0515434
320,320,0A,0.164783,-0.49292,-0.0163618,-0.854172,100.063,61.8651,-231.709,100.063,61.8651,-231.709,0.0489714
328,328,0A,0.165607,-0.490205,-0.0167834,-0.855565,100.016,61.6279,-231.748,100.016,61.6279,-231.748,0.0498891
336,336,0A,0.167962,-0.487278,-0.0159547,-0.856793,100.056,61.8041,-231.906,100.056,61.8041,-231.906,0.0558456
344,344,0A,0.168108,-0.484989,-0.0161951,-0.858058,100.086,61.6251,-231.92,100.086,61.6251,-231.92,0.0509257
352,352,0A,0.167938,-0.483112,-0.0163893,-0.859146,100.196,61.7854,-232.068,100.196,61.7854,-232.068,0.0550399
360,360,0A,0.167734,-0.481697,-0.0167846,-0.859972,100.159,61.6414,-232.079,100.159,61.6414,-232.079,0.0582496
368,368,0A,0.168788,-0.479888,-0.0167283,-0.860778,100.229,61.7267,-232.158,100.229,61.7267,-232.158,0.0526628
376,376,0A,0.169768,-0.47827,-0.0164761,-0.86149,100.249,61.7127,-232.109,100.249,61.7127,-232.109,0.0591449
384,384,0A,0.170363,-0.476636,-0.0165836,-0.862276,100.33,61.8353,-232.211,100.33,61.8353,-232.211,0.0519047
392,392,0A,0.169655,-0.475375,-0.0177464,-0.863088,100.185,61.6259,-232.231,100.185,61.6259,-232.231,0.0549463
400,400,0A,0.170997,-0.473606,-0.0175311,-0.8638,100.279,61.7625,-232.381,100.279,61.7625,-232.381,0.0547991
408,408,0A,0.17094,-0.472521,-0.0186129,-0.864383,100.267,61.564,-232.355,100.267,61.564,-232.355,0.0571164
416,416,0A,0.171695,-0.471444,-0.0188006,-0.864817,100.322,61.6448,-232.409,100.322,61.6448,-232.409,0.0657414
424,424,0A,0.172378,-0.470193,-0.018877,-0.86536,100.343,61.6254,-232.361,100.343,61.6254,-232.361,0.0557533
432,432,0A,0.173258,-0.469162,-0.0187849,-0.865746,100.411,61.6398,-232.49,100.411,61.6398,-232.49,0.0577142
440,440,0A,0.172704,-0.468273,-0.0197183,-0.866317,100.424,61.6591,-232.438,100.424,61.6591,-232.438,0.054207
448,448,0A,0.173681,-0.468037,-0.0196048,-0.866251,100.33,61.554,-232.551,100.33,61.554,-232.551,0.0567717
456,456,0A,0.174827,-0.467067,-0.0191509,-0.866555,100.378,61.6532,-232.494,100.378,61.6532,-232.494,0.056693
464,464,0A,0.174231,-0.465939,-0.0202432,-0.867257,100.425,61.5377,-232.577,100.425,61.5377,-232.577,0.0578244
472,472,0A,0.174412,-0.464448,-0.0208269,-0.868006,100.393,61.5173,-232.573,100.393,61.5173,-232.573,0.055996
480,480,0A,0.175845,-0.462925,-0.020529,-0.868538,100.438,61.4924,-232.687,100.438,61.4924,-232.687,0.0574841
488,488,0A,0.177456,-0.461384,-0.0197889,-0.869047,100.496,61.6747,-232.693,100.496,61.6747,-232.693,0.0496161
496,496,0A,0.17765,-0.460633,-0.0199843,-0.869401,100.471,61.5414,-232.767,100.471,61.5414,-232.767,0.056327
504,504,0A,0.177862,-0.459687,-0.0203767,-0.869849,100.45,61.5142,-232.761,100.45,61.5142,-232.761,0.0574021
512,512,0A,0.17753,-0.458764,-0.0211929,-0.870385,100.476,61.3734,-232.773,100.476,61.3734,-232.773,0.0549483
520,520,0A,0.178033,-0.458282,-0.021523,-0.870528,100.509,61.5052,-232.801,100.509,61.5052,-232.801,0.0571778
528,528,0A,0.176996,-0.458768,-0.022361,-0.870463,100.409,61.3525,-232.81,100.409,61.3525,-232.81,0.0589846
536,536,0A,0.176795,-0.458625,-0.0229571,-0.870563,100.521,61.4752,-232.743,100.521,61.4752,-232.743,0.0658106
544,544,0A,0.175768,-0.458917,-0.0238674,-0.870593,100.418,61.3047,-232.845,100.418,61.3047,-232.845,0.0525008
552,552,0A,0.176221,-0.458462,-0.0239654,-0.870738,100.501,61.5528,-232.846,100.501,61.5528,-232.846,0.0541211
560,560,0A,0.179941,-0.458767,-0.0215761,-0.869879,100.324,61.5231,-233.037,100.324,61.5231,-233.037,0.065006
568,568,0A,0.177185,-0.458639,-0.0228364,-0.87048,100.508,61.512,-232.834,100.508,61.512,-232.834,0.0599394
576,576,0A,0.177088,-0.458464,-0.0234715,-0.870574,100.503,61.4706,-232.823,100.503,61.4706,-232.823,0.0579172
584,584,0A,0.176894,-0.458538,-0.0240607,-0.870559,100.484,61.4457,-232.818,100.484,61.4457,-232.818,0.056371
592,592,0A,0.174602,-0.460142,-0.0274124,-0.870076,100.464,61.323,-232.815,100.464,61.323,-232.815,0.0614399
600,600,0A,0.173526,-0.461019,-0.0279703,-0.869809,100.515,61.4817,-232.805,100.515,61.4817,-232.805,0.0628507
608,608,0A,0.171808,-0.462558,-0.029008,-0.869299,100.387,61.2471,-232.678,100.387,61.2471,-232.678,0.0577597
616,616,0A,0.17116,-0.464255,-0.0291274,-0.868518,100.415,61.4778,-232.679,100.415,61.4778,-232.679,0.0609332
624,624,0A,0.168866,-0.466807,-0.0306736,-0.867545,100.402,61.3058,-232.599,100.402,61.3058,-232.599,0.0531262
632,632,0A,0.167162,-0.469747,-0.0318627,-0.866244,100.462,61.4747,-232.489,100.462,61.4747,-232.489,0.0575705
640,640,0A,0.165398,-0.47382,-0.0331312,-0.864315,100.294,61.3349,-232.313,100.294,61.3349,-232.313,0.0526531
648,648,0A,0.164272,-0.478099,-0.0340832,-0.862134,100.269,61.4107,-232.169,100.269,61.4107,-232.169,0.057943
656,656,0A,0.162668,-0.483496,-0.0355383,-0.859365,100.142,61.1218,-232.075,100.142,61.1218,-232.075,0.0556628
664,664,0A,0.162055,-0.488272,-0.0365812,-0.856732,100.288,61.4088,-231.887,100.288,61.4088,-231.887,0.0525192
672,672,0A,0.161455,-0.4935,-0.0382957,-0.85377,100.119,61.1903,-231.589,100.119,61.1903,-231.589,0.0539382
680,680,0A,0.162165,-0.4982,-0.0393342,-0.850854,100.127,61.2824,-231.447,100.127,61.2824,-231.447,0.0521449
688,688,0A,0.161315,-0.503426,-0.0414048,-0.847836,99.9548,61.0835,-231.204,99.9548,61.0835,-231.204,0.0560159
696,696,0A,0.161158,-0.508997,-0.0420462,-0.844502,100.004,61.2288,-230.998,100.004,61.2288,-230.998,0.0530353
704,704,0A,0.159838,-0.515892,-0.0429685,-0.840513,99.8728,61.1523,-230.761,99.8728,61.1523,-230.761,0.0644598
712,712,0A,0.158609,-0.522051,-0.0434126,-0.836912,99.8871,61.1195,-230.504,99.8871,61.1195,-230.504,0.0599304
720,720,0A,0.15789,-0.527896,-0.0439387,-0.833346,99.7352,61.0872,-230.301,99.7352,61.0872,-230.301,0.0533862
728,728,0A,0.157053,-0.533733,-0.0444845,-0.82975,99.7041,61.1443,-230.122,99.7041,61.1443,-230.122,0.0621288
736,736,0A,0.155506,-0.540164,-0.0451007,-0.825837,99.6255,61.1569,-229.87,99.6255,61.1569,-229.87,0.0634541
744,744,0A,0.154026,-0.546183,-0.0458152,-0.822108,99.7651,61.2203,-229.511,99.7651,61.2203,-229.511,0.0700123
752,752,0A,0.154219,-0.551925,-0.0458617,-0.818225,99.6348,61.1945,-229.244,99.6348,61.1945,-229.244,0.0688938
760,760,0A,0.155311,-0.556281,-0.0461748,-0.815045,99.6075,61.1424,-229.093,99.6075,61.1424,-229.093,0.0676954
768,768,0A,0.156778,-0.56044,-0.0467414,-0.811876,99.4566,61.0389,-228.917,99.4566,61.0389,-228.917,0.0691691
776,776,0A,0.157527,-0.564934,-0.0474421,-0.808569,99.4594,61.0045,-228.728,99.4594,61.0045,-228.728,0.0686685
784,784,0A,0.15754,-0.57017,-0.0484744,-0.804822,99.4096,61.0605,-228.435,99.4096,61.0605,-228.435,0.0725576
792,792,0A,0.157135,-0.575307,-0.0493771,-0.801183,99.538,61.0276,-228.1,99.538,61.0276,-228.1,0.0894636
800,800,0A,0.157471,-0.580204,-0.0502548,-0.797521,99.348,60.9016,-227.9,99.348,60.9016,-227.9,0.0818864
808,808,0A,0.158989,-0.583908,-0.0505482,-0.794493,99.3687,60.9036,-227.741,99.3687,60.9036,-227.741,0.0803453
816,816,0A,0.160923,-0.587335,-0.0508726,-0.791552,99.3423,61.0037,-227.54,99.3423,61.0037,-227.54,0.0817655
824,824,0A,0.161194,-0.591222,-0.0517062,-0.788543,99.3473,60.8044,-227.356,99.3473,60.8044,-227.356,0.0869516
832,832,0A,0.161893,-0.595401,-0.0518717,-0.785237,99.3178,60.8797,-227.12,99.3178,60.8797,-227.12,0.0920469
840,840,0A,0.16154,-0.599843,-0.0525767,-0.781876,99.2538,60.7211,-226.958,99.2538,60.7211,-226.958,0.0930392
848,848,0A,0.162987,-0.603368,-0.0518736,-0.778904,99.3431,60.8452,-226.628,99.3431,60.8452,-226.628,0.0950227
856,856,0A,0.16298,-0.606755,-0.0520347,-0.776259,99.2682,60.6541,-226.56,99.2682,60.6541,-226.56,0.0959182
864,864,0A,0.164497,-0.6089,-0.0515225,-0.774291,99.2468,60.7384,-226.413,99.2468,60.7384,-226.413,0.0937013
872,872,0A,0.166286,-0.610556,-0.0507389,-0.772656,99.1811,60.7279,-226.347,99.1811,60.7279,-226.347,0.0955884
880,880,0A,0.167464,-0.611405,-0.0503989,-0.771751,99.2213,60.7222,-226.313,99.2213,60.7222,-226.313,0.0963539
888,888,0A,0.168816,-0.612417,-0.0498241,-0.770691,99.2094,60.7232,-226.24,99.2094,60.7232,-226.24,0.0983745
896,896,0A,0.168994,-0.613699,-0.0497937,-0.769634,99.2216,60.7041,-226.176,99.2216,60.7041,-226.176,0.0983919
904,904,0A,0.169086,-0.614994,-0.0493103,-0.768609,99.1796,60.6474,-226.07,99.1796,60.6474,-226.07,0.0975117
912,912,0A,0.16938,-0.615755,-0.0484846,-0.767989,99.1919,60.7151,-226.079,99.1919,60.7151,-226.079,0.103716
920,920,0A,0.169567,-0.616497,-0.0477384,-0.767398,99.1592,60.6156,-226.059,99.1592,60.6156,-226.059,0.0994021
928,928,0A,0.169758,-0.61659,-0.0470368,-0.767325,99.2424,60.7558,-225.966,99.2424,60.7558,-225.966,0.100948
936,936,0A,0.169471,-0.617185,-0.0466629,-0.766932,99.0963,60.6695,-226.02,99.0963,60.6695,-226.02,0.0938508
944,944,0A,0.169811,-0.617271,-0.0460072,-0.766828,99.2528,60.7801,-226.006,99.2528,60.7801,-226.006,0.101548
952,952,0A,0.168972,-0.617983,-0.0460677,-0.766436,99.186,60.7285,-225.932,99.186,60.7285,-225.932,0.0914389
960,960,0A,0.168901,-0.618854,-0.045369,-0.76579,99.207,60.7544,-225.94,99.207,60.7544,-225.94,0.10078
968,968,0A,0.168837,-0.620538,-0.0446193,-0.764484,99.0774,60.8164,-225.889,99.0774,60.8164,-225.889,0.0959222
976,976,0A,0.168418,-0.622691,-0.0442575,-0.762845,99.154,60.8171,-225.759,99.154,60.8171,-225.759,0.101098
984,984,0A,0.167502,-0.626075,-0.0444476,-0.760262,99.085,60.8314,-225.574,99.085,60.8314,-225.574,0.104542
992,992,0A,0.166156,-0.630523,-0.0446399,-0.756863,99.0969,60.8714,-225.367,99.0969,60.8714,-225.367,0.113015
1000,1000,0A,0.162837,-0.636596,-0.0454748,-0.752438,98.9907,60.8913,-225.097,98.9907,60.8913,-225.097,0.102418
1008,1008,0A,0.158856,-0.64338,-0.0470593,-0.747403,99.08,61.0211,-224.623,99.08,61.0211,-224.623,0.115905
1016,1016,0A,0.153463,-0.6512,-0.0491514,-0.741601,99.0174,61.0174,-224.188,99.0174,61.0174,-224.188,0.1135
1024,1024,0A,0.14933,-0.658709,-0.0509066,-0.735671,99.0728,60.9859,-223.66,99.0728,60.9859,-223.66,0.122893
1032,1032,0A,0.145426,-0.66568,-0.0531589,-0.729997,98.997,61.0278,-223.312,98.997,61.0278,-223.312,0.118501
1040,1040,0A,0.143278,-0.671642,-0.0549166,-0.724812,99.0212,60.9644,-223.011,99.0212,60.9644,-223.011,0.124552
1048,1048,0A,0.143058,-0.67691,-0.0558531,-0.719866,99.0082,60.9441,-222.708,99.0082,60.9441,-222.708,0.118114
1056,1056,0A,0.144578,-0.681605,-0.0560335,-0.715103,99.0703,60.9404,-222.358,99.0703,60.9404,-222.358,0.125164
1064,1064,0A,0.14593,-0.686305,-0.0563405,-0.710293,99.0171,60.8657,-222.12,99.0171,60.8657,-222.12,0.128231
1072,1072,0A,0.147726,-0.690809,-0.056677,-0.705513,99.0364,60.8078,-221.825,99.0364,60.8078,-221.825,0.132138
1080,1080,0A,0.148456,-0.695291,-0.0573584,-0.700886,99.0961,60.8261,-221.552,99.0961,60.8261,-221.552,0.127298
1088,1088,0A,0.149781,-0.699795,-0.0572073,-0.696118,99.1566,60.7988,-221.244,99.1566,60.7988,-221.244,0.125681
1096,1096,0A,0.149372,-0.704271,-0.057491,-0.691654,99.0959,60.6144,-220.975,99.0959,60.6144,-220.975,0.132654
1104,1104,0A,0.151229,-0.708449,-0.0559716,-0.687093,99.1227,60.6562,-220.678,99.1227,60.6562,-220.678,0.126421
1112,1112,0A,0.151937,-0.712534,-0.0550974,-0.68277,99.153,60.69,-220.451,99.153,60.69,-220.451,0.132712
1128,1128,0A,0.153347,-0.720112,-0.0531061,-0.674614,99.2791,60.8996,-220.432,99.2791,60.8996,-220.432,0.14956
1136,1136,0A,0.155069,-0.723281,-0.0518235,-0.670919,99.3237,60.859,-220.127,99.3237,60.859,-220.127,0.156795
1144,1144,0A,0.155898,-0.726386,-0.0512529,-0.667407,99.3577,60.9397,-220.021,99.3577,60.9397,-220.021,0.14765
1152,1152,0A,0.158287,-0.729934,-0.0495709,-0.663088,99.3402,60.9131,-219.674,99.3402,60.9131,-219.674,0.146262
1160,1160,0A,0.156533,-0.733728,-0.0504057,-0.659243,99.4021,60.902,-219.656,99.4021,60.902,-219.656,0.133101
1168,1168,0A,0.155671,-0.738129,-0.0505666,-0.654504,99.3419,60.8316,-219.262,99.3419,60.8316,-219.262,0.15132
1176,1176,0A,0.15621,-0.74197,-0.0493799,-0.650109,99.4578,60.8437,-218.99,99.4578,60.8437,-218.99,0.147385
1184,1184,0A,0.1569,-0.745596,-0.0490693,-0.645803,99.5324,60.8774,-218.702,99.5324,60.8774,-218.702,0.13974
1192,1192,0A,0.158683,-0.749202,-0.0482162,-0.641242,99.5382,60.8974,-218.59,99.5382,60.8974,-218.59,0.137328
1200,1200,0A,0.160526,-0.75299,-0.0471098,-0.636411,99.479,60.8383,-218.266,99.479,60.8383,-218.266,0.140592
1208,1208,0A,0.159814,-0.756416,-0.0477525,-0.632467,99.6052,60.7848,-217.936,99.6052,60.7848,-217.936,0.15233
1216,1216,0A,0.160386,-0.759585,-0.047131,-0.628559,99.7096,60.8003,-217.623,99.7096,60.8003,-217.623,0.14486
1224,1224,0A,0.161614,-0.762562,-0.0456703,-0.624735,99.7078,60.7382,-217.528,99.7078,60.7382,-217.528,0.138726
1232,1232,0A,0.163588,-0.764731,-0.0440764,-0.621678,99.6986,60.6556,-217.471,99.6986,60.6556,-217.471,0.131051
1240,1240,0A,0.166708,-0.76599,-0.0417944,-0.619452,99.7853,60.6686,-217.26,99.7853,60.6686,-217.26,0.139424
1248,1248,0A,0.169405,-0.767296,-0.0391818,-0.61727,99.7567,60.6672,-217.209,99.7567,60.6672,-217.209,0.136528
1256,1256,0A,0.170614,-0.768361,-0.0372125,-0.615733,99.8576,60.6792,-217.006,99.8576,60.6792,-217.006,0.131929
1264,1264,0A,0.16907,-0.769528,-0.0375174,-0.614682,99.8099,60.6812,-217.051,99.8099,60.6812,-217.051,0.138078
1272,1272,0A,0.16872,-0.770004,-0.0367289,-0.61423,99.853,60.658,-217.077,99.853,60.658,-217.077,0.142314
1280,1280,0A,0.169032,-0.770329,-0.0355032,-0.613809,99.7799,60.6053,-217.1,99.7799,60.6053,-217.1,0.140204
1288,1288,0A,0.170197,-0.77016,-0.0343599,-0.613764,99.8193,60.6491,-216.912,99.8193,60.6491,-216.912,0.146335
1296,1296,0A,0.171253,-0.770067,-0.033079,-0.613657,99.8001,60.6476,-217.1,99.8001,60.6476,-217.1,0.142953
1304,1304,0A,0.173133,-0.77006,-0.0318693,-0.613203,99.7682,60.6266,-217.077,99.7682,60.6266,-217.077,0.139353
1312,1312,0A,0.17098,-0.770085,-0.0340064,-0.613661,99.5428,60.0312,-216.659,99.5428,60.0312,-216.659,0.134921
1320,1320,0A,0.17106,-0.770658,-0.0340835,-0.612914,99.5698,59.9684,-216.557,99.5698,59.9684,-216.557,0.131215
1328,1328,0A,0.171538,-0.77137,-0.033623,-0.61191,99.5563,60.0214,-216.542,99.5563,60.0214,-216.542,0.136641
1336,1336,0A,0.171685,-0.772195,-0.033555,-0.61083,99.5868,59.9902,-216.465,99.5868,59.9902,-216.465,0.134884
1344,1344,0A,0.173963,-0.77499,-0.0318709,-0.606722,99.8798,60.6383,-216.702,99.8798,60.6383,-216.702,0.147079
1352,1352,0A,0.174976,-0.776692,-0.0308584,-0.604302,99.8921,60.617,-216.477,99.8921,60.617,-216.477,0.146176
1360,1360,0A,0.175963,-0.778227,-0.0292267,-0.602118,99.9365,60.6649,-216.483,99.9365,60.6649,-216.483,0.145569
1368,1368,0A,0.178161,-0.779841,-0.0266137,-0.599498,100.02,60.645,-216.149,100.02,60.645,-216.149,0.13928
1376,1376,0A,0.178514,-0.781683,-0.0250767,-0.597056,100.03,60.657,-216.236,100.03,60.657,-216.236,0.138266
1384,1384,0A,0.179281,-0.783211,-0.023896,-0.594867,100.045,60.6554,-215.947,100.045,60.6554,-215.947,0.13088
1392,1392,0A,0.179732,-0.784515,-0.0228983,-0.59305,100.115,60.7572,-215.965,100.115,60.7572,-215.965,0.129203
1400,1400,0A,0.179133,-0.786208,-0.0226085,-0.590997,100.07,60.6126,-215.849,100.07,60.6126,-215.849,0.139252
1408,1408,0A,0.179438,-0.787118,-0.0224815,-0.589697,100.153,60.7176,-215.652,100.153,60.7176,-215.652,0.147472
1416,1416,0A,0.179657,-0.788383,-0.0225007,-0.587936,100.181,60.6673,-215.682,100.181,60.6673,-215.682,0.139421
1424,1424,0A,0.182892,-0.789893,-0.0194995,-0.585013,100.182,60.6723,-215.689,100.182,60.6723,-215.689,0.137056
1432,1432,0A,0.183265,-0.791935,-0.0186704,-0.582156,100.172,60.5584,-215.461,100.172,60.5584,-215.461,0.134133
1440,1440,0A,0.18262,-0.79381,-0.0186044,-0.579802,100.295,60.5423,-215.323,100.295,60.5423,-215.323,0.152044
1448,1448,0A,0.184927,-0.795729,-0.0158599,-0.576511,100.265,60.5314,-215.185,100.265,60.5314,-215.185,0.139523
1456,1456,0A,0.185533,-0.797394,-0.0146373,-0.574043,100.291,60.4859,-215.11,100.291,60.4859,-215.11,0.144409
1464,1464,0A,0.187321,-0.798795,-0.012174,-0.571568,100.323,60.4773,-214.97,100.323,60.4773,-214.97,0.136067
1472,1472,0A,0.18875,-0.800158,-0.00989272,-0.56923,100.423,60.4273,-214.909,100.423,60.4273,-214.909,0.133363
1480,1480,0A,0.190143,-0.801981,-0.00792614,-0.566224,100.38,60.5008,-214.743,100.38,60.5008,-214.743,0.131279
1488,1488,0A,0.18954,-0.80386,-0.00780064,-0.563759,100.467,60.4612,-214.641,100.467,60.4612,-214.641,0.139563
1496,1496,0A,0.188942,-0.80603,-0.00785345,-0.560852,100.439,60.4566,-214.483,100.439,60.4566,-214.483,0.144381
1504,1504,0A,0.189991,-0.807881,-0.00596547,-0.557851,100.553,60.4066,-214.306,100.553,60.4066,-214.306,0.14014
1512,1512,0A,0.190102,-0.809891,-0.00560029,-0.554893,100.579,60.3836,-214.119,100.579,60.3836,-214.119,0.143518
1520,1520,0A,0.191165,-0.811529,-0.00443809,-0.55214,100.603,60.3312,-213.95,100.603,60.3312,-213.95,0.14377
1528,1528,0A,0.192374,-0.813087,-0.00331365,-0.549427,100.643,60.3943,-213.949,100.643,60.3943,-213.949,0.141934
1536,1536,0A,0.193274,-0.814434,-0.00206982,-0.547118,100.691,60.3144,-213.805,100.691,60.3144,-213.805,0.137509
1544,1544,0A,0.194621,-0.815701,-0.0010946,-0.544751,100.647,60.3717,-213.736,100.647,60.3717,-213.736,0.14448
1552,1552,0A,0.195788,-0.816341,0.000248428,-0.543374,100.717,60.3564,-213.59,100.717,60.3564,-213.59,0.139535
1560,1560,0A,0.195901,-0.816717,0.000474732,-0.542767,100.731,60.3794,-213.677,100.731,60.3794,-213.677,0.143312
1568,1568,0A,0.19682,-0.816272,0.00195143,-0.543101,100.741,60.2728,-213.724,100.741,60.2728,-213.724,0.136063
1576,1576,0A,0.197338,-0.815487,0.00223853,-0.544091,100.736,60.2827,-213.828,100.736,60.2827,-213.828,0.140134
1584,1584,0A,0.198762,-0.814673,0.00271498,-0.544789,100.672,60.3506,-213.756,100.672,60.3506,-213.756,0.144353
1592,1592,0A,0.199994,-0.813465,0.00365606,-0.546135,100.672,60.367,-213.905,100.672,60.367,-213.905,0.134412
1600,1600,0A,0.200663,-0.81183,0.00360118,-0.54832,100.647,60.1567,-213.915,100.647,60.1567,-213.915,0.133654
1608,1608,0A,0.202219,-0.809428,0.00317804,-0.551294,100.672,60.2663,-214.227,100.672,60.2663,-214.227,0.132171
1616,1616,0A,0.203755,-0.806867,0.00253224,-0.554475,100.598,60.2564,-214.154,100.598,60.2564,-214.154,0.134854
1624,1624,0A,0.204588,-0.803461,0.0011481,-0.5591,100.551,60.2442,-214.481,100.551,60.2442,-214.481,0.132726
1632,1632,0A,0.206468,-0.799527,0.000519315,-0.564028,100.452,60.1858,-214.728,100.452,60.1858,-214.728,0.134513
1640,1640,0A,0.20793,-0.794883,-0.000171795,-0.570023,100.411,60.1483,-215.083,100.411,60.1483,-215.083,0.133877
1648,1648,0A,0.210524,-0.789841,-0.000175007,-0.576048,100.347,60.169,-215.373,100.347,60.169,-215.373,0.132634
1656,1656,0A,0.21205,-0.784656,-0.00093463,-0.582537,100.265,60.1691,-215.813,100.265,60.1691,-215.813,0.137034
1664,1664,0A,0.212582,-0.779564,-0.00160932,-0.589141,100.149,60.0332,-216.118,100.149,60.0332,-216.118,0.13649
1672,1672,0A,0.213913,-0.774192,-0.000995758,-0.595708,100.147,60.0895,-216.498,100.147,60.0895,-216.498,0.137439
1680,1680,0A,0.215833,-0.769264,-0.000346108,-0.601373,99.9477,60.0442,-216.802,99.9477,60.0442,-216.802,0.14406
1688,1688,0A,0.216577,-0.763504,-0.00216137,-0.6084,99.9145,60.0725,-217.211,99.9145,60.0725,-217.211,0.144841
1696,1696,0A,0.21896,-0.757141,-0.00332732,-0.615453,99.8495,59.962,-217.577,99.8495,59.962,-217.577,0.143444
1704,1704,0A,0.223367,-0.749969,-0.00358966,-0.622608,99.8271,60,-218.065,99.8271,60,-218.065,0.143094
1712,1712,0A,0.228854,-0.742939,-0.00273374,-0.629015,99.7031,59.9399,-218.602,99.7031,59.9399,-218.602,0.127607
1720,1720,0A,0.234094,-0.735206,-0.00234943,-0.636135,99.748,59.8633,-218.959,99.748,59.8633,-218.959,0.144292
1728,1728,0A,0.240547,-0.727184,-0.00148882,-0.642914,99.6012,59.5964,-219.579,99.6012,59.5964,-219.579,0.144577
1736,1736,0A,0.248215,-0.718289,-0.00123199,-0.649961,99.5932,59.574,-220.108,99.5932,59.574,-220.108,0.145721
1744,1744,0A,0.255308,-0.710216,-0.00116662,-0.656056,99.5377,59.5035,-220.678,99.5377,59.5035,-220.678,0.132074
1752,1752,0A,0.260128,-0.703764,-0.00182068,-0.661095,99.5476,59.3654,-220.888,99.5476,59.3654,-220.888,0.151718
1760,1760,0A,0.263483,-0.698686,-0.00242021,-0.665138,99.542,59.3189,-221.197,99.542,59.3189,-221.197,0.15595
1768,1768,0A,0.267784,-0.693881,-0.0012636,-0.668445,99.6342,59.2469,-221.436,99.6342,59.2469,-221.436,0.144175
1776,1776,0A,0.269325,-0.690527,-0.00186626,-0.671292,99.5329,59.1111,-221.769,99.5329,59.1111,-221.769,0.140324
1784,1784,0A,0.271124,-0.687198,-0.00211086,-0.673978,99.5478,59.1091,-221.859,99.5478,59.1091,-221.859,0.140467
1792,1792,0A,0.273936,-0.684608,-0.000911848,-0.675478,99.5427,59.179,-221.945,99.5427,59.179,-221.945,0.1584
1800,1800,0A,0.274042,-0.683522,-0.00104491,-0.676534,99.5588,59.2241,-221.956,99.5588,59.2241,-221.956,0.159641
1808,1808,0A,0.272419,-0.683815,-0.00144,-0.676892,99.4858,59.2589,-222.124,99.4858,59.2589,-222.124,0.146055
1816,1816,0A,0.270156,-0.68447,-0.00168232,-0.677136,99.5456,59.1793,-222.015,99.5456,59.1793,-222.015,0.143358
1824,1824,0A,0.268437,-0.685245,-0.00164293,-0.677037,99.5657,59.2803,-222.062,99.5657,59.2803,-222.062,0.145162
1832,1832,0A,0.265362,-0.686582,-0.00241751,-0.676892,99.524,59.2667,-221.942,99.524,59.2667,-221.942,0.14814
1840,1840,0A,0.262461,-0.688183,-0.00239093,-0.676398,99.4381,59.3881,-221.947,99.4381,59.3881,-221.947,0.146674
1848,1848,0A,0.25998,-0.689442,-0.00166283,-0.676074,99.4502,59.3539,-221.817,99.4502,59.3539,-221.817,0.15079
1856,1856,0A,0.258436,-0.690134,-0.000409365,-0.675963,99.4805,59.6344,-221.819,99.4805,59.6344,-221.819,0.141577
1864,1864,0A,0.254868,-0.69118,-0.00010293,-0.676249,99.3959,59.5331,-221.773,99.3959,59.5331,-221.773,0.146964
1872,1872,0A,0.252231,-0.691359,0.000175961,-0.677055,99.4332,59.7106,-221.743,99.4332,59.7106,-221.743,0.149294
1880,1880,0A,0.248714,-0.691372,-0.000571893,-0.678341,99.4532,59.6597,-221.721,99.4532,59.6597,-221.721,0.149828
1888,1888,0A,0.245953,-0.691336,-0.000632864,-0.679384,99.4247,59.8316,-221.78,99.4247,59.8316,-221.78,0.146936
1896,1896,0A,0.242296,-0.692017,-0.00059037,-0.680004,99.2396,59.7415,-221.815,99.2396,59.7415,-221.815,0.152839
1904,1904,0A,0.240275,-0.691855,0.00110454,-0.680885,99.3401,60.1915,-221.772,99.3401,60.1915,-221.772,0.134544
1912,1912,0A,0.235415,-0.692808,0.0016666,-0.681611,99.237,60.1129,-221.724,99.237,60.1129,-221.724,0.146598
1920,1920,0A,0.229499,-0.693883,0.00199287,-0.682534,99.3045,60.3297,-221.769,99.3045,60.3297,-221.769,0.147892
1928,1928,0A,0.223049,-0.695738,0.00273921,-0.682781,99.2154,60.3566,-221.728,99.2154,60.3566,-221.728,0.147886
1936,1936,0A,0.217929,-0.697332,0.00455502,-0.682799,99.2422,60.6444,-221.575,99.2422,60.6444,-221.575,0.161632
1944,1944,0A,0.210774,-0.69977,0.0049299,-0.682548,99.1449,60.6434,-221.529,99.1449,60.6434,-221.529,0.157947
1952,1952,0A,0.203823,-0.701756,0.00448596,-0.682623,99.1798,60.9963,-221.418,99.1798,60.9963,-221.418,0.152915
1960,1960,0A,0.198968,-0.703357,0.00603464,-0.682396,99.0739,60.9963,-221.347,99.0739,60.9963,-221.347,0.157728
1968,1968,0A,0.193841,-0.704094,0.00718786,-0.683099,99.138,61.2245,-221.422,99.138,61.2245,-221.422,0.14719
1976,1976,0A,0.188608,-0.704803,0.00805056,-0.683824,99.1393,61.3092,-221.315,99.1393,61.3092,-221.315,0.145388
1984,1984,0A,0.184339,-0.705429,0.00962381,-0.684321,99.0852,61.4951,-221.372,99.0852,61.4951,-221.372,0.153443
1992,1992,0A,0.17975,-0.705778,0.0112617,-0.685158,99.0191,61.5558,-221.312,99.0191,61.5558,-221.312,0.156881
2000,2000,0A,0.174786,-0.705547,0.0123492,-0.686659,99.0846,61.7619,-221.334,99.0846,61.7619,-221.334,0.148616
2008,2008,0A,0.173013,-0.705184,0.0162344,-0.6874,99.0099,61.8289,-221.544,99.0099,61.8289,-221.544,0.145701
2016,2016,0A,0.169338,-0.70459,0.0193637,-0.688842,99.0303,62.0507,-221.56,99.0303,62.0507,-221.56,0.155268
2024,2024,0A,0.16427,-0.704678,0.0218809,-0.689903,98.9333,62.076,-221.572,98.9333,62.076,-221.572,0.151356
2032,2032,0A,0.159542,-0.704973,0.0241861,-0.690633,98.9645,62.3448,-221.715,98.9645,62.3448,-221.715,0.143333
2040,2040,0A,0.152857,-0.70608,0.0255447,-0.690965,98.9802,62.489,-221.657,98.9802,62.489,-221.657,0.152614
2048,2048,0A,0.147991,-0.707272,0.0289031,-0.690673,98.9845,62.6234,-221.507,98.9845,62.6234,-221.507,0.149865
2056,2056,0A,0.144267,-0.708215,0.0343366,-0.690247,98.949,62.7629,-221.412,98.949,62.7629,-221.412,0.153598
2064,2064,0A,0.14058,-0.708546,0.0400625,-0.690359,98.9563,62.8544,-221.565,98.9563,62.8544,-221.565,0.147201
2072,2072,0A,0.136758,-0.708858,0.0454018,-0.690475,98.8916,62.8596,-221.577,98.8916,62.8596,-221.577,0.152369
2080,2080,0A,0.134127,-0.708899,0.0516796,-0.690508,98.9516,63.0766,-221.552,98.9516,63.0766,-221.552,0.142208
2088,2088,0A,0.133296,-0.709219,0.0598825,-0.689677,98.9385,63.5355,-221.433,98.9385,63.5355,-221.433,0.153659
2096,2096,0A,0.125505,-0.710561,0.0619301,-0.689577,98.9465,63.465,-221.447,98.9465,63.465,-221.447,0.146819
2104,2104,0A,0.121964,-0.710937,0.0676086,-0.689291,98.9214,63.6391,-221.471,98.9214,63.6391,-221.471,0.155867
2112,2112,0A,0.119566,-0.710457,0.0729099,-0.689666,98.979,63.6734,-221.362,98.979,63.6734,-221.362,0.166475
2120,2120,0A,0.114285,-0.710532,0.0746469,-0.690298,98.9837,63.694,-221.609,98.9837,63.694,-221.609,0.150888
2128,2128,0A,0.11197,-0.710172,0.0781866,-0.690656,98.9884,63.8315,-221.585,98.9884,63.8315,-221.585,0.152424
2136,2136,0A,0.106907,-0.710435,0.0801371,-0.690964,98.9884,63.9355,-221.622,98.9884,63.9355,-221.622,0.162012
2144,2144,0A,0.101814,-0.710802,0.0822628,-0.691106,98.9596,63.9258,-221.72,98.9596,63.9258,-221.72,0.150161
2152,2152,0A,0.0971309,-0.710715,0.0834989,-0.691722,99.0089,64.1092,-221.647,99.0089,64.1092,-221.647,0.155709
2160,2160,0A,0.0925936,-0.710645,0.0849583,-0.692237,98.9538,64.0084,-221.641,98.9538,64.0084,-221.641,0.158167
2168,2168,0A,0.0919216,-0.709766,0.0889487,-0.692727,98.9837,64.2478,-221.675,98.9837,64.2478,-221.675,0.145559
2176,2176,0A,0.0921212,-0.708395,0.0956241,-0.693215,98.9118,64.2874,-221.799,98.9118,64.2874,-221.799,0.153761
2184,2184,0A,0.0918331,-0.706867,0.102184,-0.693876,98.9816,64.5263,-221.879,98.9816,64.5263,-221.879,0.160754
2192,2192,0A,0.0899649,-0.706228,0.107783,-0.693925,98.9722,64.5906,-221.923,98.9722,64.5906,-221.923,0.160255
2200,2200,0A,0.0850677,-0.706473,0.109902,-0.69396,99.0355,64.6623,-222.008,99.0355,64.6623,-222.008,0.137743
2208,2208,0A,0.0791334,-0.707172,0.111559,-0.693686,98.9739,64.4796,-221.843,98.9739,64.4796,-221.843,0.166294
2216,2216,0A,0.0732188,-0.707683,0.113358,-0.693523,99.107,64.6783,-221.882,99.107,64.6783,-221.882,0.153055
2224,2224,0A,0.0691602,-0.708214,0.116659,-0.69285,99.1819,64.7017,-221.766,99.1819,64.7017,-221.766,0.160586
2232,2232,0A,0.0653748,-0.708819,0.118983,-0.692203,99.2325,64.9572,-221.741,99.2325,64.9572,-221.741,0.158678
2240,2240,0A,0.062472,-0.708716,0.122873,-0.691896,99.2035,64.8802,-221.686,99.2035,64.8802,-221.686,0.162009
2248,2248,0A,0.0601408,-0.708233,0.125845,-0.692064,99.2549,65.0102,-221.751,99.2549,65.0102,-221.751,0.152225
2256,2256,0A,0.0589372,-0.707637,0.129152,-0.692168,99.2214,64.9273,-221.84,99.2214,64.9273,-221.84,0.157443
2264,2264,0A,0.0575609,-0.707033,0.130845,-0.692582,99.2888,65.0218,-221.861,99.2888,65.0218,-221.861,0.148009
2272,2272,0A,0.0573141,-0.70661,0.13177,-0.692859,99.235,64.9966,-221.827,99.235,64.9966,-221.827,0.160002
2280,2280,0A,0.0567763,-0.70637,0.129968,-0.693489,99.2569,64.9414,-221.871,99.2569,64.9414,-221.871,0.162163
2288,2288,0A,0.0579327,-0.705726,0.129255,-0.694182,99.2009,64.8448,-221.9,99.2009,64.8448,-221.9,0.158095
2296,2296,0A,0.0632892,-0.703933,0.130837,-0.695237,99.2599,64.8572,-221.946,99.2599,64.8572,-221.946,0.160171
2304,2304,0A,0.0728924,-0.701506,0.134738,-0.696005,99.159,64.9971,-222.057,99.159,64.9971,-222.057,0.15714
2312,2312,0A,0.0772603,-0.700601,0.13152,-0.697059,99.109,64.797,-222.083,99.109,64.797,-222.083,0.161669
2320,2320,0A,0.0814647,-0.70015,0.125522,-0.698138,98.9909,64.6152,-222.095,98.9909,64.6152,-222.095,0.156517
2328,2328,0A,0.088654,-0.698876,0.120815,-0.699369,98.9683,64.4456,-222.167,98.9683,64.4456,-222.167,0.168027
2336,2336,0A,0.0968708,-0.696821,0.118132,-0.700787,98.9432,64.3617,-222.266,98.9432,64.3617,-222.266,0.154824
2344,2344,0A,0.108832,-0.693702,0.119045,-0.70197,98.943,64.369,-222.528,98.943,64.369,-222.528,0.149771
2352,2352,0A,0.118979,-0.691374,0.118765,-0.702667,98.8922,64.3126,-222.485,98.8922,64.3126,-222.485,0.156554
2360,2360,0A,0.126498,-0.690117,0.116742,-0.702929,98.8547,64.0879,-222.526,98.8547,64.0879,-222.526,0.147834
2368,2368,0A,0.131971,-0.689947,0.113121,-0.702682,98.7604,63.8485,-222.586,98.7604,63.8485,-222.586,0.141096
2376,2376,0A,0.137866,-0.689999,0.109713,-0.702039,98.7743,63.6981,-222.607,98.7743,63.6981,-222.607,0.14263
2384,2384,0A,0.142806,-0.69011,0.106233,-0.701477,98.8014,63.6832,-222.421,98.8014,63.6832,-222.421,0.14997
2392,2392,0A,0.148283,-0.690404,0.103629,-0.700439,98.8123,63.5322,-222.416,98.8123,63.5322,-222.416,0.152726
2400,2400,0A,0.151788,-0.691088,0.0992698,-0.699645,98.8631,63.2826,-222.287,98.8631,63.2826,-222.287,0.144748
2408,2408,0A,0.160687,-0.690471,0.0986296,-0.698356,98.8647,63.1327,-222.436,98.8647,63.1327,-222.436,0.15265
2416,2416,0A,0.168049,-0.689641,0.0966008,-0.697727,98.8366,63.1037,-222.242,98.8366,63.1037,-222.242,0.165406
2424,2424,0A,0.17484,-0.688659,0.0942781,-0.697346,98.8487,62.9505,-222.507,98.8487,62.9505,-222.507,0.148534
2432,2432,0A,0.183007,-0.687086,0.0921493,-0.697086,98.8904,62.9265,-222.335,98.8904,62.9265,-222.335,0.140971
2440,2440,0A,0.191538,-0.685453,0.0901065,-0.696669,98.771,62.4576,-222.527,98.771,62.4576,-222.527,0.163698
2448,2448,0A,0.201783,-0.683058,0.0883042,-0.696361,98.8435,62.3712,-222.507,98.8435,62.3712,-222.507,0.156655
2456,2456,0A,0.211446,-0.681113,0.0877848,-0.695464,98.8192,62.1549,-222.644,98.8192,62.1549,-222.644,0.139236
2464,2464,0A,0.220479,-0.679508,0.0885157,-0.694135,98.9416,62.1898,-222.54,98.9416,62.1898,-222.54,0.125822
2472,2472,0A,0.228577,-0.678994,0.0896381,-0.691871,98.8964,62.02,-222.54,98.8964,62.02,-222.54,0.138266
2480,2480,0A,0.23319,-0.67913,0.089473,-0.690217,98.9153,61.7868,-222.348,98.9153,61.7868,-222.348,0.161777
2488,2488,0A,0.239491,-0.678847,0.0927681,-0.687899,98.9234,61.459,-222.489,98.9234,61.459,-222.489,0.146923
2496,2496,0A,0.249134,-0.677477,0.0975881,-0.685153,99.0344,61.5416,-222.211,99.0344,61.5416,-222.211,0.160923
2504,2504,0A,0.254268,-0.677364,0.0998493,-0.683049,98.9663,61.4896,-222.291,98.9663,61.4896,-222.291,0.170027
2512,2512,0A,0.257759,-0.677081,0.100716,-0.681893,99.062,61.5582,-222.197,99.062,61.5582,-222.197,0.154892
2520,2520,0A,0.260624,-0.676827,0.10227,-0.680824,98.9939,61.5452,-222.219,98.9939,61.5452,-222.219,0.169881
2528,2528,0A,0.261644,-0.676768,0.103557,-0.680296,98.9573,61.4463,-222.166,98.9573,61.4463,-222.166,0.160877
2536,2536,0A,0.260625,-0.676996,0.104232,-0.680358,98.9268,61.4364,-222.239,98.9268,61.4364,-222.239,0.147143
2544,2544,0A,0.25865,-0.677517,0.102693,-0.680826,99.0214,61.5191,-222.167,99.0214,61.5191,-222.167,0.151893
2552,2552,0A,0.254958,-0.677914,0.100281,-0.682182,98.9985,61.3739,-221.279,98.9985,61.3739,-221.279,0.139511
2560,2560,0A,0.255712,-0.677674,0.100573,-0.682096,98.9978,61.3469,-221.318,98.9978,61.3469,-221.318,0.140411
2568,2568,0A,0.255556,-0.677434,0.0999894,-0.682478,98.9591,61.3291,-221.343,98.9591,61.3291,-221.343,0.146957
2576,2576,0A,0.253429,-0.677287,0.0971744,-0.683822,98.9331,61.3373,-221.365,98.9331,61.3373,-221.365,0.149537
2584,2584,0A,0.250539,-0.67715,0.0935174,-0.685531,98.9688,61.3568,-221.298,98.9688,61.3568,-221.298,0.139583
2592,2592,0A,0.247763,-0.677553,0.0900447,-0.686605,98.9132,61.2732,-221.439,98.9132,61.2732,-221.439,0.147915
2600,2600,0A,0.245222,-0.677795,0.0866703,-0.687712,98.9279,61.2786,-221.43,98.9279,61.2786,-221.43,0.141443
2608,2608,0A,0.243622,-0.678088,0.0837108,-0.688359,98.9247,61.2198,-221.523,98.9247,61.2198,-221.523,0.143367
2616,2616,0A,0.242157,-0.678159,0.0801647,-0.689227,98.9692,61.3564,-221.397,98.9692,61.3564,-221.397,0.134981
2624,2624,0A,0.241542,-0.678443,0.0768836,-0.689537,98.943,61.2598,-221.472,98.943,61.2598,-221.472,0.144735
2632,2632,0A,0.254372,-0.677385,0.0808263,-0.685501,99.0274,61.2209,-222.33,99.0274,61.2209,-222.33,0.148828
2640,2640,0A,0.257882,-0.677779,0.0791315,-0.683996,98.9799,61.0694,-222.427,98.9799,61.0694,-222.427,0.152769
2648,2648,0A,0.258406,-0.67856,0.0747755,-0.683514,99.0766,61.1675,-222.277,99.0766,61.1675,-222.277,0.145975
2656,2656,0A,0.258874,-0.679637,0.070404,-0.682731,99.062,60.8129,-222.325,99.062,60.8129,-222.325,0.145341
2664,2664,0A,0.260029,-0.679823,0.0651477,-0.682629,99.1204,60.7294,-222.191,99.1204,60.7294,-222.191,0.145519
2672,2672,0A,0.262817,-0.679588,0.0603805,-0.682233,99.1149,60.5296,-222.334,99.1149,60.5296,-222.334,0.15083
2680,2680,0A,0.266559,-0.679029,0.0552872,-0.681769,99.313,60.5884,-222.169,99.313,60.5884,-222.169,0.157316
2688,2688,0A,0.26868,-0.679325,0.049406,-0.681094,99.2995,60.2476,-222.377,99.2995,60.2476,-222.377,0.141105
2696,2696,0A,0.274542,-0.677801,0.0442151,-0.68063,99.4928,60.1763,-222.137,99.4928,60.1763,-222.137,0.147543
2704,2704,0A,0.28027,-0.675963,0.0379514,-0.680502,99.3527,59.7424,-222.511,99.3527,59.7424,-222.511,0.151828
2712,2712,0A,0.285526,-0.672977,0.030085,-0.681668,99.3897,59.4118,-222.638,99.3897,59.4118,-222.638,0.138972
2720,2720,0A,0.292655,-0.669743,0.0232999,-0.682096,99.4162,59.1896,-222.897,99.4162,59.1896,-222.897,0.149885
2728,2728,0A,0.299865,-0.666596,0.0162798,-0.682251,99.5395,58.984,-222.912,99.5395,58.984,-222.912,0.133444
2736,2736,0A,0.305215,-0.664524,0.00865415,-0.682039,99.5553,58.6302,-223.154,99.5553,58.6302,-223.154,0.135291
2744,2744,0A,0.307899,-0.663304,-0.000670509,-0.682075,99.687,58.2742,-223.074,99.687,58.2742,-223.074,0.146222
2752,2752,0A,0.311754,-0.662248,-0.00749005,-0.681308,99.7608,58.1545,-223.084,99.7608,58.1545,-223.084,0.136709
2760,2760,0A,0.315887,-0.661108,-0.012158,-0.680444,99.8462,57.9385,-223.088,99.8462,57.9385,-223.088,0.146189
2768,2768,0A,0.318858,-0.66033,-0.0164488,-0.679723,99.8541,57.6744,-223.183,99.8541,57.6744,-223.183,0.148076
2776,2776,0A,0.324976,-0.658984,-0.0183266,-0.678082,100.035,57.6379,-223.072,100.035,57.6379,-223.072,0.14634
2784,2784,0A,0.328203,-0.65811,-0.0212456,-0.677291,100.003,57.3275,-223.291,100.003,57.3275,-223.291,0.130877
2792,2792,0A,0.333409,-0.6559,-0.022732,-0.676843,100.062,57.1605,-223.327,100.062,57.1605,-223.327,0.134648
2800,2800,0A,0.341162,-0.652883,-0.0229618,-0.675888,100.132,57.1269,-223.389,100.132,57.1269,-223.389,0.138515
2816,2816,0A,0.351941,-0.647585,-0.0285529,-0.675245,100.266,56.6369,-223.13,100.266,56.6369,-223.13,0.116616
2824,2824,0A,0.356073,-0.645956,-0.031473,-0.674509,100.349,56.3854,-223.261,100.349,56.3854,-223.261,0.116785
2832,2832,0A,0.361171,-0.644374,-0.0320677,-0.673283,100.356,56.2422,-223.349,100.356,56.2422,-223.349,0.110075
2840,2840,0A,0.366067,-0.642805,-0.0324249,-0.672121,100.434,56.0966,-223.416,100.434,56.0966,-223.416,0.112914
2848,2848,0A,0.371181,-0.640989,-0.032033,-0.671067,100.588,56.07,-223.369,100.588,56.07,-223.369,0.117503
2856,2856,0A,0.376144,-0.639628,-0.0319398,-0.669605,100.616,55.9218,-223.58,100.616,55.9218,-223.58,0.109681
2864,2864,0A,0.381981,-0.637604,-0.0308762,-0.668281,100.707,55.8318,-223.526,100.707,55.8318,-223.526,0.108824
2872,2872,0A,0.390308,-0.635959,-0.0271201,-0.665192,100.646,55.6791,-223.707,100.646,55.6791,-223.707,0.110777
2880,2880,0A,0.395679,-0.634495,-0.0260799,-0.663457,100.751,55.6047,-223.636,100.751,55.6047,-223.636,0.108122
2888,2888,0A,0.399301,-0.634116,-0.0269468,-0.661612,100.689,55.4299,-223.809,100.689,55.4299,-223.809,0.109564
2896,2896,0A,0.400893,-0.633555,-0.0298702,-0.661061,100.83,55.4426,-223.682,100.83,55.4426,-223.682,0.106505
2904,2904,0A,0.401036,-0.634507,-0.0330883,-0.659906,100.702,55.3216,-223.828,100.702,55.3216,-223.828,0.100167
2912,2912,0A,0.400647,-0.635086,-0.0361868,-0.659423,100.885,55.2438,-223.511,100.885,55.2438,-223.511,0.103219
2920,2920,0A,0.401242,-0.635958,-0.0375251,-0.658144,100.799,55.1703,-223.725,100.799,55.1703,-223.725,0.0959411
2928,2928,0A,0.402493,-0.63547,-0.0387387,-0.657782,100.999,55.1717,-223.5,100.999,55.1717,-223.5,0.103555
2936,2936,0A,0.404514,-0.635178,-0.0399146,-0.656753,100.904,54.9874,-223.697,100.904,54.9874,-223.697,0.108413
2944,2944,0A,0.40661,-0.633402,-0.0424639,-0.657014,101.045,54.9679,-223.608,101.045,54.9679,-223.608,0.106027
2952,2952,0A,0.410408,-0.63162,-0.0442243,-0.656251,100.977,54.7657,-223.853,100.977,54.7657,-223.853,0.10334
2960,2960,0A,0.41523,-0.62849,-0.0458283,-0.656113,101.113,54.6787,-223.835,101.113,54.6787,-223.835,0.102369
2968,2968,0A,0.420264,-0.625899,-0.0466291,-0.655327,101.106,54.5419,-224.09,101.106,54.5419,-224.09,0.0973678
2976,2976,0A,0.42328,-0.623848,-0.0480958,-0.655236,101.201,54.5961,-224.041,101.201,54.5961,-224.041,0.103479
2984,2984,0A,0.423411,-0.623656,-0.0496877,-0.655216,101.183,54.5219,-224.161,101.183,54.5219,-224.161,0.0950276
2992,2992,0A,0.422575,-0.6243,-0.0502347,-0.6551,101.166,54.4899,-224.033,101.166,54.4899,-224.033,0.095337
3000,3000,0A,0.420877,-0.625507,-0.0498108,-0.655075,101.143,54.5361,-224.055,101.143,54.5361,-224.055,0.103906
3008,3008,0A,0.417357,-0.626706,-0.0495191,-0.656202,101.222,54.5932,-223.888,101.222,54.5932,-223.888,0.101835
3016,3016,0A,0.41403,-0.628448,-0.0474669,-0.656795,101.049,54.6927,-223.974,101.049,54.6927,-223.974,0.0988743
3024,3024,0A,0.410544,-0.629582,-0.0451336,-0.65806,101.014,54.8418,-223.822,101.014,54.8418,-223.822,0.104097
3032,3032,0A,0.405946,-0.630608,-0.0426785,-0.660091,100.932,55.0061,-223.842,100.932,55.0061,-223.842,0.101655
3040,3040,0A,0.400242,-0.631784,-0.040589,-0.662577,100.867,55.2411,-223.787,100.867,55.2411,-223.787,0.098893
3048,3048,0A,0.393223,-0.633655,-0.0383525,-0.665121,100.807,55.4813,-223.666,100.807,55.4813,-223.666,0.114399
3056,3056,0A,0.384754,-0.635895,-0.0360203,-0.66806,100.625,55.6171,-223.638,100.625,55.6171,-223.638,0.109259
3064,3064,0A,0.378317,-0.63756,-0.0297054,-0.670456,100.464,55.9697,-223.593,100.464,55.9697,-223.593,0.108559
3072,3072,0A,0.371489,-0.639933,-0.0228402,-0.67228,100.311,56.3309,-223.583,100.311,56.3309,-223.583,0.107734
3080,3080,0A,0.363087,-0.642596,-0.0170864,-0.674498,100.308,56.6732,-223.277,100.308,56.6732,-223.277,0.119115
3088,3088,0A,0.355361,-0.645602,-0.00999345,-0.675882,100.148,56.9324,-223.31,100.148,56.9324,-223.31,0.113178
3096,3096,0A,0.347855,-0.648365,-0.00236077,-0.677211,100.058,57.3926,-223.142,100.058,57.3926,-223.142,0.114977
3104,3104,0A,0.339119,-0.651812,0.00354962,-0.678327,99.9548,57.6446,-223.011,99.9548,57.6446,-223.011,0.12257
3112,3112,0A,0.331431,-0.654595,0.00991762,-0.679383,99.8917,58.0214,-222.749,99.8917,58.0214,-222.749,0.126378
3120,3120,0A,0.325985,-0.65715,0.0180954,-0.679382,99.6124,58.2024,-222.922,99.6124,58.2024,-222.922,0.122412
3128,3128,0A,0.319376,-0.658844,0.0239396,-0.680698,99.6418,58.6388,-222.537,99.6418,58.6388,-222.537,0.131957
3136,3136,0A,0.310814,-0.661811,0.0274581,-0.68165,99.5222,58.7301,-222.661,99.5222,58.7301,-222.661,0.128994
3144,3144,0A,0.303983,-0.663915,0.0306517,-0.682548,99.5141,59.05,-222.367,99.5141,59.05,-222.367,0.123581
3152,3152,0A,0.298582,-0.665814,0.0336568,-0.68294,99.4333,59.1222,-222.448,99.4333,59.1222,-222.448,0.123669
3160,3160,0A,0.294135,-0.666531,0.0363265,-0.684033,99.3716,59.3821,-222.259,99.3716,59.3821,-222.259,0.124437
3168,3168,0A,0.289566,-0.667089,0.0393952,-0.685267,99.3163,59.5011,-222.468,99.3163,59.5011,-222.468,0.128783
3176,3176,0A,0.284576,-0.667174,0.0415963,-0.687142,99.3348,59.8577,-222.277,99.3348,59.8577,-222.277,0.127218
3184,3184,0A,0.278713,-0.668015,0.0435317,-0.688607,99.2828,59.9122,-222.454,99.2828,59.9122,-222.454,0.130346
3192,3192,0A,0.274025,-0.668195,0.0464844,-0.690119,99.2521,60.1223,-222.238,99.2521,60.1223,-222.238,0.130434
3200,3200,0A,0.269768,-0.668458,0.0500671,-0.691291,99.1285,60.1888,-222.541,99.1285,60.1888,-222.541,0.128608
3208,3208,0A,0.266385,-0.667714,0.0524458,-0.693142,99.167,60.5726,-222.314,99.167,60.5726,-222.314,0.13289
3216,3216,0A,0.261447,-0.667457,0.0530673,-0.69522,99.1436,60.4597,-222.593,99.1436,60.4597,-222.593,0.125261
3224,3224,0A,0.260123,-0.665976,0.0553311,-0.696958,99.1068,60.7623,-222.435,99.1068,60.7623,-222.435,0.132303
3232,3232,0A,0.258352,-0.664905,0.0574148,-0.698469,99.0091,60.6792,-222.81,99.0091,60.6792,-222.81,0.126158
3240,3240,0A,0.25645,-0.663483,0.0581233,-0.700461,99.067,60.9257,-222.667,99.067,60.9257,-222.667,0.128097
3248,3248,0A,0.254597,-0.663056,0.0590619,-0.701462,99.0284,60.809,-222.914,99.0284,60.809,-222.914,0.131828
3256,3256,0A,0.253578,-0.662615,0.0596331,-0.702199,99.0893,61.0461,-222.775,99.0893,61.0461,-222.775,0.125727
3264,3264,0A,0.251525,-0.663229,0.059575,-0.702363,99.0029,60.9412,-222.875,99.0029,60.9412,-222.875,0.127134
3272,3272,0A,0.25051,-0.663421,0.0592477,-0.702572,99.0485,61.0417,-222.7,99.0485,61.0417,-222.7,0.127612
3280,3280,0A,0.24959,-0.663815,0.0592394,-0.702528,99.0442,60.928,-222.779,99.0442,60.928,-222.779,0.131893
3288,3288,0A,0.250105,-0.663586,0.0599739,-0.702498,99.1206,61.2181,-222.688,99.1206,61.2181,-222.688,0.132294
3296,3296,0A,0.249495,-0.663974,0.0602407,-0.702327,98.9965,60.9403,-222.773,98.9965,60.9403,-222.773,0.133176
3304,3304,0A,0.249526,-0.663507,0.0601059,-0.702768,98.9804,61.068,-222.755,98.9804,61.068,-222.755,0.130289
3312,3312,0A,0.249033,-0.663203,0.0586467,-0.703353,99.0472,61.1528,-223.563,99.0472,61.1528,-223.563,0.152421
3320,3320,0A,0.250901,-0.66158,0.0598158,-0.704119,99.0262,61.0265,-222.817,99.0262,61.0265,-222.817,0.124339
3328,3328,0A,0.251372,-0.660427,0.0590222,-0.7051,99.0499,60.9195,-222.917,99.0499,60.9195,-222.917,0.123879
3336,3336,0A,0.253263,-0.65921,0.0585331,-0.705602,99.0142,60.9284,-223.083,99.0142,60.9284,-223.083,0.125626
3344,3344,0A,0.254277,-0.658386,0.0572893,-0.706109,99.0056,60.8737,-223.143,99.0056,60.8737,-223.143,0.121114
3352,3352,0A,0.255538,-0.657951,0.0566133,-0.706113,99.0211,60.8805,-223.155,99.0211,60.8805,-223.155,0.123451
3360,3360,0A,0.256743,-0.657959,0.0566079,-0.705669,99.0536,60.8465,-223.053,99.0536,60.8465,-223.053,0.129267
3368,3368,0A,0.257036,-0.658581,0.0563383,-0.705004,99.0176,60.7782,-223.154,99.0176,60.7782,-223.154,0.129602
3376,3376,0A,0.256772,-0.658966,0.0555172,-0.704804,99.0773,60.8394,-222.927,99.0773,60.8394,-222.927,0.12049
3384,3384,0A,0.256601,-0.659478,0.0547913,-0.704445,99.077,60.7376,-223.045,99.077,60.7376,-223.045,0.127803
3392,3392,0A,0.256494,-0.659448,0.0537519,-0.704593,99.0819,60.7586,-222.972,99.0819,60.7586,-222.972,0.129131
3400,3400,0A,0.256328,-0.659154,0.0530879,-0.704977,99.0996,60.6888,-223.117,99.0996,60.6888,-223.117,0.125649
3408,3408,0A,0.256751,-0.658145,0.0530479,-0.70577,99.1028,60.8127,-223.017,99.1028,60.8127,-223.017,0.12712
3416,3416,0A,0.256468,-0.656946,0.053006,-0.706992,99.0786,60.7255,-223.219,99.0786,60.7255,-223.219,0.11684
3424,3424,0A,0.258595,-0.654524,0.0539449,-0.70839,99.1281,60.8609,-223.209,99.1281,60.8609,-223.209,0.129542
3432,3432,0A,0.2599,-0.652085,0.0540395,-0.710153,99.0314,60.5412,-223.615,99.0314,60.5412,-223.615,0.120095
3440,3440,0A,0.26335,-0.648501,0.054734,-0.712108,99.037,60.6717,-223.624,99.037,60.6717,-223.624,0.121981
3448,3448,0A,0.266132,-0.64565,0.0552802,-0.713621,99.012,60.5226,-223.936,99.012,60.5226,-223.936,0.118306
3456,3456,0A,0.269447,-0.643051,0.0558679,-0.714677,99.1047,60.7942,-223.896,99.1047,60.7942,-223.896,0.11713
3464,3464,0A,0.27013,-0.64234,0.0556536,-0.715075,99.0664,60.5411,-224.04,99.0664,60.5411,-224.04,0.121324
3472,3472,0A,0.270784,-0.642106,0.0556055,-0.715041,99.053,60.6164,-223.951,99.053,60.6164,-223.951,0.12399
3480,3480,0A,0.269205,-0.64236,0.0547398,-0.715476,99.1086,60.5435,-223.987,99.1086,60.5435,-223.987,0.120883
3488,3488,0A,0.269697,-0.642234,0.0549314,-0.715389,99.1008,60.6893,-223.925,99.1008,60.6893,-223.925,0.126009
3496,3496,0A,0.268851,-0.642229,0.0552482,-0.715688,99.0725,60.5293,-223.963,99.0725,60.5293,-223.963,0.120164
3504,3504,0A,0.269671,-0.641656,0.0557966,-0.715851,99.1391,60.681,-224.004,99.1391,60.681,-224.004,0.118726
3512,3512,0A,0.269318,-0.641945,0.0558758,-0.715718,99.0936,60.5657,-224.092,99.0936,60.5657,-224.092,0.110923
3520,3520,0A,0.270252,-0.642526,0.0559163,-0.714841,99.0732,60.6513,-223.982,99.0732,60.6513,-223.982,0.122868
