48,48,0A,0.452367,-0.387108,0.690921,-0.410048,81.3742,130.067,-198.363,81.3742,130.067,-198.363,0.126384
56,56,0A,0.449241,-0.386846,0.694634,-0.407452,81.4452,130.171,-198.245,81.4452,130.171,-198.245,0.121929
64,64,0A,0.445391,-0.386487,0.698856,-0.40479,81.5132,130.211,-198.007,81.5132,130.211,-198.007,0.12342
72,72,0A,0.44201,-0.386819,0.702116,-0.402531,81.571,130.218,-197.731,81.571,130.218,-197.731,0.122736
80,80,0A,0.440012,-0.387056,0.704445,-0.400418,81.6226,130.141,-197.656,81.6226,130.141,-197.656,0.125797
88,88,0A,0.43776,-0.387416,0.706836,-0.398318,81.6612,130.151,-197.551,81.6612,130.151,-197.551,0.12101
96,96,0A,0.436636,-0.386885,0.70922,-0.395825,81.7055,130.228,-197.347,81.7055,130.228,-197.347,0.135309
104,104,0A,0.436304,-0.38658,0.710481,-0.394222,81.761,130.132,-197.317,81.761,130.132,-197.317,0.120216
112,112,0A,0.435918,-0.387142,0.710917,-0.39331,81.7607,130.048,-197.368,81.7607,130.048,-197.368,0.125402
120,120,0A,0.435043,-0.387724,0.711692,-0.392304,81.7172,130.21,-197.408,81.7172,130.21,-197.408,0.135746
128,128,0A,0.433956,-0.386432,0.713543,-0.39142,81.7802,130.028,-197.374,81.7802,130.028,-197.374,0.106615
136,136,0A,0.433238,-0.385863,0.714918,-0.390266,81.8371,130.122,-197.363,81.8371,130.122,-197.363,0.131963
144,144,0A,0.432282,-0.385047,0.716673,-0.388909,81.849,130.107,-197.171,81.849,130.107,-197.171,0.1362
152,152,0A,0.431065,-0.384523,0.718283,-0.387809,81.9034,130.124,-197.19,81.9034,130.124,-197.19,0.132667
160,160,0A,0.429341,-0.383045,0.72089,-0.386343,81.9498,130.06,-197.083,81.9498,130.06,-197.083,0.113818
168,168,0A,0.427584,-0.381143,0.723806,-0.384716,81.9929,130.101,-196.872,81.9929,130.101,-196.872,0.105298
176,176,0A,0.425947,-0.380196,0.72559,-0.384109,81.9941,130.087,-196.927,81.9941,130.087,-196.927,0.104393
184,184,0A,0.425389,-0.379359,0.726812,-0.383242,82.0294,130.106,-196.918,82.0294,130.106,-196.918,0.114464
192,192,0A,0.42559,-0.378475,0.727721,-0.382167,82.0379,130.107,-196.737,82.0379,130.107,-196.737,0.115855
200,200,0A,0.426528,-0.37786,0.727673,-0.381824,82.0473,130.085,-196.861,82.0473,130.085,-196.861,0.115346
208,208,0A,0.427967,-0.378151,0.726432,-0.382286,82.0246,130.138,-196.917,82.0246,130.138,-196.917,0.121174
216,216,0A,0.429265,-0.378792,0.724611,-0.383651,81.987,130.109,-196.977,81.987,130.109,-196.977,0.119675
224,224,0A,0.431442,-0.379617,0.722331,-0.384692,81.8272,130.196,-196.986,81.8272,130.196,-196.986,0.140405
232,232,0A,0.433975,-0.380485,0.719407,-0.386458,81.7535,130.113,-197.098,81.7535,130.113,-197.098,0.126738
240,240,0A,0.437057,-0.381869,0.715615,-0.388655,81.7597,130.083,-197.291,81.7597,130.083,-197.291,0.135369
248,248,0A,0.438682,-0.383709,0.712296,-0.391102,81.7176,129.974,-197.48,81.7176,129.974,-197.48,0.123601
256,256,0A,0.441061,-0.384325,0.70976,-0.39243,81.6729,130.059,-197.494,81.6729,130.059,-197.494,0.1399
264,264,0A,0.4436,-0.384979,0.706905,-0.394076,81.6215,130.118,-197.46,81.6215,130.118,-197.46,0.142758
272,272,0A,0.445642,-0.384891,0.704117,-0.39684,81.6164,129.924,-197.786,81.6164,129.924,-197.786,0.106131
280,280,0A,0.449065,-0.383724,0.701157,-0.399343,81.538,129.95,-197.955,81.538,129.95,-197.955,0.101591
288,288,0A,0.453294,-0.383168,0.696905,-0.40253,81.4154,130.038,-198.158,81.4154,130.038,-198.158,0.120597
296,296,0A,0.458594,-0.382693,0.691905,-0.405591,81.3182,130.126,-198.391,81.3182,130.126,-198.391,0.146698
304,304,0A,0.463323,-0.382533,0.68702,-0.408661,81.2315,130.136,-198.757,81.2315,130.136,-198.757,0.142256
312,312,0A,0.467398,-0.381084,0.683742,-0.410865,81.2244,130.092,-198.948,81.2244,130.092,-198.948,0.148522
320,320,0A,0.470081,-0.379793,0.681608,-0.412542,81.1165,130.143,-198.963,81.1165,130.143,-198.963,0.124309
328,328,0A,0.472818,-0.379913,0.677813,-0.415547,81.0311,130.112,-199.102,81.0311,130.112,-199.102,0.112609
336,336,0A,0.477465,-0.380547,0.672255,-0.41867,80.9152,130.061,-199.31,80.9152,130.061,-199.31,0.133259
344,344,0A,0.484053,-0.380507,0.665974,-0.421172,80.8362,130.071,-199.556,80.8362,130.071,-199.556,0.145104
352,352,0A,0.491157,-0.381154,0.658342,-0.42435,80.7418,129.917,-199.916,80.7418,129.917,-199.916,0.137306
368,368,0A,0.504841,-0.383388,0.64174,-0.431647,80.5877,130.008,-200.568,80.5877,130.008,-200.568,0.1289
376,376,0A,0.508767,-0.382964,0.636852,-0.434644,80.5104,129.984,-200.729,80.5104,129.984,-200.729,0.127213
384,384,0A,0.51213,-0.381576,0.63341,-0.436936,80.4467,130.01,-200.854,80.4467,130.01,-200.854,0.128409
392,392,0A,0.515911,-0.380734,0.629147,-0.439378,80.3541,129.988,-201.057,80.3541,129.988,-201.057,0.13472
400,400,0A,0.520643,-0.380442,0.623457,-0.442149,80.3098,129.91,-201.223,80.3098,129.91,-201.223,0.126655
408,408,0A,0.525897,-0.380413,0.616682,-0.445448,80.2751,129.817,-201.605,80.2751,129.817,-201.605,0.12244
416,416,0A,0.531547,-0.379904,0.609844,-0.448579,80.1805,129.805,-201.914,80.1805,129.805,-201.914,0.132939
424,424,0A,0.536419,-0.379593,0.60336,-0.451797,80.1198,129.746,-202.216,80.1198,129.746,-202.216,0.127881
432,432,0A,0.541389,-0.378731,0.597673,-0.454145,80.0669,129.72,-202.321,80.0669,129.72,-202.321,0.12643
440,440,0A,0.546428,-0.379288,0.59007,-0.457576,80.0003,129.524,-202.722,80.0003,129.524,-202.722,0.107105
448,448,0A,0.551985,-0.379938,0.581143,-0.461772,79.919,129.389,-203.106,79.919,129.389,-203.106,0.117752
456,456,0A,0.556327,-0.378882,0.575358,-0.464663,79.8664,129.453,-203.348,79.8664,129.453,-203.348,0.114269
464,464,0A,0.558248,-0.376967,0.573027,-0.466792,79.8486,129.465,-203.459,79.8486,129.465,-203.459,0.112475
472,472,0A,0.559779,-0.375121,0.571265,-0.468603,79.8783,129.6,-203.436,79.8783,129.6,-203.436,0.104874
480,480,0A,0.561406,-0.37453,0.56825,-0.470789,79.8442,129.56,-203.616,79.8442,129.56,-203.616,0.0985499
488,488,0A,0.563717,-0.374417,0.564752,-0.472326,79.8171,129.514,-203.74,79.8171,129.514,-203.74,0.100263
496,496,0A,0.566227,-0.374707,0.561077,-0.473471,79.8191,129.418,-203.789,79.8191,129.418,-203.789,0.101584
504,504,0A,0.568466,-0.375707,0.556884,-0.474944,79.8093,129.367,-203.929,79.8093,129.367,-203.929,0.102824
512,512,0A,0.571242,-0.376758,0.552079,-0.476388,79.7955,129.362,-204.086,79.7955,129.362,-204.086,0.09722
520,520,0A,0.573542,-0.378314,0.546743,-0.478541,79.7616,129.209,-204.299,79.7616,129.209,-204.299,0.0844236
528,528,0A,0.576493,-0.378739,0.542023,-0.480025,79.7429,129.219,-204.411,79.7429,129.219,-204.411,0.0894951
536,536,0A,0.578066,-0.378869,0.538678,-0.481793,79.7086,129.152,-204.595,79.7086,129.152,-204.595,0.0882215
544,544,0A,0.578585,-0.377659,0.537901,-0.482987,79.7277,129.17,-204.593,79.7277,129.17,-204.593,0.105666
552,552,0A,0.57688,-0.376174,0.539496,-0.484405,79.7704,129.284,-204.584,79.7704,129.284,-204.584,0.100505
560,560,0A,0.573612,-0.374179,0.54276,-0.486182,79.7691,129.486,-204.414,79.7691,129.486,-204.414,0.0847741
568,568,0A,0.570527,-0.372073,0.545154,-0.488743,79.7534,129.64,-204.384,79.7534,129.64,-204.384,0.077248
576,576,0A,0.568366,-0.369103,0.546833,-0.491628,79.7158,129.722,-204.496,79.7158,129.722,-204.496,0.074924
584,584,0A,0.565816,-0.365553,0.548816,-0.495,79.6818,129.812,-204.619,79.6818,129.812,-204.619,0.0782972
592,592,0A,0.562958,-0.360631,0.552423,-0.497849,79.7122,130.152,-204.524,79.7122,130.152,-204.524,0.0899226
600,600,0A,0.557733,-0.355724,0.557225,-0.501892,79.7592,130.442,-204.47,79.7592,130.442,-204.47,0.087651
608,608,0A,0.551567,-0.350087,0.56303,-0.506172,79.7782,130.808,-204.296,79.7782,130.808,-204.296,0.0705285
616,616,0A,0.546208,-0.344302,0.567247,-0.511218,79.7723,130.952,-204.403,79.7723,130.952,-204.403,0.0697555
624,624,0A,0.542189,-0.338635,0.569844,-0.516367,79.7998,131.441,-204.324,79.7998,131.441,-204.324,0.0705728
632,632,0A,0.537066,-0.33328,0.572752,-0.521957,79.7902,131.654,-204.536,79.7902,131.654,-204.536,0.067904
640,640,0A,0.531238,-0.326103,0.578018,-0.52663,79.9095,132.08,-204.381,79.9095,132.08,-204.381,0.0771565
648,648,0A,0.524193,-0.31912,0.584406,-0.530898,79.9354,132.439,-204.316,79.9354,132.439,-204.316,0.0676526
656,656,0A,0.519413,-0.311643,0.590062,-0.533775,79.964,132.7,-204.228,79.964,132.7,-204.228,0.0616185
664,664,0A,0.518518,-0.304838,0.592681,-0.53567,79.9765,132.878,-204.269,79.9765,132.878,-204.269,0.0548457
672,672,0A,0.519245,-0.300161,0.592368,-0.537949,79.9752,133.043,-204.434,79.9752,133.043,-204.434,0.0607238
680,680,0A,0.519478,-0.296954,0.591586,-0.540358,79.9596,133.092,-204.616,79.9596,133.092,-204.616,0.0594806
688,688,0A,0.518143,-0.293396,0.59278,-0.542271,80.0382,133.289,-204.615,80.0382,133.289,-204.615,0.0667386
696,696,0A,0.515719,-0.289499,0.595521,-0.543671,80.0475,133.332,-204.592,80.0475,133.332,-204.592,0.0495235
704,704,0A,0.513847,-0.285753,0.59776,-0.544967,80.095,133.525,-204.543,80.095,133.525,-204.543,0.056257
712,712,0A,0.51301,-0.282096,0.599506,-0.545744,80.1462,133.654,-204.538,80.1462,133.654,-204.538,0.0486509
720,720,0A,0.511606,-0.279003,0.60117,-0.546819,80.1661,133.7,-204.603,80.1661,133.7,-204.603,0.0545579
728,728,0A,0.509152,-0.274691,0.604751,-0.547344,80.1772,133.852,-204.534,80.1772,133.852,-204.534,0.0529203
736,736,0A,0.506157,-0.268896,0.609527,-0.547702,80.2799,134.135,-204.348,80.2799,134.135,-204.348,0.0467002
744,744,0A,0.503232,-0.263993,0.612878,-0.54904,80.3351,134.294,-204.232,80.3351,134.294,-204.232,0.0540845
752,752,0A,0.50175,-0.260225,0.614077,-0.550853,80.3417,134.342,-204.4,80.3417,134.342,-204.4,0.0535858
760,760,0A,0.501232,-0.255608,0.615139,-0.552301,80.4529,134.653,-204.344,80.4529,134.653,-204.344,0.0598326
768,768,0A,0.500344,-0.250965,0.616516,-0.553697,80.4447,134.759,-204.46,80.4447,134.759,-204.46,0.0476191
776,776,0A,0.498461,-0.247,0.61761,-0.555955,80.4877,134.948,-204.388,80.4877,134.948,-204.388,0.0576123
784,784,0A,0.497486,-0.243663,0.617666,-0.558234,80.5087,135.103,-204.46,80.5087,135.103,-204.46,0.0445843
792,792,0A,0.496852,-0.240515,0.617157,-0.560722,80.5529,135.163,-204.557,80.5529,135.163,-204.557,0.057037
800,800,0A,0.49605,-0.236525,0.617798,-0.562421,80.5702,135.135,-204.648,80.5702,135.135,-204.648,0.0540697
808,808,0A,0.49536,-0.231709,0.619238,-0.563449,80.6124,135.306,-204.581,80.6124,135.306,-204.581,0.0604711
816,816,0A,0.494856,-0.227395,0.62029,-0.564491,80.6237,135.404,-204.65,80.6237,135.404,-204.65,0.0574232
824,824,0A,0.493246,-0.224307,0.621245,-0.566082,80.6752,135.532,-204.672,80.6752,135.532,-204.672,0.048398
832,832,0A,0.490933,-0.221321,0.622834,-0.56752,80.763,135.663,-204.652,80.763,135.663,-204.652,0.0418242
840,840,0A,0.487918,-0.218553,0.625073,-0.56873,80.7859,135.766,-204.611,80.7859,135.766,-204.611,0.0418332
848,848,0A,0.484548,-0.215512,0.627998,-0.569549,80.8484,135.895,-204.529,80.8484,135.895,-204.529,0.0460441
856,856,0A,0.481035,-0.212419,0.631321,-0.570015,80.9344,136.13,-204.421,80.9344,136.13,-204.421,0.0494436
864,864,0A,0.478285,-0.209207,0.634258,-0.570256,80.9901,136.216,-204.38,80.9901,136.216,-204.38,0.0487068
872,872,0A,0.476452,-0.206105,0.636456,-0.570472,81.0375,136.399,-204.242,81.0375,136.399,-204.242,0.0548439
880,880,0A,0.474713,-0.20335,0.637865,-0.571336,81.0837,136.433,-204.237,81.0837,136.433,-204.237,0.0560278
888,888,0A,0.473451,-0.200097,0.639356,-0.571864,81.1062,136.495,-204.245,81.1062,136.495,-204.245,0.0553796
896,896,0A,0.472311,-0.197026,0.640818,-0.572237,81.1538,136.639,-204.237,81.1538,136.639,-204.237,0.0537973
904,904,0A,0.470927,-0.194867,0.642291,-0.572466,81.186,136.702,-204.272,81.186,136.702,-204.272,0.0491348
912,912,0A,0.470724,-0.192884,0.643763,-0.571649,81.2004,136.724,-204.197,81.2004,136.724,-204.197,0.0494229
920,920,0A,0.471275,-0.192094,0.644914,-0.570163,81.2002,136.685,-204.176,81.2002,136.685,-204.176,0.0497307
928,928,0A,0.471031,-0.19402,0.645799,-0.568709,81.2035,136.565,-204.141,81.2035,136.565,-204.141,0.0566126
936,936,0A,0.470077,-0.197862,0.64704,-0.56676,81.2235,136.567,-204.032,81.2235,136.567,-204.032,0.0561441
944,944,0A,0.469753,-0.202033,0.647994,-0.564463,81.1962,136.386,-203.845,81.1962,136.386,-203.845,0.0541412
952,952,0A,0.471497,-0.206656,0.647568,-0.561819,81.0592,136.195,-203.835,81.0592,136.195,-203.835,0.0566871
960,960,0A,0.475168,-0.211702,0.645834,-0.558835,80.9969,136.002,-203.869,80.9969,136.002,-203.869,0.0551825
968,968,0A,0.478908,-0.21871,0.64299,-0.556216,80.9049,135.798,-203.943,80.9049,135.798,-203.943,0.0520964
976,976,0A,0.48214,-0.226353,0.640215,-0.553562,80.7845,135.541,-203.95,80.7845,135.541,-203.95,0.0490018
984,984,0A,0.486039,-0.232643,0.638172,-0.549891,80.6625,135.191,-203.875,80.6625,135.191,-203.875,0.0539083
992,992,0A,0.490514,-0.239714,0.635344,-0.546143,80.579,134.862,-203.897,80.579,134.862,-203.897,0.046406
1000,1000,0A,0.495938,-0.247047,0.631817,-0.542053,80.5056,134.553,-203.905,80.5056,134.553,-203.905,0.0460377
1008,1008,0A,0.501607,-0.254733,0.627664,-0.538089,80.3641,134.152,-204,80.3641,134.152,-204,0.0542809
1016,1016,0A,0.507418,-0.262355,0.623334,-0.533997,80.2446,133.827,-204.059,80.2446,133.827,-204.059,0.0522688
1024,1024,0A,0.514364,-0.270114,0.618007,-0.529656,80.1771,133.507,-204.043,80.1771,133.507,-204.043,0.0667044
1032,1032,0A,0.521119,-0.278611,0.612002,-0.525609,80.0668,133.064,-204.172,80.0668,133.064,-204.172,0.0626741
1040,1040,0A,0.526575,-0.286677,0.606604,-0.522079,79.9789,132.742,-204.196,79.9789,132.742,-204.196,0.0710495
1048,1048,0A,0.530569,-0.293892,0.602474,-0.518796,79.8989,132.469,-204.237,79.8989,132.469,-204.237,0.067341
1056,1056,0A,0.533376,-0.300691,0.599357,-0.515623,79.8473,132.115,-204.256,79.8473,132.115,-204.256,0.0696859
1064,1064,0A,0.535823,-0.30655,0.597586,-0.511676,79.8312,131.841,-204.125,79.8312,131.841,-204.125,0.0788734
1072,1072,0A,0.537822,-0.312597,0.595857,-0.507923,79.8179,131.66,-204.072,79.8179,131.66,-204.072,0.0662891
1080,1080,0A,0.539445,-0.318554,0.593917,-0.504763,79.8305,131.516,-203.977,79.8305,131.516,-203.977,0.0894024
1088,1088,0A,0.541268,-0.323824,0.592533,-0.501071,79.7934,131.267,-203.849,79.7934,131.267,-203.849,0.0745757
1096,1096,0A,0.544314,-0.329217,0.589767,-0.497508,79.7912,131.013,-203.924,79.7912,131.013,-203.924,0.0756021
1104,1104,0A,0.547761,-0.33525,0.585683,-0.494512,79.8147,130.773,-203.933,79.8147,130.773,-203.933,0.0789397
1112,1112,0A,0.550241,-0.340946,0.582215,-0.491953,79.8056,130.533,-203.912,79.8056,130.533,-203.912,0.0860135
1120,1120,0A,0.552423,-0.345619,0.579385,-0.489582,79.7891,130.333,-203.809,79.7891,130.333,-203.809,0.0803621
1128,1128,0A,0.555812,-0.349779,0.575417,-0.487466,79.741,130.134,-203.847,79.741,130.134,-203.847,0.0826075
1136,1136,0A,0.560367,-0.35394,0.570071,-0.485526,79.7224,129.915,-204.023,79.7224,129.915,-204.023,0.0958162
1144,1144,0A,0.56518,-0.357567,0.565226,-0.482947,79.7249,129.736,-204.1,79.7249,129.736,-204.1,0.0956218
1152,1152,0A,0.568763,-0.361378,0.560842,-0.481012,79.7304,129.402,-204.199,79.7304,129.402,-204.199,0.0839757
1160,1160,0A,0.573151,-0.364702,0.556382,-0.478467,79.7128,129.32,-204.184,79.7128,129.32,-204.184,0.0921905
1168,1168,0A,0.576467,-0.369012,0.551831,-0.476444,79.7308,128.982,-204.383,79.7308,128.982,-204.383,0.0860709
1176,1176,0A,0.579045,-0.373247,0.548479,-0.473884,79.7381,128.915,-204.249,79.7381,128.915,-204.249,0.0941003
1184,1184,0A,0.580967,-0.378443,0.545137,-0.471259,79.7107,128.742,-204.2,79.7107,128.742,-204.2,0.0894272
1192,1192,0A,0.583916,-0.383081,0.541644,-0.467882,79.7922,128.535,-204.006,79.7922,128.535,-204.006,0.0924478
1200,1200,0A,0.587746,-0.38809,0.536549,-0.464819,79.8197,128.206,-204.052,79.8197,128.206,-204.052,0.0862649
1208,1208,0A,0.593191,-0.392316,0.530168,-0.461666,79.7735,127.856,-204.326,79.7735,127.856,-204.326,0.100646
1216,1216,0A,0.597829,-0.395808,0.524457,-0.45922,79.7932,127.639,-204.42,79.7932,127.639,-204.42,0.0966388
1224,1224,0A,0.601825,-0.398293,0.520477,-0.456369,79.8249,127.51,-204.399,79.8249,127.51,-204.399,0.0935018
1232,1232,0A,0.604446,-0.400623,0.517733,-0.453981,79.8203,127.256,-204.556,79.8203,127.256,-204.556,0.0917418
1240,1240,0A,0.606677,-0.402613,0.515655,-0.451605,79.8354,127.171,-204.52,79.8354,127.171,-204.52,0.0807465
1248,1248,0A,0.608824,-0.404476,0.513795,-0.449163,79.9037,127.076,-204.42,79.9037,127.076,-204.42,0.0839641
1256,1256,0A,0.610769,-0.406629,0.511928,-0.446704,79.9644,126.984,-204.402,79.9644,126.984,-204.402,0.0771071
1264,1264,0A,0.612852,-0.408936,0.509707,-0.444278,79.9512,126.741,-204.517,79.9512,126.741,-204.517,0.0722629
1272,1272,0A,0.615827,-0.410629,0.506964,-0.441734,79.9872,126.604,-204.486,79.9872,126.604,-204.486,0.0711329
1280,1280,0A,0.618774,-0.412423,0.50407,-0.439249,80.005,126.546,-204.524,80.005,126.546,-204.524,0.0702259
1288,1288,0A,0.620948,-0.414864,0.501208,-0.437152,80.0455,126.341,-204.559,80.0455,126.341,-204.559,0.0759629
1296,1296,0A,0.623121,-0.417385,0.498647,-0.434581,80.084,126.171,-204.47,80.084,126.171,-204.47,0.0692597
1304,1304,0A,0.625138,-0.420292,0.49603,-0.431869,80.1129,126.069,-204.514,80.1129,126.069,-204.514,0.0627295
1312,1312,0A,0.626419,-0.423212,0.49387,-0.429632,80.1807,125.901,-204.519,80.1807,125.901,-204.519,0.0677858
1320,1320,0A,0.626758,-0.426803,0.491454,-0.428354,80.198,125.697,-204.535,80.198,125.697,-204.535,0.060759
1328,1328,0A,0.628433,-0.429358,0.488862,-0.426307,80.2129,125.645,-204.378,80.2129,125.645,-204.378,0.0699286
1336,1336,0A,0.629865,-0.432925,0.485084,-0.4249,80.2277,125.482,-204.492,80.2277,125.482,-204.492,0.0629467
1344,1344,0A,0.63196,-0.43607,0.482017,-0.422054,80.2838,125.33,-204.449,80.2838,125.33,-204.449,0.0683447
1352,1352,0A,0.632596,-0.439126,0.480798,-0.419313,80.4162,125.187,-204.3,80.4162,125.187,-204.3,0.0653059
1360,1360,0A,0.632366,-0.442606,0.479603,-0.417366,80.4409,125.096,-204.255,80.4409,125.096,-204.255,0.0562541
1368,1368,0A,0.632087,-0.445483,0.478756,-0.415697,80.4394,124.909,-204.23,80.4394,124.909,-204.23,0.0618718
1376,1376,0A,0.631341,-0.447154,0.479449,-0.414236,80.4767,125.024,-203.997,80.4767,125.024,-203.997,0.049982
1384,1384,0A,0.631436,-0.448543,0.47967,-0.41233,80.5025,124.974,-203.949,80.5025,124.974,-203.949,0.0474599
1392,1392,0A,0.632785,-0.45024,0.478485,-0.409779,80.5325,124.842,-203.985,80.5325,124.842,-203.985,0.0591352
1400,1400,0A,0.633784,-0.452166,0.477249,-0.40755,80.5938,124.658,-203.928,80.5938,124.658,-203.928,0.0633483
1408,1408,0A,0.634203,-0.454525,0.476047,-0.405677,80.5829,124.636,-203.922,80.5829,124.636,-203.922,0.0565246
1416,1416,0A,0.634079,-0.456727,0.475534,-0.403995,80.6156,124.548,-203.855,80.6156,124.548,-203.855,0.0575958
1424,1424,0A,0.634024,-0.458949,0.474778,-0.402449,80.6757,124.438,-203.715,80.6757,124.438,-203.715,0.0489649
1432,1432,0A,0.63462,-0.461871,0.472137,-0.401273,80.7212,124.305,-203.741,80.7212,124.305,-203.741,0.0393698
1440,1440,0A,0.636777,-0.464225,0.468938,-0.398884,80.7431,124.205,-203.787,80.7431,124.205,-203.787,0.0629203
1448,1448,0A,0.636966,-0.466979,0.467069,-0.397557,80.7409,124.035,-203.779,80.7409,124.035,-203.779,0.0523084
1456,1456,0A,0.636356,-0.46834,0.467322,-0.396635,80.814,124.086,-203.519,80.814,124.086,-203.519,0.0395202
1464,1464,0A,0.636481,-0.468954,0.467885,-0.395042,80.7799,123.944,-203.623,80.7799,123.944,-203.623,0.0489769
1472,1472,0A,0.637809,-0.469477,0.467137,-0.393158,80.7962,123.854,-203.665,80.7962,123.854,-203.665,0.0471084
1480,1480,0A,0.639675,-0.469448,0.466823,-0.390527,80.8772,123.93,-203.566,80.8772,123.93,-203.566,0.0461774
1488,1488,0A,0.640414,-0.470249,0.46658,-0.388638,80.9504,123.888,-203.56,80.9504,123.888,-203.56,0.0457452
1496,1496,0A,0.641165,-0.47196,0.465141,-0.387047,80.9768,123.693,-203.52,80.9768,123.693,-203.52,0.0354639
1504,1504,0A,0.642945,-0.473126,0.463777,-0.384298,80.9774,123.629,-203.569,80.9774,123.629,-203.569,0.0464549
1512,1512,0A,0.644365,-0.474849,0.461879,-0.382075,81.0506,123.536,-203.451,81.0506,123.536,-203.451,0.0314144
1520,1520,0A,0.645263,-0.477497,0.45945,-0.380182,81.0792,123.413,-203.465,81.0792,123.413,-203.465,0.0341907
1528,1528,0A,0.645366,-0.479902,0.458373,-0.378274,81.1064,123.321,-203.401,81.1064,123.321,-203.401,0.0312281
1536,1536,0A,0.644332,-0.48205,0.45792,-0.377855,81.1531,123.222,-203.382,81.1531,123.222,-203.382,0.0306732
1544,1544,0A,0.644253,-0.482634,0.457803,-0.377385,81.1997,123.249,-203.316,81.1997,123.249,-203.316,0.0332074
1552,1552,0A,0.644862,-0.483423,0.456086,-0.377414,81.1833,123.14,-203.393,81.1833,123.14,-203.393,0.0430151
1560,1560,0A,0.645677,-0.484645,0.453336,-0.377766,81.1618,123.107,-203.415,81.1618,123.107,-203.415,0.0339468
1568,1568,0A,0.645204,-0.484571,0.453896,-0.377997,81.2267,123.146,-203.389,81.2267,123.146,-203.389,0.0316234
1576,1576,0A,0.643941,-0.482876,0.457499,-0.377977,81.2255,123.251,-203.179,81.2255,123.251,-203.179,0.0340817
1584,1584,0A,0.642229,-0.48171,0.460018,-0.379316,81.1369,123.283,-203.355,81.1369,123.283,-203.355,0.0345412
1592,1592,0A,0.641893,-0.478814,0.462931,-0.380007,81.1089,123.432,-203.3,81.1089,123.432,-203.3,0.0419145
1600,1600,0A,0.640417,-0.475304,0.466778,-0.382193,81.0559,123.59,-203.307,81.0559,123.59,-203.307,0.0406324
1608,1608,0A,0.638536,-0.469958,0.473024,-0.384266,80.9663,123.812,-203.37,80.9663,123.812,-203.37,0.0517466
1616,1616,0A,0.635863,-0.463962,0.480415,-0.386807,80.7872,124.111,-203.442,80.7872,124.111,-203.442,0.0590035
1624,1624,0A,0.632705,-0.45793,0.487648,-0.390108,80.7152,124.322,-203.453,80.7152,124.322,-203.453,0.0600373
1632,1632,0A,0.629196,-0.450672,0.496023,-0.393661,80.6042,124.724,-203.372,80.6042,124.724,-203.372,0.0709527
1640,1640,0A,0.624015,-0.44272,0.505591,-0.398726,80.4752,125.147,-203.392,80.4752,125.147,-203.392,0.0746151
1648,1648,0A,0.618754,-0.433588,0.515687,-0.403996,80.3664,125.574,-203.362,80.3664,125.574,-203.362,0.0732617
1656,1656,0A,0.614815,-0.423371,0.525032,-0.408781,80.3046,126.004,-203.272,80.3046,126.004,-203.272,0.0854921
1664,1664,0A,0.611002,-0.413647,0.532788,-0.414379,80.1828,126.404,-203.469,80.1828,126.404,-203.469,0.0828135
1672,1672,0A,0.606857,-0.404043,0.54007,-0.420475,80.027,126.863,-203.552,80.027,126.863,-203.552,0.0918599
1680,1680,0A,0.60153,-0.394229,0.548947,-0.425914,79.952,127.27,-203.629,79.952,127.27,-203.629,0.111726
1688,1688,0A,0.594577,-0.383433,0.560957,-0.429867,79.9501,127.792,-203.516,79.9501,127.792,-203.516,0.11178
1696,1696,0A,0.585797,-0.373347,0.57315,-0.434687,79.8701,128.35,-203.287,79.8701,128.35,-203.287,0.0874464
1704,1704,0A,0.579196,-0.364404,0.582233,-0.43903,79.7608,128.76,-203.248,79.7608,128.76,-203.248,0.100083
1712,1712,0A,0.575189,-0.358587,0.587104,-0.442587,79.7853,128.902,-203.373,79.7853,128.902,-203.373,0.11627
1720,1720,0A,0.572116,-0.35368,0.591755,-0.444321,79.8315,129.074,-203.354,79.8315,129.074,-203.354,0.105731
1728,1728,0A,0.566688,-0.349712,0.597467,-0.446767,79.8597,129.371,-203.222,79.8597,129.371,-203.222,0.103763
1736,1736,0A,0.560451,-0.345891,0.604088,-0.448701,79.9269,129.755,-202.971,79.9269,129.755,-202.971,0.097657
1744,1744,0A,0.556683,-0.342964,0.608044,-0.450293,79.9852,129.883,-202.775,79.9852,129.883,-202.775,0.0957291
1752,1752,0A,0.556051,-0.342753,0.606743,-0.452982,79.9384,129.826,-202.914,79.9384,129.826,-202.914,0.102745
1760,1760,0A,0.557955,-0.342866,0.603506,-0.454874,79.8346,129.776,-203.17,79.8346,129.776,-203.17,0.0980873
1768,1768,0A,0.559051,-0.343161,0.600841,-0.45683,79.7892,129.754,-203.387,79.7892,129.754,-203.387,0.10248
1776,1776,0A,0.559026,-0.341971,0.600452,-0.458262,79.8936,129.888,-203.247,79.8936,129.888,-203.247,0.115445
1784,1784,0A,0.558109,-0.339991,0.601402,-0.459604,79.8667,129.931,-203.177,79.8667,129.931,-203.177,0.100477
1792,1792,0A,0.557892,-0.337793,0.601366,-0.461532,79.8358,129.986,-203.223,79.8358,129.986,-203.223,0.100904
1800,1800,0A,0.558686,-0.33626,0.599745,-0.463795,79.8001,130.079,-203.434,79.8001,130.079,-203.434,0.0906697
1808,1808,0A,0.560425,-0.334739,0.596923,-0.46643,79.8078,130.094,-203.489,79.8078,130.094,-203.489,0.0932429
1816,1816,0A,0.562228,-0.333637,0.593493,-0.469418,79.7861,130.174,-203.774,79.7861,130.174,-203.774,0.0809313
1824,1824,0A,0.564159,-0.332427,0.589893,-0.472488,79.7696,130.14,-203.963,79.7696,130.14,-203.963,0.0847827
1832,1832,0A,0.566263,-0.33108,0.586302,-0.475376,79.7063,130.09,-204.162,79.7063,130.09,-204.162,0.0937504
1840,1840,0A,0.56796,-0.329294,0.583425,-0.478124,79.6517,130.137,-204.339,79.6517,130.137,-204.339,0.079613
1848,1848,0A,0.568205,-0.326302,0.582868,-0.480558,79.6647,130.312,-204.446,79.6647,130.312,-204.446,0.0810173
1856,1856,0A,0.568133,-0.321893,0.584484,-0.481652,79.6884,130.51,-204.363,79.6884,130.51,-204.363,0.0886872
1864,1864,0A,0.56978,-0.31735,0.584905,-0.482209,79.7687,130.546,-204.321,79.7687,130.546,-204.321,0.082415
1872,1872,0A,0.574235,-0.314211,0.581337,-0.483295,79.73,130.574,-204.572,79.73,130.574,-204.572,0.0733256
1880,1880,0A,0.578305,-0.31401,0.574177,-0.487117,79.6184,130.516,-204.795,79.6184,130.516,-204.795,0.0688339
1888,1888,0A,0.581623,-0.313325,0.568288,-0.490501,79.5598,130.492,-205.252,79.5598,130.492,-205.252,0.063532
1896,1896,0A,0.584076,-0.310061,0.566103,-0.492185,79.6805,130.643,-205.258,79.6805,130.643,-205.258,0.0796202
1904,1904,0A,0.586405,-0.307337,0.564089,-0.493434,79.6559,130.591,-205.398,79.6559,130.591,-205.398,0.072315
1912,1912,0A,0.589633,-0.305642,0.56033,-0.494921,79.5919,130.549,-205.58,79.5919,130.549,-205.58,0.0667561
1920,1920,0A,0.593299,-0.303947,0.555907,-0.496568,79.6123,130.492,-205.748,79.6123,130.492,-205.748,0.0747677
1928,1928,0A,0.597853,-0.30282,0.550297,-0.498042,79.6271,130.444,-205.93,79.6271,130.444,-205.93,0.0641501
1936,1936,0A,0.602761,-0.302906,0.543251,-0.499806,79.556,130.299,-206.326,79.556,130.299,-206.326,0.046928
1944,1944,0A,0.606233,-0.30261,0.537264,-0.502252,79.5293,130.228,-206.554,79.5293,130.228,-206.554,0.0664728
1952,1952,0A,0.607957,-0.301459,0.533789,-0.50456,79.5838,130.33,-206.554,79.5838,130.33,-206.554,0.0604238
1960,1960,0A,0.610564,-0.299646,0.530676,-0.505774,79.5796,130.231,-206.733,79.5796,130.231,-206.733,0.0573972
1968,1968,0A,0.613862,-0.297924,0.526693,-0.506962,79.5869,130.171,-206.913,79.5869,130.171,-206.913,0.0522613
1976,1976,0A,0.617993,-0.295765,0.522079,-0.507978,79.6181,130.304,-206.983,79.6181,130.304,-206.983,0.0536623
1984,1984,0A,0.621129,-0.295482,0.515703,-0.510823,79.5851,130.11,-207.304,79.5851,130.11,-207.304,0.0560154
1992,1992,0A,0.624519,-0.294019,0.510548,-0.512708,79.6356,130.117,-207.494,79.6356,130.117,-207.494,0.0494998
2000,2000,0A,0.626911,-0.291831,0.506919,-0.514637,79.6563,130.18,-207.604,79.6563,130.18,-207.604,0.045093
2008,2008,0A,0.629581,-0.288863,0.504067,-0.515852,79.6656,130.213,-207.702,79.6656,130.213,-207.702,0.0423167
2016,2016,0A,0.632567,-0.284985,0.502115,-0.516258,79.6852,130.187,-207.898,79.6852,130.187,-207.898,0.0504524
2024,2024,0A,0.636063,-0.279873,0.501525,-0.515333,79.7304,130.239,-208.037,79.7304,130.239,-208.037,0.0463608
2032,2032,0A,0.639726,-0.274975,0.500686,-0.514251,79.7899,130.25,-208.117,79.7899,130.25,-208.117,0.0401849
2040,2040,0A,0.644023,-0.270607,0.498614,-0.513216,79.8115,130.219,-208.226,79.8115,130.219,-208.226,0.0362743
2048,2048,0A,0.648597,-0.267207,0.495149,-0.51259,79.7927,130.19,-208.488,79.7927,130.19,-208.488,0.0421999
2056,2056,0A,0.651708,-0.264626,0.492179,-0.512845,79.8011,130.187,-208.644,79.8011,130.187,-208.644,0.0378156
2064,2064,0A,0.653801,-0.262252,0.490138,-0.513355,79.8246,130.142,-208.742,79.8246,130.142,-208.742,0.0264684
2072,2072,0A,0.656023,-0.259516,0.488415,-0.513552,79.8104,130.064,-208.91,79.8104,130.064,-208.91,0.0319739
2080,2080,0A,0.659414,-0.256564,0.485659,-0.513306,79.8932,130.092,-208.971,79.8932,130.092,-208.971,0.0327734
2088,2088,0A,0.663752,-0.254448,0.481097,-0.513065,79.916,129.969,-209.209,79.916,129.969,-209.209,0.0342401
2096,2096,0A,0.668213,-0.251658,0.477068,-0.512412,80.0055,129.998,-209.34,80.0055,129.998,-209.34,0.0300145
2104,2104,0A,0.672312,-0.248144,0.474306,-0.511326,80.0819,130.015,-209.427,80.0819,130.015,-209.427,0.0350709
2112,2112,0A,0.67501,-0.246268,0.470761,-0.511955,80.0689,129.95,-209.593,80.0689,129.95,-209.593,0.0258151
2120,2120,0A,0.679082,-0.243978,0.466376,-0.511679,80.0431,129.855,-209.796,80.0431,129.855,-209.796,0.0255636
2128,2128,0A,0.684524,-0.240969,0.461394,-0.510369,80.1238,129.761,-209.937,80.1238,129.761,-209.937,0.0258922
2136,2136,0A,0.689236,-0.238433,0.456324,-0.509776,80.1612,129.673,-210.167,80.1612,129.673,-210.167,0.0289084
2144,2144,0A,0.691971,-0.236102,0.452751,-0.510342,80.2233,129.626,-210.336,80.2233,129.626,-210.336,0.0256277
2152,2152,0A,0.694074,-0.232529,0.451568,-0.510174,80.3164,129.739,-210.361,80.3164,129.739,-210.361,0.0277172
2160,2160,0A,0.696595,-0.229422,0.449992,-0.509538,80.3451,129.737,-210.424,80.3451,129.737,-210.424,0.0227961
2168,2168,0A,0.699222,-0.227806,0.446428,-0.509798,80.3578,129.637,-210.633,80.3578,129.637,-210.633,0.0272262
2176,2176,0A,0.700507,-0.226805,0.443571,-0.510974,80.3281,129.626,-210.762,80.3281,129.626,-210.762,0.0266954
2184,2184,0A,0.701228,-0.224474,0.442694,-0.511775,80.4579,129.737,-210.702,80.4579,129.737,-210.702,0.0258004
2192,2192,0A,0.700989,-0.223418,0.442205,-0.512984,80.4808,129.769,-210.777,80.4808,129.769,-210.777,0.0234082
2200,2200,0A,0.701574,-0.222067,0.441557,-0.51333,80.4965,129.821,-210.78,80.4965,129.821,-210.78,0.02379
2208,2208,0A,0.70254,-0.222205,0.438741,-0.514363,80.4388,129.707,-210.965,80.4388,129.707,-210.965,0.0267504
2216,2216,0A,0.704022,-0.221891,0.435342,-0.515359,80.4775,129.651,-210.982,80.4775,129.651,-210.982,0.0283573
2224,2224,0A,0.70424,-0.221213,0.433302,-0.51707,80.5729,129.796,-210.981,80.5729,129.796,-210.981,0.0216532
2232,2232,0A,0.70284,-0.220478,0.433072,-0.519475,80.5931,129.802,-211.072,80.5931,129.802,-211.072,0.0249738
2240,2240,0A,0.703047,-0.219094,0.432093,-0.520595,80.5891,129.839,-211.102,80.5891,129.839,-211.102,0.0251499
2248,2248,0A,0.704613,-0.21835,0.428818,-0.521497,80.6202,129.694,-211.239,80.6202,129.694,-211.239,0.0263735
2256,2256,0A,0.70755,-0.216831,0.425585,-0.520802,80.6833,129.742,-211.355,80.6833,129.742,-211.355,0.0228729
2264,2264,0A,0.709741,-0.214987,0.423865,-0.519988,80.6992,129.673,-211.43,80.6992,129.673,-211.43,0.0244193
2272,2272,0A,0.709509,-0.213954,0.423464,-0.521055,80.6495,129.727,-211.498,80.6495,129.727,-211.498,0.0262338
2280,2280,0A,0.710363,-0.212322,0.422406,-0.521419,80.705,129.749,-211.493,80.705,129.749,-211.493,0.0230731
2288,2288,0A,0.711367,-0.21216,0.419902,-0.522138,80.7195,129.687,-211.547,80.7195,129.687,-211.547,0.0240312
2296,2296,0A,0.711536,-0.212955,0.418606,-0.522623,80.6635,129.636,-211.605,80.6635,129.636,-211.605,0.0247943
2304,2304,0A,0.709904,-0.213432,0.42109,-0.522653,80.6818,129.69,-211.535,80.6818,129.69,-211.535,0.0261758
2312,2312,0A,0.705416,-0.213996,0.428996,-0.52207,80.5334,129.849,-211.319,80.5334,129.849,-211.319,0.0256229
2320,2320,0A,0.6991,-0.214858,0.440306,-0.520794,80.4531,130.15,-210.913,80.4531,130.15,-210.913,0.0256366
2328,2328,0A,0.693532,-0.218637,0.448811,-0.519403,80.3582,130.086,-210.629,80.3582,130.086,-210.629,0.0295971
2336,2336,0A,0.691075,-0.224266,0.452158,-0.517373,80.3222,129.996,-210.465,80.3222,129.996,-210.465,0.0268509
2344,2344,0A,0.689255,-0.23034,0.453833,-0.515662,80.2597,129.973,-210.262,80.2597,129.973,-210.262,0.0238747
2352,2352,0A,0.6854,-0.235654,0.458281,-0.514463,80.2055,129.915,-210.083,80.2055,129.915,-210.083,0.0279716
2360,2360,0A,0.679395,-0.24051,0.466085,-0.513168,80.1525,130.001,-209.752,80.1525,130.001,-209.752,0.0266512
2368,2368,0A,0.673502,-0.244523,0.475355,-0.510532,80.0507,129.989,-209.403,80.0507,129.989,-209.403,0.0306087
2376,2376,0A,0.665909,-0.248448,0.485904,-0.508661,79.9194,130.077,-209.051,79.9194,130.077,-209.051,0.0370204
2384,2384,0A,0.65638,-0.251644,0.498648,-0.50714,79.8362,130.325,-208.6,79.8362,130.325,-208.6,0.0367619
2392,2392,0A,0.645902,-0.254084,0.512972,-0.505086,79.7633,130.548,-208.102,79.7633,130.548,-208.102,0.0408531
2400,2400,0A,0.636156,-0.256742,0.526157,-0.502542,79.7142,130.7,-207.533,79.7142,130.7,-207.533,0.0459576
2408,2408,0A,0.62798,-0.261228,0.535687,-0.500442,79.6449,130.624,-207.235,79.6449,130.624,-207.235,0.0576893
2416,2416,0A,0.621069,-0.265394,0.544137,-0.49775,79.6351,130.699,-206.891,79.6351,130.699,-206.891,0.0613025
2424,2424,0A,0.613249,-0.268699,0.553884,-0.494913,79.6221,130.732,-206.536,79.6221,130.732,-206.536,0.0636332
2432,2432,0A,0.604567,-0.271167,0.564845,-0.49185,79.6503,130.81,-206.148,79.6503,130.81,-206.148,0.0539929
2440,2440,0A,0.596525,-0.272039,0.575988,-0.488253,79.6749,131.027,-205.635,79.6749,131.027,-205.635,0.0666728
2448,2448,0A,0.588561,-0.273471,0.585662,-0.485603,79.6438,131.119,-205.277,79.6438,131.119,-205.277,0.0745463
2456,2456,0A,0.581978,-0.274728,0.593895,-0.482822,79.6769,131.157,-204.918,79.6769,131.157,-204.918,0.0835707
2464,2464,0A,0.577426,-0.275936,0.600447,-0.47948,79.7458,131.182,-204.628,79.7458,131.182,-204.628,0.0800856
2472,2472,0A,0.573829,-0.27764,0.605654,-0.476256,79.7717,131.182,-204.45,79.7717,131.182,-204.45,0.0797243
2480,2480,0A,0.57066,-0.279893,0.609998,-0.47319,79.755,131.12,-204.274,79.755,131.12,-204.274,0.0790591
2488,2488,0A,0.568514,-0.283201,0.61276,-0.470228,79.753,131.085,-204.063,79.753,131.085,-204.063,0.0813005
2496,2496,0A,0.56668,-0.287522,0.614211,-0.467921,79.7862,130.895,-204.008,79.7862,130.895,-204.008,0.0795496
2504,2504,0A,0.564871,-0.290716,0.616433,-0.465205,79.8231,130.852,-203.923,79.8231,130.852,-203.923,0.0762237
2512,2512,0A,0.562347,-0.292829,0.619778,-0.462484,79.8526,130.742,-203.757,79.8526,130.742,-203.757,0.0897781
2520,2520,0A,0.559573,-0.294574,0.623543,-0.459672,79.8618,130.755,-203.561,79.8618,130.755,-203.561,0.084117
2528,2528,0A,0.557096,-0.295431,0.627017,-0.4574,79.9085,130.725,-203.329,79.9085,130.725,-203.329,0.0863641
2536,2536,0A,0.555273,-0.295086,0.630201,-0.455461,79.9163,130.79,-203.184,79.9163,130.79,-203.184,0.0929635
2544,2544,0A,0.553311,-0.295464,0.631867,-0.455295,79.9369,130.817,-203.084,79.9369,130.817,-203.084,0.0830909
2552,2552,0A,0.553251,-0.294981,0.632509,-0.454788,79.9659,130.871,-203.029,79.9659,130.871,-203.029,0.090606
2560,2560,0A,0.553345,-0.295313,0.632153,-0.454954,79.9409,130.811,-203.087,79.9409,130.811,-203.087,0.0944684
2568,2568,0A,0.553861,-0.295223,0.631864,-0.454785,79.9449,130.839,-203.123,79.9449,130.839,-203.123,0.0872822
2576,2576,0A,0.554315,-0.295534,0.631354,-0.454738,79.9072,130.827,-203.206,79.9072,130.827,-203.206,0.0887243
2584,2584,0A,0.55435,-0.296601,0.630723,-0.454876,79.8921,130.723,-203.219,79.8921,130.723,-203.219,0.088308
2592,2592,0A,0.554291,-0.297496,0.630668,-0.45444,79.9196,130.794,-203.098,79.9196,130.794,-203.098,0.0962138
2600,2600,0A,0.554264,-0.298522,0.630453,-0.454099,79.938,130.745,-203.085,79.938,130.745,-203.085,0.0873845
2608,2608,0A,0.554624,-0.300498,0.628767,-0.454693,79.9234,130.628,-203.193,79.9234,130.628,-203.193,0.0878366
2616,2616,0A,0.555778,-0.302084,0.626905,-0.454806,79.9065,130.565,-203.277,79.9065,130.565,-203.277,0.0784667
2624,2624,0A,0.557163,-0.302828,0.625564,-0.454461,79.9262,130.605,-203.207,79.9262,130.605,-203.207,0.0947122
2632,2632,0A,0.557655,-0.303308,0.624817,-0.454564,79.9164,130.48,-203.281,79.9164,130.48,-203.281,0.101113
2640,2640,0A,0.557819,-0.303393,0.624614,-0.454587,79.9156,130.524,-203.244,79.9156,130.524,-203.244,0.100145
2648,2648,0A,0.55804,-0.302931,0.624936,-0.454181,79.8943,130.666,-203.183,79.8943,130.666,-203.183,0.0894222
2656,2656,0A,0.557898,-0.30357,0.624182,-0.454965,79.9247,130.509,-203.261,79.9247,130.509,-203.261,0.0973423
2664,2664,0A,0.558516,-0.304133,0.623546,-0.454701,79.9099,130.518,-203.288,79.9099,130.518,-203.288,0.0914265
2672,2672,0A,0.559186,-0.30389,0.62367,-0.45387,79.8879,130.555,-203.212,79.8879,130.555,-203.212,0.0892606
2680,2680,0A,0.559017,-0.30407,0.623656,-0.453977,79.8834,130.405,-203.312,79.8834,130.405,-203.312,0.0931917
2688,2688,0A,0.558409,-0.303498,0.624334,-0.454175,79.901,130.58,-203.246,79.901,130.58,-203.246,0.096864
2696,2696,0A,0.558641,-0.303708,0.624085,-0.454093,79.8931,130.555,-203.246,79.8931,130.555,-203.246,0.0958393
2704,2704,0A,0.558878,-0.303911,0.623884,-0.453941,79.8884,130.558,-203.233,79.8884,130.558,-203.233,0.09302
2712,2712,0A,0.560162,-0.30401,0.623665,-0.45259,79.9312,130.677,-203.159,79.9312,130.677,-203.159,0.0950644
2720,2720,0A,0.560768,-0.306303,0.621974,-0.452623,79.884,130.372,-203.168,79.884,130.372,-203.168,0.0928838
2728,2728,0A,0.562163,-0.308382,0.619035,-0.453507,79.8493,130.265,-203.306,79.8493,130.265,-203.306,0.0919041
2736,2736,0A,0.564414,-0.310373,0.615407,-0.45429,79.8299,130.185,-203.504,79.8299,130.185,-203.504,0.0816696
2744,2744,0A,0.565451,-0.31255,0.612617,-0.455279,79.8037,130.135,-203.628,79.8037,130.135,-203.628,0.0939205
2752,2752,0A,0.564793,-0.313961,0.612361,-0.455469,79.7954,130.137,-203.533,79.7954,130.137,-203.533,0.0953497
2760,2760,0A,0.563154,-0.315231,0.613523,-0.455058,79.8223,130.142,-203.424,79.8223,130.142,-203.424,0.0900328
2768,2768,0A,0.560995,-0.316208,0.61572,-0.454078,79.8702,130.148,-203.301,79.8702,130.148,-203.301,0.0912715
2776,2776,0A,0.559211,-0.31677,0.618025,-0.452753,79.931,130.223,-203.048,79.931,130.223,-203.048,0.0890838
2784,2784,0A,0.558316,-0.318014,0.618609,-0.452188,79.9709,130.163,-203.106,79.9709,130.163,-203.106,0.0962795
2792,2792,0A,0.558436,-0.319209,0.618069,-0.451936,79.9645,130.067,-203.134,79.9645,130.067,-203.134,0.0885984
2800,2800,0A,0.558806,-0.318556,0.618164,-0.451808,79.9212,130.048,-203.173,79.9212,130.048,-203.173,0.088363
2808,2808,0A,0.559144,-0.316909,0.618355,-0.452289,79.9086,130.192,-203.098,79.9086,130.192,-203.098,0.0921391
2816,2816,0A,0.559615,-0.316415,0.617494,-0.453227,79.8418,130.147,-203.205,79.8418,130.147,-203.205,0.0833875
2824,2824,0A,0.560608,-0.31651,0.616644,-0.45309,79.8307,130.188,-203.294,79.8307,130.188,-203.294,0.0998051
2832,2832,0A,0.56074,-0.318045,0.616194,-0.452463,79.8688,130.143,-203.257,79.8688,130.143,-203.257,0.100646
2840,2840,0A,0.560021,-0.321535,0.615315,-0.452084,79.8367,129.977,-203.2,79.8367,129.977,-203.2,0.0861623
2848,2848,0A,0.560077,-0.325336,0.613829,-0.451314,79.8447,129.986,-203.102,79.8447,129.986,-203.102,0.0908795
2856,2856,0A,0.560176,-0.329605,0.611673,-0.451022,79.9314,129.895,-203.026,79.9314,129.895,-203.026,0.0976989
2864,2864,0A,0.560008,-0.333596,0.609661,-0.45102,79.95,129.771,-203.054,79.95,129.771,-203.054,0.110013
2872,2872,0A,0.559426,-0.335752,0.608953,-0.451099,79.9377,129.676,-203.026,79.9377,129.676,-203.026,0.102796
2880,2880,0A,0.559087,-0.336068,0.608513,-0.451876,79.9306,129.718,-202.955,79.9306,129.718,-202.955,0.109106
2888,2888,0A,0.559566,-0.335478,0.607286,-0.45337,79.8931,129.676,-203.142,79.8931,129.676,-203.142,0.10689
2896,2896,0A,0.560911,-0.333805,0.605953,-0.454725,79.871,129.743,-203.273,79.871,129.743,-203.273,0.0953524
2904,2904,0A,0.562403,-0.331052,0.605504,-0.455491,79.8503,129.886,-203.264,79.8503,129.886,-203.264,0.0956993
2912,2912,0A,0.562247,-0.329039,0.605879,-0.456643,79.8186,129.849,-203.389,79.8186,129.849,-203.389,0.102433
2920,2920,0A,0.561895,-0.32682,0.60722,-0.456888,79.8475,130.007,-203.261,79.8475,130.007,-203.261,0.0997139
2928,2928,0A,0.562024,-0.325412,0.607683,-0.457119,79.8694,130.011,-203.223,79.8694,130.011,-203.223,0.099743
2936,2936,0A,0.562505,-0.325566,0.606867,-0.457501,79.8283,129.982,-203.438,79.8283,129.982,-203.438,0.0944281
2944,2944,0A,0.563217,-0.326281,0.605608,-0.457785,79.8239,129.948,-203.445,79.8239,129.948,-203.445,0.0910904
2952,2952,0A,0.563975,-0.326729,0.604854,-0.457529,79.8193,129.918,-203.437,79.8193,129.918,-203.437,0.0843823
2960,2960,0A,0.564363,-0.326816,0.604745,-0.457132,79.8596,130.004,-203.322,79.8596,130.004,-203.322,0.103259
2968,2968,0A,0.563446,-0.327276,0.605648,-0.456738,79.8335,129.915,-203.426,79.8335,129.915,-203.426,0.100047
2976,2976,0A,0.562684,-0.326896,0.607284,-0.455777,79.8572,129.992,-203.254,79.8572,129.992,-203.254,0.101866
2984,2984,0A,0.562033,-0.326513,0.608269,-0.45554,79.8416,129.871,-203.225,79.8416,129.871,-203.225,0.0848715
2992,2992,0A,0.562831,-0.325764,0.607628,-0.455947,79.8664,129.956,-203.216,79.8664,129.956,-203.216,0.099349
3000,3000,0A,0.563599,-0.325503,0.606302,-0.45695,79.8396,129.874,-203.449,79.8396,129.874,-203.449,0.0954742
