72,72,0A,0.243839,-0.629906,0.261805,-0.689362,98.8727,31.8613,-231.266,98.8727,31.8613,-231.266,0.111108
80,80,0A,0.239164,-0.634831,0.266749,-0.68457,98.9457,31.9358,-230.94,98.9457,31.9358,-230.94,0.116451
88,88,0A,0.233898,-0.640067,0.271838,-0.679493,98.9462,32.0503,-230.593,98.9462,32.0503,-230.593,0.120538
96,96,0A,0.22777,-0.645798,0.278365,-0.673483,99.0019,32.2782,-230.079,99.0019,32.2782,-230.079,0.126192
104,104,0A,0.21909,-0.652579,0.285442,-0.666831,99.1447,32.4853,-229.394,99.1447,32.4853,-229.394,0.11559
112,112,0A,0.211399,-0.658923,0.292051,-0.660179,99.3183,32.6505,-228.679,99.3183,32.6505,-228.679,0.123298
120,120,0A,0.204601,-0.664588,0.296208,-0.654769,99.3332,32.6511,-228.274,99.3332,32.6511,-228.274,0.121778
128,128,0A,0.200424,-0.66868,0.299947,-0.650177,99.3757,32.7603,-228.054,99.3757,32.7603,-228.054,0.12771
136,136,0A,0.195501,-0.672397,0.303225,-0.64631,99.4334,32.8007,-227.718,99.4334,32.8007,-227.718,0.131612
144,144,0A,0.19199,-0.675081,0.307079,-0.642735,99.5533,32.8562,-227.388,99.5533,32.8562,-227.388,0.123551
152,152,0A,0.190451,-0.676452,0.310553,-0.640077,99.5675,32.9002,-227.076,99.5675,32.9002,-227.076,0.120812
160,160,0A,0.191738,-0.676475,0.311853,-0.639035,99.6381,32.9916,-227.044,99.6381,32.9916,-227.044,0.123454
168,168,0A,0.194089,-0.675357,0.309629,-0.640588,99.5666,32.7992,-227.085,99.5666,32.7992,-227.085,0.124056
176,176,0A,0.200411,-0.671134,0.306678,-0.644488,99.4871,32.7253,-227.498,99.4871,32.7253,-227.498,0.123771
184,184,0A,0.209185,-0.664757,0.302708,-0.65016,99.3365,32.5544,-228.175,99.3365,32.5544,-228.175,0.121819
192,192,0A,0.219839,-0.656594,0.299535,-0.65638,99.2541,32.4985,-228.852,99.2541,32.4985,-228.852,0.119618
200,200,0A,0.229788,-0.648763,0.295913,-0.662375,99.1061,32.358,-229.376,99.1061,32.358,-229.376,0.116832
208,208,0A,0.238193,-0.641799,0.291047,-0.66832,99.0622,32.1855,-229.965,99.0622,32.1855,-229.965,0.116474
216,216,0A,0.245915,-0.635558,0.286317,-0.673509,98.9626,32.0607,-230.443,98.9626,32.0607,-230.443,0.119353
224,224,0A,0.251739,-0.630645,0.280431,-0.678434,98.9264,31.9999,-230.904,98.9264,31.9999,-230.904,0.124469
232,232,0A,0.256945,-0.625834,0.273681,-0.683674,98.961,31.7979,-231.119,98.961,31.7979,-231.119,0.132835
240,240,0A,0.263213,-0.620197,0.267575,-0.688825,98.8226,31.6344,-231.785,98.8226,31.6344,-231.785,0.119921
248,248,0A,0.270337,-0.614268,0.261856,-0.69356,98.7288,31.4016,-232.161,98.7288,31.4016,-232.161,0.124149
256,256,0A,0.276933,-0.608694,0.256219,-0.697962,98.7771,31.3663,-232.581,98.7771,31.3663,-232.581,0.116924
264,264,0A,0.283849,-0.603297,0.251641,-0.701527,98.6859,31.1697,-232.911,98.6859,31.1697,-232.911,0.119567
272,272,0A,0.290084,-0.597827,0.248177,-0.704885,98.7139,31.0389,-233.299,98.7139,31.0389,-233.299,0.116858
280,280,0A,0.29635,-0.592471,0.245418,-0.707761,98.7391,31.085,-233.599,98.7391,31.085,-233.599,0.122181
288,288,0A,0.301133,-0.587245,0.241552,-0.711418,98.7966,30.8446,-233.844,98.7966,30.8446,-233.844,0.113155
296,296,0A,0.308121,-0.581344,0.238856,-0.714177,98.7176,30.8318,-234.276,98.7176,30.8318,-234.276,0.111989
304,304,0A,0.314087,-0.576216,0.236751,-0.716431,98.6831,30.6213,-234.68,98.6831,30.6213,-234.68,0.112052
312,312,0A,0.318482,-0.573231,0.235594,-0.717266,98.7036,30.6589,-234.825,98.7036,30.6589,-234.825,0.115349
320,320,0A,0.319095,-0.573249,0.234428,-0.717362,98.7669,30.5759,-234.777,98.7669,30.5759,-234.777,0.118282
328,328,0A,0.317554,-0.57495,0.233102,-0.717116,98.7253,30.4648,-234.659,98.7253,30.4648,-234.659,0.115972
336,336,0A,0.316893,-0.575855,0.232218,-0.716969,98.799,30.5106,-234.593,98.799,30.5106,-234.593,0.108679
344,344,0A,0.317057,-0.576023,0.231036,-0.717144,98.76,30.5618,-234.59,98.76,30.5618,-234.59,0.116875
352,352,0A,0.316182,-0.575379,0.229539,-0.718527,98.8274,30.4698,-234.646,98.8274,30.4698,-234.646,0.107759
360,360,0A,0.317033,-0.573596,0.22926,-0.719665,98.7232,30.5873,-234.846,98.7232,30.5873,-234.846,0.101691
368,368,0A,0.317532,-0.571546,0.229265,-0.721073,98.747,30.4833,-234.98,98.747,30.4833,-234.98,0.113624
376,376,0A,0.318185,-0.5702,0.229216,-0.721866,98.7819,30.6752,-234.985,98.7819,30.6752,-234.985,0.122889
384,384,0A,0.316447,-0.570328,0.228313,-0.722815,98.7667,30.5329,-235.008,98.7667,30.5329,-235.008,0.110595
392,392,0A,0.316331,-0.570569,0.227761,-0.722849,98.7347,30.6694,-234.984,98.7347,30.6694,-234.984,0.109881
400,400,0A,0.314983,-0.57113,0.225715,-0.723636,98.7865,30.4808,-234.975,98.7865,30.4808,-234.975,0.111664
408,408,0A,0.315313,-0.571189,0.224723,-0.723755,98.8307,30.6998,-235.006,98.8307,30.6998,-235.006,0.117827
416,416,0A,0.313892,-0.571655,0.22276,-0.72461,98.8128,30.4535,-235.011,98.8128,30.4535,-235.011,0.113426
424,424,0A,0.314384,-0.571243,0.220297,-0.725474,98.8038,30.4579,-234.995,98.8038,30.4579,-234.995,0.119421
432,432,0A,0.316198,-0.56877,0.215383,-0.728101,98.9136,30.2015,-235.065,98.9136,30.2015,-235.065,0.112738
440,440,0A,0.323916,-0.56207,0.208917,-0.731785,98.9505,30.1646,-235.547,98.9505,30.1646,-235.547,0.10867
448,448,0A,0.337926,-0.550777,0.203948,-0.735429,98.9373,29.8475,-236.246,98.9373,29.8475,-236.246,0.102061
456,456,0A,0.355459,-0.537712,0.200537,-0.737767,98.9576,29.869,-236.901,98.9576,29.869,-236.901,0.0998571
464,464,0A,0.368819,-0.527709,0.193817,-0.740224,99.0541,29.425,-237.33,99.0541,29.425,-237.33,0.107933
472,472,0A,0.379105,-0.520551,0.185432,-0.742241,99.0927,29.2993,-237.791,99.0927,29.2993,-237.791,0.109923
480,480,0A,0.385864,-0.514959,0.176189,-0.744905,99.2798,28.8683,-238.036,99.2798,28.8683,-238.036,0.106699
488,488,0A,0.392349,-0.50946,0.168038,-0.747179,99.3841,28.788,-238.444,99.3841,28.788,-238.444,0.0997905
496,496,0A,0.397621,-0.503754,0.160479,-0.749917,99.4377,28.4205,-238.641,99.4377,28.4205,-238.641,0.0917226
504,504,0A,0.403642,-0.497748,0.15504,-0.751853,99.474,28.4062,-238.994,99.474,28.4062,-238.994,0.10225
512,512,0A,0.40813,-0.492481,0.15028,-0.753862,99.5335,28.0908,-239.164,99.5335,28.0908,-239.164,0.0915822
520,520,0A,0.412198,-0.48776,0.145806,-0.755595,99.6462,28.1383,-239.419,99.6462,28.1383,-239.419,0.087258
528,528,0A,0.415904,-0.483564,0.140676,-0.757232,99.7535,27.9014,-239.564,99.7535,27.9014,-239.564,0.089487
536,536,0A,0.420282,-0.479012,0.135359,-0.758676,99.7756,27.8298,-239.878,99.7756,27.8298,-239.878,0.0930497
544,544,0A,0.424921,-0.474358,0.129611,-0.760018,99.852,27.5646,-239.964,99.852,27.5646,-239.964,0.0974585
552,552,0A,0.429149,-0.470318,0.125676,-0.760814,99.9339,27.6502,-240.26,99.9339,27.6502,-240.26,0.0913196
560,560,0A,0.431534,-0.467958,0.122515,-0.761435,99.9039,27.3582,-240.32,99.9039,27.3582,-240.32,0.088986
568,568,0A,0.434896,-0.465311,0.120337,-0.761492,100.092,27.3969,-240.426,100.092,27.3969,-240.426,0.0946107
576,576,0A,0.438601,-0.461949,0.116453,-0.762018,100.166,27.083,-240.466,100.166,27.083,-240.466,0.0902396
584,584,0A,0.443993,-0.456816,0.112517,-0.762581,100.174,27.1683,-240.728,100.174,27.1683,-240.728,0.0877044
592,592,0A,0.44831,-0.45289,0.109413,-0.762849,100.18,26.9716,-240.849,100.18,26.9716,-240.849,0.0872235
600,600,0A,0.449519,-0.451913,0.108321,-0.762873,100.184,26.9548,-240.969,100.184,26.9548,-240.969,0.0866836
608,608,0A,0.447781,-0.453585,0.10851,-0.762875,100.228,26.9418,-240.886,100.228,26.9418,-240.886,0.0895284
616,616,0A,0.445156,-0.455983,0.108862,-0.762932,100.32,27.0668,-240.858,100.32,27.0668,-240.858,0.0907627
624,624,0A,0.443551,-0.457246,0.108172,-0.763209,100.182,26.8331,-240.623,100.182,26.8331,-240.623,0.0917045
632,632,0A,0.444977,-0.456375,0.108117,-0.762908,100.215,26.9731,-240.754,100.215,26.9731,-240.754,0.0943133
640,640,0A,0.445861,-0.456111,0.108388,-0.762512,100.173,27.0283,-240.756,100.173,27.0283,-240.756,0.0886559
648,648,0A,0.445455,-0.457565,0.109329,-0.761742,100.176,27.0461,-240.731,100.176,27.0461,-240.731,0.0871787
656,656,0A,0.442793,-0.461039,0.112023,-0.760808,100.125,27.1825,-240.549,100.125,27.1825,-240.549,0.0785727
664,664,0A,0.43908,-0.466858,0.117101,-0.758644,100.044,27.2627,-240.414,100.044,27.2627,-240.414,0.0899555
672,672,0A,0.431716,-0.47517,0.12331,-0.756722,99.8363,27.3429,-239.944,99.8363,27.3429,-239.944,0.0891167
680,680,0A,0.42285,-0.485147,0.131861,-0.753952,99.8231,27.7267,-239.642,99.8231,27.7267,-239.642,0.0790418
688,688,0A,0.411483,-0.497413,0.141661,-0.750463,99.5971,28.02,-239.081,99.5971,28.02,-239.081,0.0854172
696,696,0A,0.398307,-0.510429,0.1511,-0.746982,99.5524,28.357,-238.501,99.5524,28.357,-238.501,0.0919239
704,704,0A,0.384351,-0.523152,0.159543,-0.743729,99.3031,28.599,-237.865,99.3031,28.599,-237.865,0.0918537
712,712,0A,0.372597,-0.533738,0.167718,-0.740382,99.2984,28.9661,-237.359,99.2984,28.9661,-237.359,0.0985895
720,720,0A,0.362607,-0.542707,0.175066,-0.737114,99.1607,29.1557,-236.792,99.1607,29.1557,-236.792,0.103454
728,728,0A,0.354083,-0.550292,0.182238,-0.733889,99.0303,29.3402,-236.487,99.0303,29.3402,-236.487,0.101019
736,736,0A,0.344826,-0.55802,0.188421,-0.730894,98.8781,29.6241,-236.065,98.8781,29.6241,-236.065,0.0985072
744,744,0A,0.334879,-0.566216,0.192904,-0.728041,98.9635,29.8448,-235.687,98.9635,29.8448,-235.687,0.109069
752,752,0A,0.323981,-0.5747,0.19465,-0.725857,98.8594,29.7929,-235.186,98.8594,29.7929,-235.186,0.104886
760,760,0A,0.318299,-0.580472,0.198007,-0.722864,98.9534,30.0223,-234.871,98.9534,30.0223,-234.871,0.114161
768,768,0A,0.314413,-0.584987,0.20128,-0.720015,98.8049,30.1317,-234.665,98.8049,30.1317,-234.665,0.107801
776,776,0A,0.312984,-0.587595,0.205588,-0.717292,98.9152,30.2746,-234.458,98.9152,30.2746,-234.458,0.115906
784,784,0A,0.312366,-0.589935,0.209593,-0.714475,98.841,30.3392,-234.228,98.841,30.3392,-234.228,0.11402
792,792,0A,0.31241,-0.591698,0.212946,-0.712003,98.9155,30.4552,-234.161,98.9155,30.4552,-234.161,0.117072
800,800,0A,0.31223,-0.593282,0.214412,-0.710321,98.8454,30.3586,-233.969,98.8454,30.3586,-233.969,0.113289
808,808,0A,0.312812,-0.593726,0.21513,-0.709477,98.88,30.3291,-234.019,98.88,30.3291,-234.019,0.107139
816,816,0A,0.314377,-0.593542,0.215292,-0.708889,98.7746,30.4097,-233.978,98.7746,30.4097,-233.978,0.108486
824,824,0A,0.314818,-0.593158,0.215099,-0.709074,98.8525,30.3514,-234.076,98.8525,30.3514,-234.076,0.1025
832,832,0A,0.315104,-0.592918,0.215033,-0.709167,98.8656,30.2536,-234.106,98.8656,30.2536,-234.106,0.104752
840,840,0A,0.316401,-0.592295,0.215112,-0.709087,98.8297,30.1769,-234.051,98.8297,30.1769,-234.051,0.108147
848,848,0A,0.31849,-0.591642,0.215281,-0.708645,98.7167,30.2345,-234.086,98.7167,30.2345,-234.086,0.112245
856,856,0A,0.319543,-0.591608,0.215243,-0.708212,98.7792,30.1849,-234.173,98.7792,30.1849,-234.173,0.108098
864,864,0A,0.320795,-0.592265,0.215409,-0.707045,98.825,30.2894,-234.076,98.825,30.2894,-234.076,0.116907
872,872,0A,0.321086,-0.593736,0.214908,-0.70583,98.8494,30.1651,-233.972,98.8494,30.1651,-233.972,0.112555
880,880,0A,0.321749,-0.595794,0.213496,-0.704221,98.7999,30.1274,-233.901,98.7999,30.1274,-233.901,0.104023
888,888,0A,0.323018,-0.597905,0.211771,-0.702369,98.8784,30.0426,-233.855,98.8784,30.0426,-233.855,0.108452
896,896,0A,0.326216,-0.599596,0.210781,-0.699742,98.8718,30.0738,-233.732,98.8718,30.0738,-233.732,0.113835
904,904,0A,0.328574,-0.60139,0.209573,-0.697459,98.8857,29.8138,-233.68,98.8857,29.8138,-233.68,0.111163
912,912,0A,0.331962,-0.603149,0.208869,-0.69454,98.8833,29.811,-233.602,98.8833,29.811,-233.602,0.116106
920,920,0A,0.334138,-0.60538,0.207547,-0.691947,98.9289,29.6564,-233.482,98.9289,29.6564,-233.482,0.111018
928,928,0A,0.336497,-0.608073,0.2043,-0.689405,98.9209,29.5987,-233.451,98.9209,29.5987,-233.451,0.106143
936,936,0A,0.336773,-0.612365,0.196008,-0.687876,98.9687,29.2664,-233.381,98.9687,29.2664,-233.381,0.110784
944,944,0A,0.337644,-0.61675,0.185489,-0.686448,99.1086,29.3911,-233.227,99.1086,29.3911,-233.227,0.121666
952,952,0A,0.337331,-0.621342,0.174713,-0.685286,99.0252,28.8204,-233.292,99.0252,28.8204,-233.292,0.120746
960,960,0A,0.343119,-0.623516,0.16931,-0.681785,99.1494,28.9363,-233.169,99.1494,28.9363,-233.169,0.122312
968,968,0A,0.346699,-0.627062,0.163916,-0.67803,99.1878,28.5304,-233.055,99.1878,28.5304,-233.055,0.115434
976,976,0A,0.352574,-0.630611,0.15977,-0.672677,99.2903,28.4495,-232.874,99.2903,28.4495,-232.874,0.1336
984,984,0A,0.357403,-0.634942,0.15519,-0.667105,99.3238,28.0316,-232.646,99.3238,28.0316,-232.646,0.1236
992,992,0A,0.364718,-0.638594,0.151299,-0.660521,99.4936,27.9236,-232.423,99.4936,27.9236,-232.423,0.130381
1000,1000,0A,0.371132,-0.642475,0.146816,-0.654165,99.5272,27.4282,-232.212,99.5272,27.4282,-232.212,0.127028
1008,1008,0A,0.379142,-0.645227,0.142429,-0.647803,99.6417,27.2503,-232.092,99.6417,27.2503,-232.092,0.136856
1016,1016,0A,0.386833,-0.647845,0.138717,-0.641416,99.6366,26.7707,-232.012,99.6366,26.7707,-232.012,0.126005
1024,1024,0A,0.393871,-0.65062,0.134354,-0.635223,99.7928,26.6809,-231.815,99.7928,26.6809,-231.815,0.132905
1032,1032,0A,0.397351,-0.654873,0.128808,-0.629812,99.8962,26.1526,-231.568,99.8962,26.1526,-231.568,0.134759
1040,1040,0A,0.402532,-0.657832,0.125853,-0.624008,100.031,26.0583,-231.425,100.031,26.0583,-231.425,0.133546
1048,1048,0A,0.407027,-0.660779,0.124084,-0.618307,100.08,25.7474,-231.234,100.08,25.7474,-231.234,0.133521
1056,1056,0A,0.410676,-0.663634,0.122784,-0.613074,100.21,25.7768,-231.062,100.21,25.7768,-231.062,0.140389
1064,1064,0A,0.411271,-0.667551,0.121173,-0.608727,100.181,25.4498,-230.828,100.181,25.4498,-230.828,0.127669
1072,1072,0A,0.411867,-0.671061,0.119303,-0.604822,100.355,25.5065,-230.614,100.355,25.5065,-230.614,0.13771
1080,1080,0A,0.410027,-0.675213,0.115408,-0.602202,100.323,25.2292,-230.413,100.323,25.2292,-230.413,0.134197
1088,1088,0A,0.410608,-0.677186,0.113068,-0.60003,100.392,25.179,-230.319,100.392,25.179,-230.319,0.132399
1096,1096,0A,0.411233,-0.678344,0.111091,-0.598662,100.39,25.0492,-230.306,100.39,25.0492,-230.306,0.132426
1104,1104,0A,0.41276,-0.678826,0.109418,-0.597371,100.526,25.064,-230.265,100.526,25.064,-230.265,0.140927
1112,1112,0A,0.413855,-0.67914,0.108007,-0.596513,100.508,24.9041,-230.174,100.508,24.9041,-230.174,0.128638
1120,1120,0A,0.415705,-0.678554,0.107311,-0.596019,100.502,24.9218,-230.303,100.502,24.9218,-230.303,0.134077
1128,1128,0A,0.416689,-0.677989,0.105666,-0.596269,100.487,24.8136,-230.335,100.487,24.8136,-230.335,0.13437
1136,1136,0A,0.418311,-0.677224,0.103766,-0.596335,100.586,24.8309,-230.331,100.586,24.8309,-230.331,0.137912
1144,1144,0A,0.419335,-0.67683,0.102058,-0.596358,100.435,24.6251,-230.368,100.435,24.6251,-230.368,0.130804
1152,1152,0A,0.422016,-0.675467,0.102079,-0.596009,100.562,24.7418,-230.538,100.562,24.7418,-230.538,0.130974
1160,1160,0A,0.422461,-0.675318,0.101562,-0.595951,100.513,24.6812,-230.532,100.513,24.6812,-230.532,0.130132
1168,1168,0A,0.422851,-0.675396,0.102409,-0.59544,100.53,24.6898,-230.514,100.53,24.6898,-230.514,0.13277
1176,1176,0A,0.421911,-0.675875,0.103733,-0.595335,100.457,24.6335,-230.486,100.457,24.6335,-230.486,0.126733
1184,1184,0A,0.420649,-0.675686,0.104517,-0.596305,100.597,24.8423,-230.436,100.597,24.8423,-230.436,0.135492
1192,1192,0A,0.418397,-0.675647,0.105089,-0.597831,100.403,24.7561,-230.426,100.403,24.7561,-230.426,0.138052
1200,1200,0A,0.418151,-0.673722,0.107349,-0.599771,100.54,25.0115,-230.526,100.54,25.0115,-230.526,0.135145
1208,1208,0A,0.415279,-0.672046,0.108134,-0.603494,100.362,24.9671,-230.612,100.362,24.9671,-230.612,0.128946
1216,1216,0A,0.414346,-0.669072,0.111093,-0.606892,100.352,25.2399,-230.801,100.352,25.2399,-230.801,0.13153
1224,1224,0A,0.410851,-0.666501,0.112389,-0.611839,100.232,25.3373,-230.967,100.232,25.3373,-230.967,0.135863
1232,1232,0A,0.408712,-0.662873,0.115165,-0.616677,100.225,25.5925,-231.256,100.225,25.5925,-231.256,0.139471
1240,1240,0A,0.405847,-0.65966,0.117565,-0.621543,100.014,25.7075,-231.403,100.014,25.7075,-231.403,0.137837
1248,1248,0A,0.40221,-0.656234,0.119184,-0.6272,100.038,25.9707,-231.618,100.038,25.9707,-231.618,0.134502
1256,1256,0A,0.397412,-0.653217,0.120334,-0.63316,99.8932,26.1582,-231.767,99.8932,26.1582,-231.767,0.133601
1264,1264,0A,0.392784,-0.649774,0.122297,-0.639186,99.8369,26.3973,-232.052,99.8369,26.3973,-232.052,0.135158
1272,1272,0A,0.387672,-0.646544,0.124239,-0.64518,99.6879,26.625,-232.237,99.6879,26.625,-232.237,0.129921
1280,1280,0A,0.382678,-0.6432,0.126594,-0.651019,99.7852,26.9514,-232.375,99.7852,26.9514,-232.375,0.123143
1288,1288,0A,0.3759,-0.640657,0.128066,-0.657159,99.5414,27.1153,-232.568,99.5414,27.1153,-232.568,0.126716
1296,1296,0A,0.369726,-0.637301,0.130031,-0.663507,99.5793,27.4153,-232.768,99.5793,27.4153,-232.768,0.128838
1304,1304,0A,0.362329,-0.633908,0.132547,-0.670305,99.4701,27.6642,-232.901,99.4701,27.6642,-232.901,0.124691
1312,1312,0A,0.354997,-0.629881,0.136934,-0.677109,99.4832,27.9775,-233.253,99.4832,27.9775,-233.253,0.125794
1320,1320,0A,0.345606,-0.626074,0.140548,-0.684715,99.2235,28.1435,-233.389,99.2235,28.1435,-233.389,0.120772
1328,1328,0A,0.336304,-0.621455,0.142989,-0.692999,99.3006,28.6087,-233.57,99.3006,28.6087,-233.57,0.124078
1336,1336,0A,0.325701,-0.617613,0.143242,-0.701395,99.1199,28.8771,-233.88,99.1199,28.8771,-233.88,0.121294
1344,1344,0A,0.315773,-0.612992,0.143968,-0.70979,99.1542,29.2945,-234.228,99.1542,29.2945,-234.228,0.114596
1352,1352,0A,0.305776,-0.609024,0.145725,-0.717186,99.0635,29.5805,-234.494,99.0635,29.5805,-234.494,0.11166
1360,1360,0A,0.29662,-0.605716,0.148815,-0.723173,99.0772,29.6715,-234.597,99.0772,29.6715,-234.597,0.107547
1368,1368,0A,0.289561,-0.602664,0.154915,-0.727292,98.9021,29.9047,-234.792,98.9021,29.9047,-234.792,0.104724
1376,1376,0A,0.284649,-0.599214,0.161435,-0.730655,98.9834,30.1677,-234.809,98.9834,30.1677,-234.809,0.0994019
1384,1384,0A,0.278712,-0.59723,0.162902,-0.734234,98.8886,30.2533,-234.824,98.8886,30.2533,-234.824,0.109707
1392,1392,0A,0.274426,-0.595015,0.163232,-0.737565,98.9236,30.3894,-235.053,98.9236,30.3894,-235.053,0.098776
1400,1400,0A,0.27381,-0.592567,0.163913,-0.739611,98.9126,30.5055,-235.14,98.9126,30.5055,-235.14,0.0930022
1408,1408,0A,0.274062,-0.590871,0.163382,-0.740991,98.8942,30.4279,-235.274,98.8942,30.4279,-235.274,0.0953154
1416,1416,0A,0.275716,-0.590189,0.162683,-0.741075,98.8942,30.5657,-235.34,98.8942,30.5657,-235.34,0.101239
1424,1424,0A,0.276921,-0.590661,0.162049,-0.740388,98.9415,30.3727,-235.244,98.9415,30.3727,-235.244,0.104165
1432,1432,0A,0.279507,-0.591648,0.16202,-0.738633,98.9321,30.374,-235.255,98.9321,30.374,-235.255,0.107464
1440,1440,0A,0.281784,-0.59293,0.162083,-0.736723,98.9744,30.3159,-235.121,98.9744,30.3159,-235.121,0.105293
1448,1448,0A,0.283616,-0.59454,0.161806,-0.734781,98.938,30.2982,-235.03,98.938,30.2982,-235.03,0.105468
1456,1456,0A,0.283871,-0.595886,0.160664,-0.733842,98.972,30.115,-234.95,98.972,30.115,-234.95,0.100419
1464,1464,0A,0.284717,-0.596511,0.160299,-0.733086,98.9508,30.2341,-234.935,98.9508,30.2341,-234.935,0.111141
1472,1472,0A,0.28525,-0.596572,0.161028,-0.732669,98.9743,30.1642,-234.9,98.9743,30.1642,-234.9,0.109952
1480,1480,0A,0.284818,-0.596297,0.161699,-0.732914,98.8971,30.1042,-234.919,98.8971,30.1042,-234.919,0.112109
1488,1488,0A,0.283424,-0.594977,0.162268,-0.7344,98.9121,30.2406,-235.047,98.9121,30.2406,-235.047,0.0993389
1496,1496,0A,0.283237,-0.592567,0.16342,-0.736162,98.8632,30.3307,-235.124,98.8632,30.3307,-235.124,0.104612
1504,1504,0A,0.282343,-0.589571,0.164904,-0.738576,98.8803,30.2401,-235.216,98.8803,30.2401,-235.216,0.106023
1512,1512,0A,0.281803,-0.585988,0.168092,-0.740912,98.9113,30.5111,-235.391,98.9113,30.5111,-235.391,0.101385
1520,1520,0A,0.280821,-0.582769,0.173643,-0.742542,98.8498,30.4351,-235.493,98.8498,30.4351,-235.493,0.101646
1528,1528,0A,0.279973,-0.579781,0.180485,-0.743569,98.8821,30.6323,-235.491,98.8821,30.6323,-235.491,0.110106
1536,1536,0A,0.276236,-0.578155,0.184919,-0.745141,98.8307,30.7234,-235.486,98.8307,30.7234,-235.486,0.10158
1544,1544,0A,0.274098,-0.575275,0.189521,-0.747001,98.9285,30.7954,-235.481,98.9285,30.7954,-235.481,0.110333
1552,1552,0A,0.273174,-0.570673,0.194533,-0.749577,98.8475,30.8452,-235.625,98.8475,30.8452,-235.625,0.112057
1560,1560,0A,0.272942,-0.564742,0.199913,-0.752731,98.9034,31.1331,-235.871,98.9034,31.1331,-235.871,0.106976
1568,1568,0A,0.269363,-0.560066,0.20329,-0.756599,98.8732,31.2545,-236.026,98.8732,31.2545,-236.026,0.100386
1576,1576,0A,0.262833,-0.556631,0.204366,-0.761128,98.8717,31.324,-236.143,98.8717,31.324,-236.143,0.0983461
1584,1584,0A,0.254811,-0.554135,0.203639,-0.765857,98.8285,31.3066,-236.289,98.8285,31.3066,-236.289,0.0909902
1592,1592,0A,0.24869,-0.55143,0.202939,-0.769996,98.9224,31.5114,-236.453,98.9224,31.5114,-236.453,0.102748
1600,1600,0A,0.244529,-0.547872,0.204653,-0.773408,99.0082,31.6348,-236.533,99.0082,31.6348,-236.533,0.106458
1608,1608,0A,0.243834,-0.542485,0.210115,-0.775956,99.0187,31.7606,-236.626,99.0187,31.7606,-236.626,0.114502
1616,1616,0A,0.244525,-0.535932,0.217009,-0.77839,99.0134,31.9784,-236.827,99.0134,31.9784,-236.827,0.102767
1624,1624,0A,0.242601,-0.53071,0.220552,-0.781568,99.0676,31.9614,-236.979,99.0676,31.9614,-236.979,0.112061
1632,1632,0A,0.238438,-0.527362,0.222516,-0.784553,99.0342,32.023,-237.121,99.0342,32.023,-237.121,0.120815
1640,1640,0A,0.232653,-0.524949,0.223083,-0.78774,99.1777,32.2928,-237.204,99.1777,32.2928,-237.204,0.114819
1648,1648,0A,0.225051,-0.523316,0.22191,-0.791359,99.1406,32.2119,-237.201,99.1406,32.2119,-237.201,0.11439
1656,1656,0A,0.219702,-0.521244,0.222122,-0.794165,99.2395,32.541,-237.391,99.2395,32.541,-237.391,0.0934913
1664,1664,0A,0.212306,-0.52042,0.219604,-0.79741,99.1968,32.3774,-237.436,99.1968,32.3774,-237.436,0.0977964
1672,1672,0A,0.20787,-0.518373,0.219127,-0.800039,99.3563,32.644,-237.572,99.3563,32.644,-237.572,0.100238
1680,1680,0A,0.203942,-0.516422,0.218868,-0.80238,99.2739,32.5684,-237.611,99.2739,32.5684,-237.611,0.0995837
1688,1688,0A,0.201896,-0.513906,0.219657,-0.804295,99.4153,32.6441,-237.725,99.4153,32.6441,-237.725,0.115821
1696,1696,0A,0.201292,-0.510994,0.223184,-0.80533,99.3201,32.8419,-237.738,99.3201,32.8419,-237.738,0.104477
1704,1704,0A,0.198643,-0.509585,0.223863,-0.806691,99.3845,32.7745,-237.793,99.3845,32.7745,-237.793,0.104881
1712,1712,0A,0.197398,-0.507915,0.225603,-0.807564,99.4261,32.7703,-237.777,99.4261,32.7703,-237.777,0.0808563
1720,1720,0A,0.197538,-0.505705,0.227747,-0.808315,99.5524,32.9518,-237.858,99.5524,32.9518,-237.858,0.100514
1728,1728,0A,0.196555,-0.504938,0.227145,-0.809203,99.4268,32.8295,-237.816,99.4268,32.8295,-237.816,0.0961154
1736,1736,0A,0.19692,-0.50435,0.226562,-0.809644,99.4295,32.9666,-238.041,99.4295,32.9666,-238.041,0.0992838
1744,1744,0A,0.19632,-0.504499,0.22599,-0.809857,99.4773,32.9915,-238.019,99.4773,32.9915,-238.019,0.106011
1752,1752,0A,0.196114,-0.505283,0.226265,-0.809341,99.5312,32.8974,-237.949,99.5312,32.8974,-237.949,0.102894
1760,1760,0A,0.195704,-0.506811,0.226323,-0.808468,99.3957,32.848,-237.855,99.3957,32.848,-237.855,0.0997198
1768,1768,0A,0.195986,-0.507986,0.226067,-0.807734,99.4534,32.8347,-237.821,99.4534,32.8347,-237.821,0.103597
1776,1776,0A,0.196408,-0.509397,0.2252,-0.806984,99.3704,32.8169,-237.788,99.3704,32.8169,-237.788,0.0963541
1784,1784,0A,0.197447,-0.510438,0.223747,-0.806477,99.4318,32.7556,-237.745,99.4318,32.7556,-237.745,0.104435
1792,1792,0A,0.200057,-0.511544,0.223354,-0.805241,99.3065,32.7963,-237.803,99.3065,32.7963,-237.803,0.0941777
1800,1800,0A,0.202326,-0.51292,0.221855,-0.804213,99.3776,32.6478,-237.74,99.3776,32.6478,-237.74,0.101402
1808,1808,0A,0.20521,-0.514765,0.221457,-0.802411,99.2855,32.7126,-237.747,99.2855,32.7126,-237.747,0.084572
1816,1816,0A,0.203824,-0.519386,0.217139,-0.800965,99.3519,32.6372,-237.629,99.3519,32.6372,-237.629,0.108671
1824,1824,0A,0.198895,-0.527008,0.210442,-0.799011,99.2745,32.5885,-237.476,99.2745,32.5885,-237.476,0.100969
1832,1832,0A,0.19643,-0.534288,0.205357,-0.796103,99.2085,32.4861,-237.258,99.2085,32.4861,-237.258,0.0924267
1840,1840,0A,0.196209,-0.541721,0.201351,-0.792148,99.0999,32.5063,-237.07,99.0999,32.5063,-237.07,0.0916984
1848,1848,0A,0.19477,-0.549843,0.195712,-0.788312,99.1693,32.314,-236.796,99.1693,32.314,-236.796,0.0991854
1856,1856,0A,0.194029,-0.557918,0.18928,-0.784381,99.0691,32.189,-236.559,99.0691,32.189,-236.559,0.0963574
1864,1864,0A,0.193809,-0.565415,0.182041,-0.780772,99.0139,31.9808,-236.422,99.0139,31.9808,-236.422,0.0967424
1872,1872,0A,0.197009,-0.571817,0.176114,-0.776657,99.051,31.911,-236.167,99.051,31.911,-236.167,0.0990139
1880,1880,0A,0.20457,-0.576906,0.173437,-0.771525,99.0439,31.8684,-236.041,99.0439,31.8684,-236.041,0.102461
1888,1888,0A,0.211068,-0.58227,0.169417,-0.766623,98.946,31.5712,-235.768,98.946,31.5712,-235.768,0.0913469
1896,1896,0A,0.219699,-0.586616,0.165394,-0.761747,99.0193,31.4314,-235.582,99.0193,31.4314,-235.582,0.0942765
1904,1904,0A,0.229549,-0.590221,0.16151,-0.756876,98.8952,31.135,-235.406,98.8952,31.135,-235.406,0.0916909
1912,1912,0A,0.243721,-0.591866,0.160341,-0.751389,98.8997,30.8221,-235.328,98.8997,30.8221,-235.328,0.0961237
1920,1920,0A,0.259003,-0.592984,0.160218,-0.745398,98.9681,30.6852,-235.22,98.9681,30.6852,-235.22,0.100762
1928,1928,0A,0.26897,-0.596158,0.15621,-0.740169,98.9458,30.3849,-235.171,98.9458,30.3849,-235.171,0.0920088
1936,1936,0A,0.275492,-0.600672,0.149446,-0.735502,98.933,30.213,-235.053,98.933,30.213,-235.053,0.0930402
1944,1944,0A,0.281594,-0.605325,0.143804,-0.730484,98.9587,29.8552,-234.827,98.9587,29.8552,-234.827,0.108836
1952,1952,0A,0.287678,-0.609849,0.141172,-0.724843,98.9386,29.7041,-234.529,98.9386,29.7041,-234.529,0.114153
1960,1960,0A,0.293037,-0.613661,0.141766,-0.719341,99.0608,29.5319,-234.25,99.0608,29.5319,-234.25,0.11754
1968,1968,0A,0.300142,-0.616257,0.146366,-0.713245,99.0668,29.5874,-234.064,99.0668,29.5874,-234.064,0.121865
1976,1976,0A,0.307518,-0.618195,0.150088,-0.70763,99.0954,29.3201,-233.774,99.0954,29.3201,-233.774,0.122279
1984,1984,0A,0.312751,-0.619367,0.15163,-0.703974,99.0787,29.2372,-233.705,99.0787,29.2372,-233.705,0.118157
1992,1992,0A,0.316518,-0.619419,0.151369,-0.702299,99.0955,29.1859,-233.702,99.0955,29.1859,-233.702,0.115855
2000,2000,0A,0.317609,-0.618683,0.150627,-0.702615,99.0982,29.2473,-233.819,99.0982,29.2473,-233.819,0.11397
2008,2008,0A,0.318044,-0.617355,0.150808,-0.703547,99.0877,29.1532,-233.918,99.0877,29.1532,-233.918,0.118432
2016,2016,0A,0.318412,-0.61525,0.152068,-0.704952,99.0818,29.2238,-234.016,99.0818,29.2238,-234.016,0.118241
2024,2024,0A,0.319369,-0.613152,0.154209,-0.705881,99.0678,29.2083,-234.122,99.0678,29.2083,-234.122,0.113911
2032,2032,0A,0.31825,-0.611852,0.155188,-0.707298,99.0142,29.2479,-234.214,99.0142,29.2479,-234.214,0.112781
2040,2040,0A,0.31731,-0.611023,0.156125,-0.70823,99.0235,29.3221,-234.222,99.0235,29.3221,-234.222,0.110069
2048,2048,0A,0.315997,-0.610581,0.156491,-0.709117,99.068,29.3676,-234.162,99.068,29.3676,-234.162,0.111977
2056,2056,0A,0.315419,-0.610204,0.157002,-0.709586,99.0336,29.2712,-234.204,99.0336,29.2712,-234.204,0.108362
2064,2064,0A,0.316236,-0.60937,0.158873,-0.709523,99.018,29.5087,-234.322,99.018,29.5087,-234.322,0.118212
2072,2072,0A,0.315688,-0.609364,0.159496,-0.709632,98.9603,29.295,-234.212,98.9603,29.295,-234.212,0.111548
2080,2080,0A,0.315276,-0.609143,0.160421,-0.709797,99.028,29.4485,-234.235,99.028,29.4485,-234.235,0.111967
2088,2088,0A,0.314572,-0.609194,0.161405,-0.709842,98.961,29.4526,-234.177,98.961,29.4526,-234.177,0.107305
2096,2096,0A,0.313969,-0.609079,0.163111,-0.709817,99.0346,29.6312,-234.146,99.0346,29.6312,-234.146,0.115532
2104,2104,0A,0.310742,-0.610115,0.164261,-0.710083,98.9432,29.5055,-234.144,98.9432,29.5055,-234.144,0.109983
2112,2112,0A,0.308086,-0.610873,0.167151,-0.709914,98.9999,29.7626,-234.123,98.9999,29.7626,-234.123,0.114368
2120,2120,0A,0.30555,-0.612032,0.169911,-0.709356,98.9122,29.514,-233.927,98.9122,29.514,-233.927,0.107917
2128,2128,0A,0.305315,-0.61251,0.174644,-0.707894,98.9716,29.8858,-233.948,98.9716,29.8858,-233.948,0.110054
2136,2136,0A,0.303414,-0.614832,0.178532,-0.705726,98.9037,29.9272,-233.768,98.9037,29.9272,-233.768,0.110357
2144,2144,0A,0.299916,-0.618188,0.180185,-0.703866,99.0144,30.0148,-233.442,99.0144,30.0148,-233.442,0.116141
2152,2152,0A,0.298263,-0.621035,0.181018,-0.701846,98.9849,29.9944,-233.191,98.9849,29.9944,-233.191,0.121431
2160,2160,0A,0.298946,-0.622515,0.182419,-0.699879,98.9695,30.0919,-233.248,98.9695,30.0919,-233.248,0.111461
2168,2168,0A,0.29986,-0.624339,0.18377,-0.697505,98.8322,29.9082,-233.095,98.8322,29.9082,-233.095,0.109813
2176,2176,0A,0.300683,-0.627143,0.186817,-0.693816,98.8718,30.0805,-233.089,98.8718,30.0805,-233.089,0.116696
2184,2184,0A,0.298829,-0.632044,0.191295,-0.688932,98.9167,30.2176,-232.669,98.9167,30.2176,-232.669,0.118825
2192,2192,0A,0.295242,-0.638666,0.19622,-0.682961,99.012,30.3975,-232.14,99.012,30.3975,-232.14,0.123185
2200,2200,0A,0.29081,-0.646384,0.200193,-0.676417,99.041,30.3413,-231.513,99.041,30.3413,-231.513,0.125695
2208,2208,0A,0.288381,-0.652966,0.203799,-0.670028,99.0726,30.4582,-231.138,99.0726,30.4582,-231.138,0.131179
2216,2216,0A,0.287405,-0.658645,0.206143,-0.664147,99.0729,30.3157,-230.734,99.0729,30.3157,-230.734,0.12833
2224,2224,0A,0.287593,-0.663608,0.207356,-0.658725,99.2002,30.4007,-230.471,99.2002,30.4007,-230.471,0.132298
2232,2232,0A,0.287753,-0.668732,0.206294,-0.653787,99.1727,30.1264,-230.012,99.1727,30.1264,-230.012,0.13735
2240,2240,0A,0.289734,-0.672395,0.202982,-0.650183,99.2582,30.0923,-229.87,99.2582,30.0923,-229.87,0.139836
2248,2248,0A,0.295085,-0.67391,0.19767,-0.647841,99.2738,29.7961,-229.756,99.2738,29.7961,-229.756,0.136606
2256,2256,0A,0.305935,-0.672101,0.19223,-0.646322,99.2724,29.3928,-230.075,99.2724,29.3928,-230.075,0.131828
2264,2264,0A,0.32046,-0.668169,0.186527,-0.64503,99.2099,29.0455,-230.465,99.2099,29.0455,-230.465,0.122204
2272,2272,0A,0.334801,-0.663656,0.178956,-0.64455,99.4241,28.9006,-230.765,99.4241,28.9006,-230.765,0.135176
2280,2280,0A,0.346922,-0.659954,0.171336,-0.644011,99.4183,28.4398,-231.041,99.4183,28.4398,-231.041,0.13838
2288,2288,0A,0.357868,-0.656011,0.164942,-0.64372,99.5173,28.0372,-231.341,99.5173,28.0372,-231.341,0.134282
2296,2296,0A,0.366994,-0.652828,0.158434,-0.643451,99.5075,27.6747,-231.564,99.5075,27.6747,-231.564,0.130681
2304,2304,0A,0.372973,-0.650672,0.149233,-0.644396,99.5959,27.4062,-231.792,99.5959,27.4062,-231.792,0.132486
2312,2312,0A,0.377303,-0.648115,0.138734,-0.646794,99.6476,27.1183,-231.866,99.6476,27.1183,-231.866,0.133889
2320,2320,0A,0.382412,-0.642469,0.130878,-0.651049,99.7068,26.8684,-232.259,99.7068,26.8684,-232.259,0.1263
2328,2328,0A,0.388257,-0.634422,0.126555,-0.656315,99.5837,26.8109,-232.891,99.5837,26.8109,-232.891,0.1229
2336,2336,0A,0.392885,-0.62553,0.123592,-0.662631,99.7379,26.7921,-233.353,99.7379,26.7921,-233.353,0.124519
2344,2344,0A,0.393564,-0.61707,0.118903,-0.670965,99.6146,26.6916,-233.773,99.6146,26.6916,-233.773,0.116817
2352,2352,0A,0.39449,-0.607593,0.113989,-0.679864,99.6526,26.6939,-234.435,99.6526,26.6939,-234.435,0.113902
2360,2360,0A,0.396846,-0.597336,0.110255,-0.688148,99.6274,26.7808,-235,99.6274,26.7808,-235,0.114087
2368,2368,0A,0.398802,-0.587765,0.107572,-0.695642,99.636,26.7575,-235.56,99.636,26.7575,-235.56,0.10837
2376,2376,0A,0.39906,-0.580032,0.106098,-0.702181,99.557,26.8201,-235.941,99.557,26.8201,-235.941,0.1083
2384,2384,0A,0.396648,-0.574207,0.105306,-0.708427,99.6333,26.839,-236.232,99.6333,26.839,-236.232,0.101719
2392,2392,0A,0.392527,-0.569192,0.105677,-0.714685,99.5944,27.0337,-236.451,99.5944,27.0337,-236.451,0.0947605
2400,2400,0A,0.387682,-0.5638,0.10596,-0.72153,99.5557,27.1082,-236.647,99.5557,27.1082,-236.647,0.0897486
2408,2408,0A,0.384188,-0.557805,0.107278,-0.727836,99.5204,27.4577,-236.944,99.5204,27.4577,-236.944,0.0942054
2416,2416,0A,0.379708,-0.552745,0.10791,-0.733928,99.5531,27.4882,-237.281,99.5531,27.4882,-237.281,0.0929538
2424,2424,0A,0.376209,-0.548019,0.109882,-0.738964,99.575,27.818,-237.462,99.575,27.818,-237.462,0.0913125
2432,2432,0A,0.372673,-0.544281,0.110684,-0.743386,99.5082,27.8187,-237.561,99.5082,27.8187,-237.561,0.0942755
2440,2440,0A,0.369283,-0.540362,0.112726,-0.747618,99.4364,28.0665,-237.804,99.4364,28.0665,-237.804,0.0914083
2448,2448,0A,0.364883,-0.537577,0.114941,-0.751438,99.4129,28.0447,-237.891,99.4129,28.0447,-237.891,0.094163
2456,2456,0A,0.359949,-0.535474,0.1189,-0.754697,99.3906,28.4518,-237.986,99.3906,28.4518,-237.986,0.0961205
2464,2464,0A,0.352119,-0.53469,0.121926,-0.758454,99.4537,28.5554,-238.057,99.4537,28.5554,-238.057,0.0808895
2472,2472,0A,0.343712,-0.534239,0.124996,-0.76212,99.4411,28.9364,-238.018,99.4411,28.9364,-238.018,0.0917711
2480,2480,0A,0.333722,-0.535031,0.12688,-0.765685,99.3654,29.0169,-237.932,99.3654,29.0169,-237.932,0.0902474
2488,2488,0A,0.324869,-0.535965,0.13091,-0.768157,99.3168,29.4328,-237.972,99.3168,29.4328,-237.972,0.0891856
2496,2496,0A,0.315156,-0.538159,0.13372,-0.770183,99.224,29.4336,-237.811,99.224,29.4336,-237.811,0.0983484
2504,2504,0A,0.305969,-0.540361,0.138142,-0.771563,99.2089,29.946,-237.755,99.2089,29.946,-237.755,0.0903824
2512,2512,0A,0.295811,-0.543631,0.142355,-0.772461,99.172,30.0335,-237.515,99.172,30.0335,-237.515,0.0921662
2520,2520,0A,0.287089,-0.546549,0.150107,-0.772226,99.1297,30.4664,-237.388,99.1297,30.4664,-237.388,0.0978377
2528,2528,0A,0.276497,-0.550272,0.156813,-0.772114,99.0267,30.4722,-237.117,99.0267,30.4722,-237.117,0.0953154
2536,2536,0A,0.268281,-0.552998,0.165549,-0.771241,99.0538,31.006,-236.939,99.0538,31.006,-236.939,0.0909985
2544,2544,0A,0.258749,-0.556271,0.171752,-0.770788,98.9158,30.9037,-236.67,98.9158,30.9037,-236.67,0.0919037
2552,2552,0A,0.25211,-0.558669,0.177927,-0.769851,99.0102,31.4693,-236.566,99.0102,31.4693,-236.566,0.0941858
2560,2560,0A,0.244482,-0.562442,0.181074,-0.76883,98.8221,31.3138,-236.295,98.8221,31.3138,-236.295,0.0973145
2568,2568,0A,0.239055,-0.566471,0.186248,-0.766339,98.8507,31.7765,-236.204,98.8507,31.7765,-236.204,0.0944085
2576,2576,0A,0.230657,-0.573496,0.19089,-0.762536,98.7897,31.8087,-235.766,98.7897,31.8087,-235.766,0.104395
2584,2584,0A,0.221595,-0.582613,0.195491,-0.757128,98.8765,32.1314,-235.281,98.8765,32.1314,-235.281,0.105962
2592,2592,0A,0.212201,-0.5931,0.198733,-0.750805,98.8437,31.9471,-234.617,98.8437,31.9471,-234.617,0.111508
2600,2600,0A,0.205469,-0.60418,0.204464,-0.742256,98.7647,32.4817,-234.273,98.7647,32.4817,-234.273,0.098538
2608,2608,0A,0.196139,-0.61793,0.207931,-0.732432,98.7716,32.2684,-233.292,98.7716,32.2684,-233.292,0.109097
2616,2616,0A,0.188059,-0.632526,0.211777,-0.720899,98.9517,32.6165,-232.576,98.9517,32.6165,-232.576,0.110617
2624,2624,0A,0.180887,-0.647091,0.214051,-0.709039,98.9915,32.503,-231.517,98.9915,32.503,-231.517,0.126641
2632,2632,0A,0.177354,-0.659772,0.215728,-0.697646,99.0661,32.5392,-230.963,99.0661,32.5392,-230.963,0.114199
2640,2640,0A,0.179056,-0.670381,0.218568,-0.686116,99.0648,32.4255,-230.118,99.0648,32.4255,-230.118,0.127119
2648,2648,0A,0.18121,-0.680841,0.218441,-0.675205,99.1824,32.4237,-229.545,99.1824,32.4237,-229.545,0.130031
2656,2656,0A,0.186041,-0.689985,0.218515,-0.6645,99.1686,32.3049,-228.997,99.1686,32.3049,-228.997,0.122464
2664,2664,0A,0.191735,-0.698351,0.215402,-0.655093,99.2728,32.0798,-228.472,99.2728,32.0798,-228.472,0.126202
2672,2672,0A,0.197994,-0.705989,0.210307,-0.646645,99.2854,31.7876,-228.085,99.2854,31.7876,-228.085,0.126605
2680,2680,0A,0.205419,-0.712325,0.203296,-0.639583,99.4028,31.5776,-227.858,99.4028,31.5776,-227.858,0.13224
2688,2688,0A,0.213758,-0.717591,0.194276,-0.633741,99.4356,31.207,-227.521,99.4356,31.207,-227.521,0.131658
2696,2696,0A,0.223975,-0.720644,0.182995,-0.630096,99.577,30.8704,-227.385,99.577,30.8704,-227.385,0.140712
2704,2704,0A,0.236719,-0.720868,0.171623,-0.628378,99.5263,30.4063,-227.57,99.5263,30.4063,-227.57,0.147082
2712,2712,0A,0.252518,-0.718039,0.16166,-0.628109,99.5014,29.9192,-227.872,99.5014,29.9192,-227.872,0.14941
2720,2720,0A,0.271109,-0.712917,0.155423,-0.627768,99.5239,29.5203,-228.198,99.5239,29.5203,-228.198,0.144488
2728,2728,0A,0.287923,-0.707137,0.149919,-0.628158,99.5578,29.0157,-228.619,99.5578,29.0157,-228.619,0.143309
2736,2736,0A,0.302864,-0.701314,0.144618,-0.628902,99.5925,28.6955,-228.922,99.5925,28.6955,-228.922,0.144748
2744,2744,0A,0.313682,-0.69563,0.137768,-0.631445,99.6349,28.2396,-229.351,99.6349,28.2396,-229.351,0.146613
2752,2752,0A,0.324058,-0.688769,0.134091,-0.634511,99.5768,28.0206,-229.887,99.5768,28.0206,-229.887,0.14516
2760,2760,0A,0.331723,-0.681622,0.132255,-0.638639,99.6765,27.927,-230.27,99.6765,27.927,-230.27,0.145342
2768,2768,0A,0.336026,-0.674876,0.129517,-0.644092,99.699,27.8523,-230.571,99.699,27.8523,-230.571,0.141401
2776,2776,0A,0.338799,-0.666548,0.125827,-0.651994,99.6131,27.6895,-231.115,99.6131,27.6895,-231.115,0.139679
2784,2784,0A,0.34258,-0.65579,0.123327,-0.661339,99.4711,27.6913,-231.956,99.4711,27.6913,-231.956,0.138362
2792,2792,0A,0.346049,-0.644076,0.121167,-0.671367,99.486,27.7422,-232.622,99.486,27.7422,-232.622,0.134495
2800,2800,0A,0.349236,-0.632753,0.119807,-0.680665,99.4185,27.8395,-233.243,99.4185,27.8395,-233.243,0.126903
2808,2808,0A,0.349026,-0.622508,0.117473,-0.690554,99.4104,27.8453,-233.868,99.4104,27.8453,-233.868,0.119719
2816,2816,0A,0.347637,-0.613898,0.116481,-0.699078,99.326,28.0976,-234.457,99.326,28.0976,-234.457,0.119237
2824,2824,0A,0.344358,-0.607724,0.117484,-0.705894,99.2881,28.1303,-234.743,99.2881,28.1303,-234.743,0.114429
2832,2832,0A,0.339437,-0.603192,0.120849,-0.711574,99.2897,28.395,-234.914,99.2897,28.395,-234.914,0.107936
2840,2840,0A,0.332997,-0.5997,0.124891,-0.716851,99.2252,28.5439,-234.994,99.2252,28.5439,-234.994,0.101579
2848,2848,0A,0.325612,-0.597712,0.127961,-0.721349,99.1407,28.8723,-235.249,99.1407,28.8723,-235.249,0.108061
2856,2856,0A,0.3179,-0.596664,0.129793,-0.725318,99.1273,29.0037,-235.179,99.1273,29.0037,-235.179,0.100977
2864,2864,0A,0.311094,-0.59618,0.132419,-0.728187,99.1308,29.3814,-235.275,99.1308,29.3814,-235.275,0.109022
2872,2872,0A,0.304624,-0.596503,0.134913,-0.730196,99.0973,29.3088,-235.121,99.0973,29.3088,-235.121,0.108691
2880,2880,0A,0.299823,-0.596852,0.138251,-0.731273,99.0988,29.6846,-235.178,99.0988,29.6846,-235.178,0.109277
2888,2888,0A,0.294934,-0.597342,0.140736,-0.732386,99.05,29.6473,-235.035,99.05,29.6473,-235.035,0.104051
2896,2896,0A,0.292661,-0.597429,0.143945,-0.732604,98.989,29.8668,-235.164,98.989,29.8668,-235.164,0.101141
2904,2904,0A,0.291451,-0.597865,0.146547,-0.732215,98.9824,29.859,-235.018,98.9824,29.859,-235.018,0.0986198
2912,2912,0A,0.290815,-0.599111,0.149989,-0.73075,99.0132,30.0546,-234.958,99.0132,30.0546,-234.958,0.102686
2920,2920,0A,0.289715,-0.60171,0.15226,-0.728579,98.9518,29.8648,-234.696,98.9518,29.8648,-234.696,0.102982
2928,2928,0A,0.289704,-0.604451,0.153939,-0.725957,99.0448,30.0695,-234.641,99.0448,30.0695,-234.641,0.107295
2936,2936,0A,0.28973,-0.607513,0.154144,-0.723342,98.9565,29.8683,-234.438,98.9565,29.8683,-234.438,0.109023
2944,2944,0A,0.291216,-0.610438,0.155585,-0.719967,98.897,30.0884,-234.402,98.897,30.0884,-234.402,0.107149
2952,2952,0A,0.290617,-0.614688,0.15684,-0.716311,98.9266,29.8328,-234.014,98.9266,29.8328,-234.014,0.11043
2960,2960,0A,0.287399,-0.620176,0.15912,-0.712365,98.9525,30.0671,-233.845,98.9525,30.0671,-233.845,0.116817
2968,2968,0A,0.282791,-0.625669,0.161903,-0.70877,99,29.9751,-233.298,99,29.9751,-233.298,0.119515
2976,2976,0A,0.279761,-0.62877,0.165121,-0.706482,99.0317,30.083,-233.081,99.0317,30.083,-233.081,0.121383
2984,2984,0A,0.278757,-0.628981,0.16649,-0.70637,98.9488,29.9432,-232.967,98.9488,29.9432,-232.967,0.117458
2992,2992,0A,0.2811,-0.626624,0.166734,-0.707478,98.972,30.1198,-233.293,98.972,30.1198,-233.293,0.117253
3000,3000,0A,0.284451,-0.623428,0.165317,-0.709292,98.9974,30.0869,-233.373,98.9974,30.0869,-233.373,0.118206
3008,3008,0A,0.288886,-0.620396,0.164502,-0.710347,98.9945,30.1648,-233.746,98.9945,30.1648,-233.746,0.119947
3016,3016,0A,0.291635,-0.618936,0.163662,-0.710692,98.9124,29.8716,-233.714,98.9124,29.8716,-233.714,0.118718
3024,3024,0A,0.293157,-0.618819,0.163289,-0.710252,98.8881,29.9408,-233.82,98.8881,29.9408,-233.82,0.114142
3032,3032,0A,0.292875,-0.619478,0.162698,-0.709931,98.9559,29.7239,-233.631,98.9559,29.7239,-233.631,0.117323
3040,3040,0A,0.291887,-0.619875,0.162885,-0.709948,99.0466,29.9197,-233.706,99.0466,29.9197,-233.706,0.112773
3048,3048,0A,0.29099,-0.619965,0.163783,-0.71003,98.9644,29.8178,-233.638,98.9644,29.8178,-233.638,0.109569
3056,3056,0A,0.291003,-0.619223,0.165423,-0.710293,99.0324,30.0623,-233.634,99.0324,30.0623,-233.634,0.121552
3064,3064,0A,0.290283,-0.618763,0.165761,-0.710909,98.956,29.9308,-233.636,98.956,29.9308,-233.636,0.11388
3072,3072,0A,0.290897,-0.61767,0.166284,-0.711486,98.9811,30.1054,-233.81,98.9811,30.1054,-233.81,0.113051
3080,3080,0A,0.291166,-0.616807,0.166006,-0.712189,98.9614,29.9548,-233.796,98.9614,29.9548,-233.796,0.109303
3088,3088,0A,0.292748,-0.615724,0.166412,-0.712383,98.9594,29.9894,-233.81,98.9594,29.9894,-233.81,0.117933
3096,3096,0A,0.293905,-0.615406,0.165462,-0.712403,98.9041,29.7798,-233.884,98.9041,29.7798,-233.884,0.1075
3104,3104,0A,0.296802,-0.614818,0.164939,-0.711831,99.0083,29.9881,-233.933,99.0083,29.9881,-233.933,0.108841
3112,3112,0A,0.298892,-0.615348,0.164019,-0.71071,98.9239,29.6855,-233.813,98.9239,29.6855,-233.813,0.120663
3120,3120,0A,0.299693,-0.616064,0.163167,-0.709948,99.0522,29.9708,-233.849,99.0522,29.9708,-233.849,0.116823
3128,3128,0A,0.298242,-0.617745,0.162336,-0.709289,98.9801,29.662,-233.734,98.9801,29.662,-233.734,0.114519
